============================================================================
Barrido de bag_size — cptac_brca / TP53_mutation
============================================================================
Inicio:   Sat Aug 22 17:39:29 CEST 2026
modelos:  ctranspath uni_v2 conch_v1_5
bag_size: 0 256 512 1024   (0 = bolsa completa, el baseline reentrenado)
salida:   results_bag_size_sweep_cptac_brca_TP53_mutation.json
============================================================================

############################################################
### bag_size=0   (tag: bagfull)
############################################################
[17:39:29] ctranspath / bagfull — entrenando 50 folds...
  latent_dim auto-detectado: 768  (de features_ctranspath_monai)

============================================================
ABMIL Training: ctranspath
  Dataset: cptac_brca/TP53_mutation
  Latent dim: 768, Num classes: 2
  Epochs: 100, Fold: all
============================================================

Cargando features de /home/JKP6679/Patho-Ensemble/PARADIS/datos/features/cptac_brca/features_ctranspath_monai...

Fold 0: train=75, val=15, test=22
Fold 0: ABMIL entrenado (val_auc=1.0000)
Cargando features de /home/JKP6679/Patho-Ensemble/PARADIS/datos/features/cptac_brca/features_ctranspath_monai...

Fold 1: train=76, val=13, test=23
Fold 1: ABMIL entrenado (val_auc=0.9792)
Cargando features de /home/JKP6679/Patho-Ensemble/PARADIS/datos/features/cptac_brca/features_ctranspath_monai...

Fold 2: train=76, val=16, test=20
Fold 2: ABMIL entrenado (val_auc=0.7143)
Cargando features de /home/JKP6679/Patho-Ensemble/PARADIS/datos/features/cptac_brca/features_ctranspath_monai...

Fold 3: train=76, val=16, test=20
Fold 3: ABMIL entrenado (val_auc=0.9206)
Cargando features de /home/JKP6679/Patho-Ensemble/PARADIS/datos/features/cptac_brca/features_ctranspath_monai...

Fold 4: train=77, val=15, test=20
Fold 4: ABMIL entrenado (val_auc=0.9365)
Cargando features de /home/JKP6679/Patho-Ensemble/PARADIS/datos/features/cptac_brca/features_ctranspath_monai...

Fold 5: train=76, val=15, test=21
Fold 5: ABMIL entrenado (val_auc=0.6825)
Cargando features de /home/JKP6679/Patho-Ensemble/PARADIS/datos/features/cptac_brca/features_ctranspath_monai...

Fold 6: train=74, val=16, test=22
Fold 6: ABMIL entrenado (val_auc=0.7800)
Cargando features de /home/JKP6679/Patho-Ensemble/PARADIS/datos/features/cptac_brca/features_ctranspath_monai...

Fold 7: train=78, val=13, test=21
Fold 7: ABMIL entrenado (val_auc=1.0000)
Cargando features de /home/JKP6679/Patho-Ensemble/PARADIS/datos/features/cptac_brca/features_ctranspath_monai...

Fold 8: train=77, val=14, test=21
Fold 8: ABMIL entrenado (val_auc=0.9455)
Cargando features de /home/JKP6679/Patho-Ensemble/PARADIS/datos/features/cptac_brca/features_ctranspath_monai...

Fold 9: train=77, val=14, test=21
Fold 9: ABMIL entrenado (val_auc=0.9048)
Cargando features de /home/JKP6679/Patho-Ensemble/PARADIS/datos/features/cptac_brca/features_ctranspath_monai...

Fold 10: train=75, val=16, test=21
Fold 10: ABMIL entrenado (val_auc=0.7778)
Cargando features de /home/JKP6679/Patho-Ensemble/PARADIS/datos/features/cptac_brca/features_ctranspath_monai...

Fold 11: train=74, val=15, test=23
Fold 11: ABMIL entrenado (val_auc=0.6389)
Cargando features de /home/JKP6679/Patho-Ensemble/PARADIS/datos/features/cptac_brca/features_ctranspath_monai...

Fold 12: train=76, val=16, test=20
Fold 12: ABMIL entrenado (val_auc=0.6667)
Cargando features de /home/JKP6679/Patho-Ensemble/PARADIS/datos/features/cptac_brca/features_ctranspath_monai...

Fold 13: train=75, val=17, test=20
Fold 13: ABMIL entrenado (val_auc=0.8929)
Cargando features de /home/JKP6679/Patho-Ensemble/PARADIS/datos/features/cptac_brca/features_ctranspath_monai...

Fold 14: train=77, val=14, test=21
Fold 14: ABMIL entrenado (val_auc=0.6190)
Cargando features de /home/JKP6679/Patho-Ensemble/PARADIS/datos/features/cptac_brca/features_ctranspath_monai...

Fold 15: train=76, val=14, test=22
Fold 15: ABMIL entrenado (val_auc=0.8571)
Cargando features de /home/JKP6679/Patho-Ensemble/PARADIS/datos/features/cptac_brca/features_ctranspath_monai...

Fold 16: train=77, val=13, test=22
Fold 16: ABMIL entrenado (val_auc=0.8182)
Cargando features de /home/JKP6679/Patho-Ensemble/PARADIS/datos/features/cptac_brca/features_ctranspath_monai...

Fold 17: train=75, val=16, test=21
Fold 17: ABMIL entrenado (val_auc=0.8800)
Cargando features de /home/JKP6679/Patho-Ensemble/PARADIS/datos/features/cptac_brca/features_ctranspath_monai...

Fold 18: train=75, val=16, test=21
Fold 18: ABMIL entrenado (val_auc=0.7857)
Cargando features de /home/JKP6679/Patho-Ensemble/PARADIS/datos/features/cptac_brca/features_ctranspath_monai...

Fold 19: train=73, val=16, test=23
Fold 19: ABMIL entrenado (val_auc=0.7222)
Cargando features de /home/JKP6679/Patho-Ensemble/PARADIS/datos/features/cptac_brca/features_ctranspath_monai...

Fold 20: train=76, val=15, test=21
Fold 20: ABMIL entrenado (val_auc=0.8281)
Cargando features de /home/JKP6679/Patho-Ensemble/PARADIS/datos/features/cptac_brca/features_ctranspath_monai...

Fold 21: train=75, val=13, test=24
Fold 21: ABMIL entrenado (val_auc=0.9074)
Cargando features de /home/JKP6679/Patho-Ensemble/PARADIS/datos/features/cptac_brca/features_ctranspath_monai...

Fold 22: train=74, val=15, test=23
Fold 22: ABMIL entrenado (val_auc=0.9600)
Cargando features de /home/JKP6679/Patho-Ensemble/PARADIS/datos/features/cptac_brca/features_ctranspath_monai...

Fold 23: train=75, val=15, test=22
Fold 23: ABMIL entrenado (val_auc=0.7800)
Cargando features de /home/JKP6679/Patho-Ensemble/PARADIS/datos/features/cptac_brca/features_ctranspath_monai...

Fold 24: train=76, val=14, test=22
Fold 24: ABMIL entrenado (val_auc=0.7833)
Cargando features de /home/JKP6679/Patho-Ensemble/PARADIS/datos/features/cptac_brca/features_ctranspath_monai...

Fold 25: train=77, val=14, test=21
Fold 25: ABMIL entrenado (val_auc=0.6727)
Cargando features de /home/JKP6679/Patho-Ensemble/PARADIS/datos/features/cptac_brca/features_ctranspath_monai...

Fold 26: train=77, val=13, test=22
Fold 26: ABMIL entrenado (val_auc=0.9636)
Cargando features de /home/JKP6679/Patho-Ensemble/PARADIS/datos/features/cptac_brca/features_ctranspath_monai...

Fold 27: train=77, val=14, test=21
Fold 27: ABMIL entrenado (val_auc=0.9167)
Cargando features de /home/JKP6679/Patho-Ensemble/PARADIS/datos/features/cptac_brca/features_ctranspath_monai...

Fold 28: train=79, val=13, test=20
Fold 28: ABMIL entrenado (val_auc=0.8906)
Cargando features de /home/JKP6679/Patho-Ensemble/PARADIS/datos/features/cptac_brca/features_ctranspath_monai...

Fold 29: train=77, val=13, test=22
Fold 29: ABMIL entrenado (val_auc=0.9667)
Cargando features de /home/JKP6679/Patho-Ensemble/PARADIS/datos/features/cptac_brca/features_ctranspath_monai...

Fold 30: train=75, val=16, test=21
Fold 30: ABMIL entrenado (val_auc=0.9259)
Cargando features de /home/JKP6679/Patho-Ensemble/PARADIS/datos/features/cptac_brca/features_ctranspath_monai...

Fold 31: train=77, val=14, test=21
Fold 31: ABMIL entrenado (val_auc=0.8364)
Cargando features de /home/JKP6679/Patho-Ensemble/PARADIS/datos/features/cptac_brca/features_ctranspath_monai...

Fold 32: train=77, val=14, test=21
Fold 32: ABMIL entrenado (val_auc=0.9455)
Cargando features de /home/JKP6679/Patho-Ensemble/PARADIS/datos/features/cptac_brca/features_ctranspath_monai...

Fold 33: train=74, val=15, test=23
Fold 33: ABMIL entrenado (val_auc=0.8333)
Cargando features de /home/JKP6679/Patho-Ensemble/PARADIS/datos/features/cptac_brca/features_ctranspath_monai...

Fold 34: train=75, val=14, test=23
Fold 34: ABMIL entrenado (val_auc=0.8393)
Cargando features de /home/JKP6679/Patho-Ensemble/PARADIS/datos/features/cptac_brca/features_ctranspath_monai...

Fold 35: train=75, val=15, test=22
Fold 35: ABMIL entrenado (val_auc=0.9630)
Cargando features de /home/JKP6679/Patho-Ensemble/PARADIS/datos/features/cptac_brca/features_ctranspath_monai...

Fold 36: train=78, val=14, test=20
Fold 36: ABMIL entrenado (val_auc=0.9048)
Cargando features de /home/JKP6679/Patho-Ensemble/PARADIS/datos/features/cptac_brca/features_ctranspath_monai...

Fold 37: train=75, val=15, test=22
Fold 37: ABMIL entrenado (val_auc=1.0000)
Cargando features de /home/JKP6679/Patho-Ensemble/PARADIS/datos/features/cptac_brca/features_ctranspath_monai...

Fold 38: train=76, val=14, test=22
Fold 38: ABMIL entrenado (val_auc=0.8500)
Cargando features de /home/JKP6679/Patho-Ensemble/PARADIS/datos/features/cptac_brca/features_ctranspath_monai...

Fold 39: train=75, val=15, test=22
Fold 39: ABMIL entrenado (val_auc=0.7963)
Cargando features de /home/JKP6679/Patho-Ensemble/PARADIS/datos/features/cptac_brca/features_ctranspath_monai...

Fold 40: train=77, val=15, test=20
Fold 40: ABMIL entrenado (val_auc=0.7917)
Cargando features de /home/JKP6679/Patho-Ensemble/PARADIS/datos/features/cptac_brca/features_ctranspath_monai...

Fold 41: train=74, val=16, test=22
Fold 41: ABMIL entrenado (val_auc=1.0000)
Cargando features de /home/JKP6679/Patho-Ensemble/PARADIS/datos/features/cptac_brca/features_ctranspath_monai...

Fold 42: train=76, val=16, test=20
Fold 42: ABMIL entrenado (val_auc=0.8542)
Cargando features de /home/JKP6679/Patho-Ensemble/PARADIS/datos/features/cptac_brca/features_ctranspath_monai...

Fold 43: train=77, val=14, test=21
Fold 43: ABMIL entrenado (val_auc=0.8125)
Cargando features de /home/JKP6679/Patho-Ensemble/PARADIS/datos/features/cptac_brca/features_ctranspath_monai...

Fold 44: train=78, val=14, test=20
Fold 44: ABMIL entrenado (val_auc=0.9167)
Cargando features de /home/JKP6679/Patho-Ensemble/PARADIS/datos/features/cptac_brca/features_ctranspath_monai...

Fold 45: train=75, val=15, test=22
Fold 45: ABMIL entrenado (val_auc=0.9444)
Cargando features de /home/JKP6679/Patho-Ensemble/PARADIS/datos/features/cptac_brca/features_ctranspath_monai...

Fold 46: train=77, val=14, test=21
Fold 46: ABMIL entrenado (val_auc=0.8974)
Cargando features de /home/JKP6679/Patho-Ensemble/PARADIS/datos/features/cptac_brca/features_ctranspath_monai...

Fold 47: train=75, val=13, test=24
Fold 47: ABMIL entrenado (val_auc=0.9821)
Cargando features de /home/JKP6679/Patho-Ensemble/PARADIS/datos/features/cptac_brca/features_ctranspath_monai...

Fold 48: train=76, val=14, test=22
Fold 48: ABMIL entrenado (val_auc=0.6000)
Cargando features de /home/JKP6679/Patho-Ensemble/PARADIS/datos/features/cptac_brca/features_ctranspath_monai...

Fold 49: train=77, val=13, test=22
Fold 49: ABMIL entrenado (val_auc=0.9000)

Calculando métricas de validación...
✅ Métricas de validación completadas

Calculando métricas de test...
✅ Métricas de test completadas (50 folds con datos)

✅ Training completed
[17:45:46] ctranspath / bagfull — meta-features (bolsa COMPLETA)...
  latent_dim auto-detectado: 768  (de features_ctranspath_monai)

============================================================
ABMIL Test (predicciones sobre train): ctranspath
  Dataset: cptac_brca/TP53_mutation
  Latent dim: 768, Num classes: 2, Folds: 50
============================================================

Cargando features de /home/JKP6679/Patho-Ensemble/PARADIS/datos/features/cptac_brca/features_ctranspath_monai...

✅ Predicciones de train generadas para 50/50 folds (0 omitidos por falta de checkpoint/datos).
[17:46:21] ✓ ctranspath / bagfull — checkpoints=50  train_eval=50
[17:46:21] uni_v2 / bagfull — entrenando 50 folds...
  latent_dim auto-detectado: 1536  (de features_uni_v2)

============================================================
ABMIL Training: uni_v2
  Dataset: cptac_brca/TP53_mutation
  Latent dim: 1536, Num classes: 2
  Epochs: 100, Fold: all
============================================================

Cargando features de /home/JKP6679/Patho-Ensemble/PARADIS/datos/features/cptac_brca/features_uni_v2...

Fold 0: train=75, val=15, test=22
Fold 0: ABMIL entrenado (val_auc=0.9815)
Cargando features de /home/JKP6679/Patho-Ensemble/PARADIS/datos/features/cptac_brca/features_uni_v2...

Fold 1: train=76, val=13, test=23
Fold 1: ABMIL entrenado (val_auc=0.9167)
Cargando features de /home/JKP6679/Patho-Ensemble/PARADIS/datos/features/cptac_brca/features_uni_v2...

Fold 2: train=76, val=16, test=20
Fold 2: ABMIL entrenado (val_auc=0.7143)
Cargando features de /home/JKP6679/Patho-Ensemble/PARADIS/datos/features/cptac_brca/features_uni_v2...

Fold 3: train=76, val=16, test=20
Fold 3: ABMIL entrenado (val_auc=0.8571)
Cargando features de /home/JKP6679/Patho-Ensemble/PARADIS/datos/features/cptac_brca/features_uni_v2...

Fold 4: train=77, val=15, test=20
Fold 4: ABMIL entrenado (val_auc=0.9365)
Cargando features de /home/JKP6679/Patho-Ensemble/PARADIS/datos/features/cptac_brca/features_uni_v2...

Fold 5: train=76, val=15, test=21
Fold 5: ABMIL entrenado (val_auc=0.7302)
Cargando features de /home/JKP6679/Patho-Ensemble/PARADIS/datos/features/cptac_brca/features_uni_v2...

Fold 6: train=74, val=16, test=22
Fold 6: ABMIL entrenado (val_auc=0.6800)
Cargando features de /home/JKP6679/Patho-Ensemble/PARADIS/datos/features/cptac_brca/features_uni_v2...

Fold 7: train=78, val=13, test=21
Fold 7: ABMIL entrenado (val_auc=0.8906)
Cargando features de /home/JKP6679/Patho-Ensemble/PARADIS/datos/features/cptac_brca/features_uni_v2...

Fold 8: train=77, val=14, test=21
Fold 8: ABMIL entrenado (val_auc=0.8727)
Cargando features de /home/JKP6679/Patho-Ensemble/PARADIS/datos/features/cptac_brca/features_uni_v2...

Fold 9: train=77, val=14, test=21
Fold 9: ABMIL entrenado (val_auc=0.8413)
Cargando features de /home/JKP6679/Patho-Ensemble/PARADIS/datos/features/cptac_brca/features_uni_v2...

Fold 10: train=75, val=16, test=21
Fold 10: ABMIL entrenado (val_auc=0.8704)
Cargando features de /home/JKP6679/Patho-Ensemble/PARADIS/datos/features/cptac_brca/features_uni_v2...

Fold 11: train=74, val=15, test=23
Fold 11: ABMIL entrenado (val_auc=0.5833)
Cargando features de /home/JKP6679/Patho-Ensemble/PARADIS/datos/features/cptac_brca/features_uni_v2...

Fold 12: train=76, val=16, test=20
Fold 12: ABMIL entrenado (val_auc=0.6508)
Cargando features de /home/JKP6679/Patho-Ensemble/PARADIS/datos/features/cptac_brca/features_uni_v2...

Fold 13: train=75, val=17, test=20
Fold 13: ABMIL entrenado (val_auc=0.8929)
Cargando features de /home/JKP6679/Patho-Ensemble/PARADIS/datos/features/cptac_brca/features_uni_v2...

Fold 14: train=77, val=14, test=21
Fold 14: ABMIL entrenado (val_auc=0.5556)
Cargando features de /home/JKP6679/Patho-Ensemble/PARADIS/datos/features/cptac_brca/features_uni_v2...

Fold 15: train=76, val=14, test=22
Fold 15: ABMIL entrenado (val_auc=0.7143)
Cargando features de /home/JKP6679/Patho-Ensemble/PARADIS/datos/features/cptac_brca/features_uni_v2...

Fold 16: train=77, val=13, test=22
Fold 16: ABMIL entrenado (val_auc=0.8000)
Cargando features de /home/JKP6679/Patho-Ensemble/PARADIS/datos/features/cptac_brca/features_uni_v2...

Fold 17: train=75, val=16, test=21
Fold 17: ABMIL entrenado (val_auc=0.8800)
Cargando features de /home/JKP6679/Patho-Ensemble/PARADIS/datos/features/cptac_brca/features_uni_v2...

Fold 18: train=75, val=16, test=21
Fold 18: ABMIL entrenado (val_auc=0.6964)
Cargando features de /home/JKP6679/Patho-Ensemble/PARADIS/datos/features/cptac_brca/features_uni_v2...

Fold 19: train=73, val=16, test=23
Fold 19: ABMIL entrenado (val_auc=0.7222)
Cargando features de /home/JKP6679/Patho-Ensemble/PARADIS/datos/features/cptac_brca/features_uni_v2...

Fold 20: train=76, val=15, test=21
Fold 20: ABMIL entrenado (val_auc=0.8281)
Cargando features de /home/JKP6679/Patho-Ensemble/PARADIS/datos/features/cptac_brca/features_uni_v2...

Fold 21: train=75, val=13, test=24
Fold 21: ABMIL entrenado (val_auc=0.6667)
Cargando features de /home/JKP6679/Patho-Ensemble/PARADIS/datos/features/cptac_brca/features_uni_v2...

Fold 22: train=74, val=15, test=23
Fold 22: ABMIL entrenado (val_auc=0.9200)
Cargando features de /home/JKP6679/Patho-Ensemble/PARADIS/datos/features/cptac_brca/features_uni_v2...

Fold 23: train=75, val=15, test=22
Fold 23: ABMIL entrenado (val_auc=0.6800)
Cargando features de /home/JKP6679/Patho-Ensemble/PARADIS/datos/features/cptac_brca/features_uni_v2...

Fold 24: train=76, val=14, test=22
Fold 24: ABMIL entrenado (val_auc=0.7333)
Cargando features de /home/JKP6679/Patho-Ensemble/PARADIS/datos/features/cptac_brca/features_uni_v2...

Fold 25: train=77, val=14, test=21
Fold 25: ABMIL entrenado (val_auc=0.6000)
Cargando features de /home/JKP6679/Patho-Ensemble/PARADIS/datos/features/cptac_brca/features_uni_v2...

Fold 26: train=77, val=13, test=22
Fold 26: ABMIL entrenado (val_auc=0.9818)
Cargando features de /home/JKP6679/Patho-Ensemble/PARADIS/datos/features/cptac_brca/features_uni_v2...

Fold 27: train=77, val=14, test=21
Fold 27: ABMIL entrenado (val_auc=0.8542)
Cargando features de /home/JKP6679/Patho-Ensemble/PARADIS/datos/features/cptac_brca/features_uni_v2...

Fold 28: train=79, val=13, test=20
Fold 28: ABMIL entrenado (val_auc=0.8281)
Cargando features de /home/JKP6679/Patho-Ensemble/PARADIS/datos/features/cptac_brca/features_uni_v2...

Fold 29: train=77, val=13, test=22
Fold 29: ABMIL entrenado (val_auc=0.9667)
Cargando features de /home/JKP6679/Patho-Ensemble/PARADIS/datos/features/cptac_brca/features_uni_v2...

Fold 30: train=75, val=16, test=21
Fold 30: ABMIL entrenado (val_auc=0.7593)
Cargando features de /home/JKP6679/Patho-Ensemble/PARADIS/datos/features/cptac_brca/features_uni_v2...

Fold 31: train=77, val=14, test=21
Fold 31: ABMIL entrenado (val_auc=0.7636)
Cargando features de /home/JKP6679/Patho-Ensemble/PARADIS/datos/features/cptac_brca/features_uni_v2...

Fold 32: train=77, val=14, test=21
Fold 32: ABMIL entrenado (val_auc=0.9091)
Cargando features de /home/JKP6679/Patho-Ensemble/PARADIS/datos/features/cptac_brca/features_uni_v2...

Fold 33: train=74, val=15, test=23
Fold 33: ABMIL entrenado (val_auc=0.9074)
Cargando features de /home/JKP6679/Patho-Ensemble/PARADIS/datos/features/cptac_brca/features_uni_v2...

Fold 34: train=75, val=14, test=23
Fold 34: ABMIL entrenado (val_auc=0.8929)
Cargando features de /home/JKP6679/Patho-Ensemble/PARADIS/datos/features/cptac_brca/features_uni_v2...

Fold 35: train=75, val=15, test=22
Fold 35: ABMIL entrenado (val_auc=0.9444)
Cargando features de /home/JKP6679/Patho-Ensemble/PARADIS/datos/features/cptac_brca/features_uni_v2...

Fold 36: train=78, val=14, test=20
Fold 36: ABMIL entrenado (val_auc=1.0000)
Cargando features de /home/JKP6679/Patho-Ensemble/PARADIS/datos/features/cptac_brca/features_uni_v2...

Fold 37: train=75, val=15, test=22
Fold 37: ABMIL entrenado (val_auc=0.9286)
Cargando features de /home/JKP6679/Patho-Ensemble/PARADIS/datos/features/cptac_brca/features_uni_v2...

Fold 38: train=76, val=14, test=22
Fold 38: ABMIL entrenado (val_auc=0.8667)
Cargando features de /home/JKP6679/Patho-Ensemble/PARADIS/datos/features/cptac_brca/features_uni_v2...

Fold 39: train=75, val=15, test=22
Fold 39: ABMIL entrenado (val_auc=0.7037)
Cargando features de /home/JKP6679/Patho-Ensemble/PARADIS/datos/features/cptac_brca/features_uni_v2...

Fold 40: train=77, val=15, test=20
Fold 40: ABMIL entrenado (val_auc=0.8333)
Cargando features de /home/JKP6679/Patho-Ensemble/PARADIS/datos/features/cptac_brca/features_uni_v2...

Fold 41: train=74, val=16, test=22
Fold 41: ABMIL entrenado (val_auc=1.0000)
Cargando features de /home/JKP6679/Patho-Ensemble/PARADIS/datos/features/cptac_brca/features_uni_v2...

Fold 42: train=76, val=16, test=20
Fold 42: ABMIL entrenado (val_auc=0.6458)
Cargando features de /home/JKP6679/Patho-Ensemble/PARADIS/datos/features/cptac_brca/features_uni_v2...

Fold 43: train=77, val=14, test=21
Fold 43: ABMIL entrenado (val_auc=0.7708)
Cargando features de /home/JKP6679/Patho-Ensemble/PARADIS/datos/features/cptac_brca/features_uni_v2...

Fold 44: train=78, val=14, test=20
Fold 44: ABMIL entrenado (val_auc=0.8542)
Cargando features de /home/JKP6679/Patho-Ensemble/PARADIS/datos/features/cptac_brca/features_uni_v2...

Fold 45: train=75, val=15, test=22
Fold 45: ABMIL entrenado (val_auc=0.8704)
Cargando features de /home/JKP6679/Patho-Ensemble/PARADIS/datos/features/cptac_brca/features_uni_v2...

Fold 46: train=77, val=14, test=21
Fold 46: ABMIL entrenado (val_auc=0.8718)
Cargando features de /home/JKP6679/Patho-Ensemble/PARADIS/datos/features/cptac_brca/features_uni_v2...

Fold 47: train=75, val=13, test=24
Fold 47: ABMIL entrenado (val_auc=0.9107)
Cargando features de /home/JKP6679/Patho-Ensemble/PARADIS/datos/features/cptac_brca/features_uni_v2...

Fold 48: train=76, val=14, test=22
Fold 48: ABMIL entrenado (val_auc=0.6909)
Cargando features de /home/JKP6679/Patho-Ensemble/PARADIS/datos/features/cptac_brca/features_uni_v2...

Fold 49: train=77, val=13, test=22
Fold 49: ABMIL entrenado (val_auc=0.8333)

Calculando métricas de validación...
✅ Métricas de validación completadas

Calculando métricas de test...
✅ Métricas de test completadas (50 folds con datos)

✅ Training completed
[18:04:40] uni_v2 / bagfull — meta-features (bolsa COMPLETA)...
  latent_dim auto-detectado: 1536  (de features_uni_v2)

============================================================
ABMIL Test (predicciones sobre train): uni_v2
  Dataset: cptac_brca/TP53_mutation
  Latent dim: 1536, Num classes: 2, Folds: 50
============================================================

Cargando features de /home/JKP6679/Patho-Ensemble/PARADIS/datos/features/cptac_brca/features_uni_v2...

✅ Predicciones de train generadas para 50/50 folds (0 omitidos por falta de checkpoint/datos).
[18:06:02] ✓ uni_v2 / bagfull — checkpoints=50  train_eval=50
[18:06:02] conch_v1_5 / bagfull — entrenando 50 folds...
  latent_dim auto-detectado: 768  (de features_conch_v1_5_monai)

============================================================
ABMIL Training: conch_v1_5
  Dataset: cptac_brca/TP53_mutation
  Latent dim: 768, Num classes: 2
  Epochs: 100, Fold: all
============================================================

Cargando features de /home/JKP6679/Patho-Ensemble/PARADIS/datos/features/cptac_brca/features_conch_v1_5_monai...

Fold 0: train=75, val=15, test=22
Fold 0: ABMIL entrenado (val_auc=0.9815)
Cargando features de /home/JKP6679/Patho-Ensemble/PARADIS/datos/features/cptac_brca/features_conch_v1_5_monai...

Fold 1: train=76, val=13, test=23
Fold 1: ABMIL entrenado (val_auc=0.9167)
Cargando features de /home/JKP6679/Patho-Ensemble/PARADIS/datos/features/cptac_brca/features_conch_v1_5_monai...

Fold 2: train=76, val=16, test=20
Fold 2: ABMIL entrenado (val_auc=1.0000)
Cargando features de /home/JKP6679/Patho-Ensemble/PARADIS/datos/features/cptac_brca/features_conch_v1_5_monai...

Fold 3: train=76, val=16, test=20
Fold 3: ABMIL entrenado (val_auc=0.8889)
Cargando features de /home/JKP6679/Patho-Ensemble/PARADIS/datos/features/cptac_brca/features_conch_v1_5_monai...

Fold 4: train=77, val=15, test=20
Fold 4: ABMIL entrenado (val_auc=0.9365)
Cargando features de /home/JKP6679/Patho-Ensemble/PARADIS/datos/features/cptac_brca/features_conch_v1_5_monai...

Fold 5: train=76, val=15, test=21
Fold 5: ABMIL entrenado (val_auc=0.7937)
Cargando features de /home/JKP6679/Patho-Ensemble/PARADIS/datos/features/cptac_brca/features_conch_v1_5_monai...

Fold 6: train=74, val=16, test=22
Fold 6: ABMIL entrenado (val_auc=0.8800)
Cargando features de /home/JKP6679/Patho-Ensemble/PARADIS/datos/features/cptac_brca/features_conch_v1_5_monai...

Fold 7: train=78, val=13, test=21
Fold 7: ABMIL entrenado (val_auc=1.0000)
Cargando features de /home/JKP6679/Patho-Ensemble/PARADIS/datos/features/cptac_brca/features_conch_v1_5_monai...

Fold 8: train=77, val=14, test=21
Fold 8: ABMIL entrenado (val_auc=0.9636)
Cargando features de /home/JKP6679/Patho-Ensemble/PARADIS/datos/features/cptac_brca/features_conch_v1_5_monai...

Fold 9: train=77, val=14, test=21
Fold 9: ABMIL entrenado (val_auc=0.9365)
Cargando features de /home/JKP6679/Patho-Ensemble/PARADIS/datos/features/cptac_brca/features_conch_v1_5_monai...

Fold 10: train=75, val=16, test=21
Fold 10: ABMIL entrenado (val_auc=0.8704)
Cargando features de /home/JKP6679/Patho-Ensemble/PARADIS/datos/features/cptac_brca/features_conch_v1_5_monai...

Fold 11: train=74, val=15, test=23
Fold 11: ABMIL entrenado (val_auc=0.8056)
Cargando features de /home/JKP6679/Patho-Ensemble/PARADIS/datos/features/cptac_brca/features_conch_v1_5_monai...

Fold 12: train=76, val=16, test=20
Fold 12: ABMIL entrenado (val_auc=0.7460)
Cargando features de /home/JKP6679/Patho-Ensemble/PARADIS/datos/features/cptac_brca/features_conch_v1_5_monai...

Fold 13: train=75, val=17, test=20
Fold 13: ABMIL entrenado (val_auc=0.9464)
Cargando features de /home/JKP6679/Patho-Ensemble/PARADIS/datos/features/cptac_brca/features_conch_v1_5_monai...

Fold 14: train=77, val=14, test=21
Fold 14: ABMIL entrenado (val_auc=0.7143)
Cargando features de /home/JKP6679/Patho-Ensemble/PARADIS/datos/features/cptac_brca/features_conch_v1_5_monai...

Fold 15: train=76, val=14, test=22
Fold 15: ABMIL entrenado (val_auc=0.8571)
Cargando features de /home/JKP6679/Patho-Ensemble/PARADIS/datos/features/cptac_brca/features_conch_v1_5_monai...

Fold 16: train=77, val=13, test=22
Fold 16: ABMIL entrenado (val_auc=0.8000)
Cargando features de /home/JKP6679/Patho-Ensemble/PARADIS/datos/features/cptac_brca/features_conch_v1_5_monai...

Fold 17: train=75, val=16, test=21
Fold 17: ABMIL entrenado (val_auc=0.9000)
Cargando features de /home/JKP6679/Patho-Ensemble/PARADIS/datos/features/cptac_brca/features_conch_v1_5_monai...

Fold 18: train=75, val=16, test=21
Fold 18: ABMIL entrenado (val_auc=0.6250)
Cargando features de /home/JKP6679/Patho-Ensemble/PARADIS/datos/features/cptac_brca/features_conch_v1_5_monai...

Fold 19: train=73, val=16, test=23
Fold 19: ABMIL entrenado (val_auc=0.9259)
Cargando features de /home/JKP6679/Patho-Ensemble/PARADIS/datos/features/cptac_brca/features_conch_v1_5_monai...

Fold 20: train=76, val=15, test=21
Fold 20: ABMIL entrenado (val_auc=0.8750)
Cargando features de /home/JKP6679/Patho-Ensemble/PARADIS/datos/features/cptac_brca/features_conch_v1_5_monai...

Fold 21: train=75, val=13, test=24
Fold 21: ABMIL entrenado (val_auc=0.7963)
Cargando features de /home/JKP6679/Patho-Ensemble/PARADIS/datos/features/cptac_brca/features_conch_v1_5_monai...

Fold 22: train=74, val=15, test=23
Fold 22: ABMIL entrenado (val_auc=0.9200)
Cargando features de /home/JKP6679/Patho-Ensemble/PARADIS/datos/features/cptac_brca/features_conch_v1_5_monai...

Fold 23: train=75, val=15, test=22
Fold 23: ABMIL entrenado (val_auc=1.0000)
Cargando features de /home/JKP6679/Patho-Ensemble/PARADIS/datos/features/cptac_brca/features_conch_v1_5_monai...

Fold 24: train=76, val=14, test=22
Fold 24: ABMIL entrenado (val_auc=0.7833)
Cargando features de /home/JKP6679/Patho-Ensemble/PARADIS/datos/features/cptac_brca/features_conch_v1_5_monai...

Fold 25: train=77, val=14, test=21
Fold 25: ABMIL entrenado (val_auc=0.6727)
Cargando features de /home/JKP6679/Patho-Ensemble/PARADIS/datos/features/cptac_brca/features_conch_v1_5_monai...

Fold 26: train=77, val=13, test=22
Fold 26: ABMIL entrenado (val_auc=0.9091)
Cargando features de /home/JKP6679/Patho-Ensemble/PARADIS/datos/features/cptac_brca/features_conch_v1_5_monai...

Fold 27: train=77, val=14, test=21
Fold 27: ABMIL entrenado (val_auc=0.7083)
Cargando features de /home/JKP6679/Patho-Ensemble/PARADIS/datos/features/cptac_brca/features_conch_v1_5_monai...

Fold 28: train=79, val=13, test=20
Fold 28: ABMIL entrenado (val_auc=0.8281)
Cargando features de /home/JKP6679/Patho-Ensemble/PARADIS/datos/features/cptac_brca/features_conch_v1_5_monai...

Fold 29: train=77, val=13, test=22
Fold 29: ABMIL entrenado (val_auc=0.9833)
Cargando features de /home/JKP6679/Patho-Ensemble/PARADIS/datos/features/cptac_brca/features_conch_v1_5_monai...

Fold 30: train=75, val=16, test=21
Fold 30: ABMIL entrenado (val_auc=0.8704)
Cargando features de /home/JKP6679/Patho-Ensemble/PARADIS/datos/features/cptac_brca/features_conch_v1_5_monai...

Fold 31: train=77, val=14, test=21
Fold 31: ABMIL entrenado (val_auc=0.7636)
Cargando features de /home/JKP6679/Patho-Ensemble/PARADIS/datos/features/cptac_brca/features_conch_v1_5_monai...

Fold 32: train=77, val=14, test=21
Fold 32: ABMIL entrenado (val_auc=0.9091)
Cargando features de /home/JKP6679/Patho-Ensemble/PARADIS/datos/features/cptac_brca/features_conch_v1_5_monai...

Fold 33: train=74, val=15, test=23
Fold 33: ABMIL entrenado (val_auc=1.0000)
Cargando features de /home/JKP6679/Patho-Ensemble/PARADIS/datos/features/cptac_brca/features_conch_v1_5_monai...

Fold 34: train=75, val=14, test=23
Fold 34: ABMIL entrenado (val_auc=0.9464)
Cargando features de /home/JKP6679/Patho-Ensemble/PARADIS/datos/features/cptac_brca/features_conch_v1_5_monai...

Fold 35: train=75, val=15, test=22
Fold 35: ABMIL entrenado (val_auc=1.0000)
Cargando features de /home/JKP6679/Patho-Ensemble/PARADIS/datos/features/cptac_brca/features_conch_v1_5_monai...

Fold 36: train=78, val=14, test=20
Fold 36: ABMIL entrenado (val_auc=1.0000)
Cargando features de /home/JKP6679/Patho-Ensemble/PARADIS/datos/features/cptac_brca/features_conch_v1_5_monai...

Fold 37: train=75, val=15, test=22
Fold 37: ABMIL entrenado (val_auc=0.9107)
Cargando features de /home/JKP6679/Patho-Ensemble/PARADIS/datos/features/cptac_brca/features_conch_v1_5_monai...

Fold 38: train=76, val=14, test=22
Fold 38: ABMIL entrenado (val_auc=0.8667)
Cargando features de /home/JKP6679/Patho-Ensemble/PARADIS/datos/features/cptac_brca/features_conch_v1_5_monai...

Fold 39: train=75, val=15, test=22
Fold 39: ABMIL entrenado (val_auc=0.8148)
Cargando features de /home/JKP6679/Patho-Ensemble/PARADIS/datos/features/cptac_brca/features_conch_v1_5_monai...

Fold 40: train=77, val=15, test=20
Fold 40: ABMIL entrenado (val_auc=0.8125)
Cargando features de /home/JKP6679/Patho-Ensemble/PARADIS/datos/features/cptac_brca/features_conch_v1_5_monai...

Fold 41: train=74, val=16, test=22
Fold 41: ABMIL entrenado (val_auc=1.0000)
Cargando features de /home/JKP6679/Patho-Ensemble/PARADIS/datos/features/cptac_brca/features_conch_v1_5_monai...

Fold 42: train=76, val=16, test=20
Fold 42: ABMIL entrenado (val_auc=0.8542)
Cargando features de /home/JKP6679/Patho-Ensemble/PARADIS/datos/features/cptac_brca/features_conch_v1_5_monai...

Fold 43: train=77, val=14, test=21
Fold 43: ABMIL entrenado (val_auc=0.8333)
Cargando features de /home/JKP6679/Patho-Ensemble/PARADIS/datos/features/cptac_brca/features_conch_v1_5_monai...

Fold 44: train=78, val=14, test=20
Fold 44: ABMIL entrenado (val_auc=0.9375)
Cargando features de /home/JKP6679/Patho-Ensemble/PARADIS/datos/features/cptac_brca/features_conch_v1_5_monai...

Fold 45: train=75, val=15, test=22
Fold 45: ABMIL entrenado (val_auc=0.8519)
Cargando features de /home/JKP6679/Patho-Ensemble/PARADIS/datos/features/cptac_brca/features_conch_v1_5_monai...

Fold 46: train=77, val=14, test=21
Fold 46: ABMIL entrenado (val_auc=0.9744)
Cargando features de /home/JKP6679/Patho-Ensemble/PARADIS/datos/features/cptac_brca/features_conch_v1_5_monai...

Fold 47: train=75, val=13, test=24
Fold 47: ABMIL entrenado (val_auc=0.9643)
Cargando features de /home/JKP6679/Patho-Ensemble/PARADIS/datos/features/cptac_brca/features_conch_v1_5_monai...

Fold 48: train=76, val=14, test=22
Fold 48: ABMIL entrenado (val_auc=0.7273)
Cargando features de /home/JKP6679/Patho-Ensemble/PARADIS/datos/features/cptac_brca/features_conch_v1_5_monai...

Fold 49: train=77, val=13, test=22
Fold 49: ABMIL entrenado (val_auc=0.9000)

Calculando métricas de validación...
✅ Métricas de validación completadas

Calculando métricas de test...
✅ Métricas de test completadas (50 folds con datos)

✅ Training completed
[18:13:47] conch_v1_5 / bagfull — meta-features (bolsa COMPLETA)...
  latent_dim auto-detectado: 768  (de features_conch_v1_5_monai)

============================================================
ABMIL Test (predicciones sobre train): conch_v1_5
  Dataset: cptac_brca/TP53_mutation
  Latent dim: 768, Num classes: 2, Folds: 50
============================================================

Cargando features de /home/JKP6679/Patho-Ensemble/PARADIS/datos/features/cptac_brca/features_conch_v1_5_monai...

✅ Predicciones de train generadas para 50/50 folds (0 omitidos por falta de checkpoint/datos).
[18:14:37] ✓ conch_v1_5 / bagfull — checkpoints=50  train_eval=50

############################################################
### bag_size=256   (tag: bag256)
############################################################
[18:14:37] ctranspath / bag256 — entrenando 50 folds...
  latent_dim auto-detectado: 768  (de features_ctranspath_monai)

============================================================
ABMIL Training: ctranspath
  Dataset: cptac_brca/TP53_mutation
  Latent dim: 768, Num classes: 2
  Epochs: 100, Fold: all
============================================================

Cargando features de /home/JKP6679/Patho-Ensemble/PARADIS/datos/features/cptac_brca/features_ctranspath_monai...

Fold 0: train=75, val=15, test=22
Fold 0: ABMIL entrenado (val_auc=0.9815)
Cargando features de /home/JKP6679/Patho-Ensemble/PARADIS/datos/features/cptac_brca/features_ctranspath_monai...

Fold 1: train=76, val=13, test=23
Fold 1: ABMIL entrenado (val_auc=0.9792)
Cargando features de /home/JKP6679/Patho-Ensemble/PARADIS/datos/features/cptac_brca/features_ctranspath_monai...

Fold 2: train=76, val=16, test=20
Fold 2: ABMIL entrenado (val_auc=0.7143)
Cargando features de /home/JKP6679/Patho-Ensemble/PARADIS/datos/features/cptac_brca/features_ctranspath_monai...

Fold 3: train=76, val=16, test=20
Fold 3: ABMIL entrenado (val_auc=0.9206)
Cargando features de /home/JKP6679/Patho-Ensemble/PARADIS/datos/features/cptac_brca/features_ctranspath_monai...

Fold 4: train=77, val=15, test=20
Fold 4: ABMIL entrenado (val_auc=0.9365)
Cargando features de /home/JKP6679/Patho-Ensemble/PARADIS/datos/features/cptac_brca/features_ctranspath_monai...

Fold 5: train=76, val=15, test=21
Fold 5: ABMIL entrenado (val_auc=0.6825)
Cargando features de /home/JKP6679/Patho-Ensemble/PARADIS/datos/features/cptac_brca/features_ctranspath_monai...

Fold 6: train=74, val=16, test=22
Fold 6: ABMIL entrenado (val_auc=0.8000)
Cargando features de /home/JKP6679/Patho-Ensemble/PARADIS/datos/features/cptac_brca/features_ctranspath_monai...

Fold 7: train=78, val=13, test=21
Fold 7: ABMIL entrenado (val_auc=0.9531)
Cargando features de /home/JKP6679/Patho-Ensemble/PARADIS/datos/features/cptac_brca/features_ctranspath_monai...

Fold 8: train=77, val=14, test=21
Fold 8: ABMIL entrenado (val_auc=0.9636)
Cargando features de /home/JKP6679/Patho-Ensemble/PARADIS/datos/features/cptac_brca/features_ctranspath_monai...

Fold 9: train=77, val=14, test=21
Fold 9: ABMIL entrenado (val_auc=0.9206)
Cargando features de /home/JKP6679/Patho-Ensemble/PARADIS/datos/features/cptac_brca/features_ctranspath_monai...

Fold 10: train=75, val=16, test=21
Fold 10: ABMIL entrenado (val_auc=0.7593)
Cargando features de /home/JKP6679/Patho-Ensemble/PARADIS/datos/features/cptac_brca/features_ctranspath_monai...

Fold 11: train=74, val=15, test=23
Fold 11: ABMIL entrenado (val_auc=0.6389)
Cargando features de /home/JKP6679/Patho-Ensemble/PARADIS/datos/features/cptac_brca/features_ctranspath_monai...

Fold 12: train=76, val=16, test=20
Fold 12: ABMIL entrenado (val_auc=0.6825)
Cargando features de /home/JKP6679/Patho-Ensemble/PARADIS/datos/features/cptac_brca/features_ctranspath_monai...

Fold 13: train=75, val=17, test=20
Fold 13: ABMIL entrenado (val_auc=0.9107)
Cargando features de /home/JKP6679/Patho-Ensemble/PARADIS/datos/features/cptac_brca/features_ctranspath_monai...

Fold 14: train=77, val=14, test=21
Fold 14: ABMIL entrenado (val_auc=0.6508)
Cargando features de /home/JKP6679/Patho-Ensemble/PARADIS/datos/features/cptac_brca/features_ctranspath_monai...

Fold 15: train=76, val=14, test=22
Fold 15: ABMIL entrenado (val_auc=0.8571)
Cargando features de /home/JKP6679/Patho-Ensemble/PARADIS/datos/features/cptac_brca/features_ctranspath_monai...

Fold 16: train=77, val=13, test=22
Fold 16: ABMIL entrenado (val_auc=0.8182)
Cargando features de /home/JKP6679/Patho-Ensemble/PARADIS/datos/features/cptac_brca/features_ctranspath_monai...

Fold 17: train=75, val=16, test=21
Fold 17: ABMIL entrenado (val_auc=0.9000)
Cargando features de /home/JKP6679/Patho-Ensemble/PARADIS/datos/features/cptac_brca/features_ctranspath_monai...

Fold 18: train=75, val=16, test=21
Fold 18: ABMIL entrenado (val_auc=0.7857)
Cargando features de /home/JKP6679/Patho-Ensemble/PARADIS/datos/features/cptac_brca/features_ctranspath_monai...

Fold 19: train=73, val=16, test=23
Fold 19: ABMIL entrenado (val_auc=0.7407)
Cargando features de /home/JKP6679/Patho-Ensemble/PARADIS/datos/features/cptac_brca/features_ctranspath_monai...

Fold 20: train=76, val=15, test=21
Fold 20: ABMIL entrenado (val_auc=0.8438)
Cargando features de /home/JKP6679/Patho-Ensemble/PARADIS/datos/features/cptac_brca/features_ctranspath_monai...

Fold 21: train=75, val=13, test=24
Fold 21: ABMIL entrenado (val_auc=0.8148)
Cargando features de /home/JKP6679/Patho-Ensemble/PARADIS/datos/features/cptac_brca/features_ctranspath_monai...

Fold 22: train=74, val=15, test=23
Fold 22: ABMIL entrenado (val_auc=0.9200)
Cargando features de /home/JKP6679/Patho-Ensemble/PARADIS/datos/features/cptac_brca/features_ctranspath_monai...

Fold 23: train=75, val=15, test=22
Fold 23: ABMIL entrenado (val_auc=0.8000)
Cargando features de /home/JKP6679/Patho-Ensemble/PARADIS/datos/features/cptac_brca/features_ctranspath_monai...

Fold 24: train=76, val=14, test=22
Fold 24: ABMIL entrenado (val_auc=0.8000)
Cargando features de /home/JKP6679/Patho-Ensemble/PARADIS/datos/features/cptac_brca/features_ctranspath_monai...

Fold 25: train=77, val=14, test=21
Fold 25: ABMIL entrenado (val_auc=0.5273)
Cargando features de /home/JKP6679/Patho-Ensemble/PARADIS/datos/features/cptac_brca/features_ctranspath_monai...

Fold 26: train=77, val=13, test=22
Fold 26: ABMIL entrenado (val_auc=0.8909)
Cargando features de /home/JKP6679/Patho-Ensemble/PARADIS/datos/features/cptac_brca/features_ctranspath_monai...

Fold 27: train=77, val=14, test=21
Fold 27: ABMIL entrenado (val_auc=0.9375)
Cargando features de /home/JKP6679/Patho-Ensemble/PARADIS/datos/features/cptac_brca/features_ctranspath_monai...

Fold 28: train=79, val=13, test=20
Fold 28: ABMIL entrenado (val_auc=0.8906)
Cargando features de /home/JKP6679/Patho-Ensemble/PARADIS/datos/features/cptac_brca/features_ctranspath_monai...

Fold 29: train=77, val=13, test=22
Fold 29: ABMIL entrenado (val_auc=0.9000)
Cargando features de /home/JKP6679/Patho-Ensemble/PARADIS/datos/features/cptac_brca/features_ctranspath_monai...

Fold 30: train=75, val=16, test=21
Fold 30: ABMIL entrenado (val_auc=0.9444)
Cargando features de /home/JKP6679/Patho-Ensemble/PARADIS/datos/features/cptac_brca/features_ctranspath_monai...

Fold 31: train=77, val=14, test=21
Fold 31: ABMIL entrenado (val_auc=0.8364)
Cargando features de /home/JKP6679/Patho-Ensemble/PARADIS/datos/features/cptac_brca/features_ctranspath_monai...

Fold 32: train=77, val=14, test=21
Fold 32: ABMIL entrenado (val_auc=0.9455)
Cargando features de /home/JKP6679/Patho-Ensemble/PARADIS/datos/features/cptac_brca/features_ctranspath_monai...

Fold 33: train=74, val=15, test=23
Fold 33: ABMIL entrenado (val_auc=0.7963)
Cargando features de /home/JKP6679/Patho-Ensemble/PARADIS/datos/features/cptac_brca/features_ctranspath_monai...

Fold 34: train=75, val=14, test=23
Fold 34: ABMIL entrenado (val_auc=0.8393)
Cargando features de /home/JKP6679/Patho-Ensemble/PARADIS/datos/features/cptac_brca/features_ctranspath_monai...

Fold 35: train=75, val=15, test=22
Fold 35: ABMIL entrenado (val_auc=0.9815)
Cargando features de /home/JKP6679/Patho-Ensemble/PARADIS/datos/features/cptac_brca/features_ctranspath_monai...

Fold 36: train=78, val=14, test=20
Fold 36: ABMIL entrenado (val_auc=0.9048)
Cargando features de /home/JKP6679/Patho-Ensemble/PARADIS/datos/features/cptac_brca/features_ctranspath_monai...

Fold 37: train=75, val=15, test=22
Fold 37: ABMIL entrenado (val_auc=1.0000)
Cargando features de /home/JKP6679/Patho-Ensemble/PARADIS/datos/features/cptac_brca/features_ctranspath_monai...

Fold 38: train=76, val=14, test=22
Fold 38: ABMIL entrenado (val_auc=0.8333)
Cargando features de /home/JKP6679/Patho-Ensemble/PARADIS/datos/features/cptac_brca/features_ctranspath_monai...

Fold 39: train=75, val=15, test=22
Fold 39: ABMIL entrenado (val_auc=0.7222)
Cargando features de /home/JKP6679/Patho-Ensemble/PARADIS/datos/features/cptac_brca/features_ctranspath_monai...

Fold 40: train=77, val=15, test=20
Fold 40: ABMIL entrenado (val_auc=0.7917)
Cargando features de /home/JKP6679/Patho-Ensemble/PARADIS/datos/features/cptac_brca/features_ctranspath_monai...

Fold 41: train=74, val=16, test=22
Fold 41: ABMIL entrenado (val_auc=1.0000)
Cargando features de /home/JKP6679/Patho-Ensemble/PARADIS/datos/features/cptac_brca/features_ctranspath_monai...

Fold 42: train=76, val=16, test=20
Fold 42: ABMIL entrenado (val_auc=0.8125)
Cargando features de /home/JKP6679/Patho-Ensemble/PARADIS/datos/features/cptac_brca/features_ctranspath_monai...

Fold 43: train=77, val=14, test=21
Fold 43: ABMIL entrenado (val_auc=0.7917)
Cargando features de /home/JKP6679/Patho-Ensemble/PARADIS/datos/features/cptac_brca/features_ctranspath_monai...

Fold 44: train=78, val=14, test=20
Fold 44: ABMIL entrenado (val_auc=0.8958)
Cargando features de /home/JKP6679/Patho-Ensemble/PARADIS/datos/features/cptac_brca/features_ctranspath_monai...

Fold 45: train=75, val=15, test=22
Fold 45: ABMIL entrenado (val_auc=0.9444)
Cargando features de /home/JKP6679/Patho-Ensemble/PARADIS/datos/features/cptac_brca/features_ctranspath_monai...

Fold 46: train=77, val=14, test=21
Fold 46: ABMIL entrenado (val_auc=0.8718)
Cargando features de /home/JKP6679/Patho-Ensemble/PARADIS/datos/features/cptac_brca/features_ctranspath_monai...

Fold 47: train=75, val=13, test=24
Fold 47: ABMIL entrenado (val_auc=0.9464)
Cargando features de /home/JKP6679/Patho-Ensemble/PARADIS/datos/features/cptac_brca/features_ctranspath_monai...

Fold 48: train=76, val=14, test=22
Fold 48: ABMIL entrenado (val_auc=0.5818)
Cargando features de /home/JKP6679/Patho-Ensemble/PARADIS/datos/features/cptac_brca/features_ctranspath_monai...

Fold 49: train=77, val=13, test=22
Fold 49: ABMIL entrenado (val_auc=0.8667)

Calculando métricas de validación...
✅ Métricas de validación completadas

Calculando métricas de test...
✅ Métricas de test completadas (50 folds con datos)

✅ Training completed
[18:18:54] ctranspath / bag256 — meta-features (bolsa COMPLETA)...
  latent_dim auto-detectado: 768  (de features_ctranspath_monai)

============================================================
ABMIL Test (predicciones sobre train): ctranspath
  Dataset: cptac_brca/TP53_mutation
  Latent dim: 768, Num classes: 2, Folds: 50
============================================================

Cargando features de /home/JKP6679/Patho-Ensemble/PARADIS/datos/features/cptac_brca/features_ctranspath_monai...

✅ Predicciones de train generadas para 50/50 folds (0 omitidos por falta de checkpoint/datos).
[18:19:52] ✓ ctranspath / bag256 — checkpoints=50  train_eval=50
[18:19:52] uni_v2 / bag256 — entrenando 50 folds...
  latent_dim auto-detectado: 1536  (de features_uni_v2)

============================================================
ABMIL Training: uni_v2
  Dataset: cptac_brca/TP53_mutation
  Latent dim: 1536, Num classes: 2
  Epochs: 100, Fold: all
============================================================

Cargando features de /home/JKP6679/Patho-Ensemble/PARADIS/datos/features/cptac_brca/features_uni_v2...

Fold 0: train=75, val=15, test=22
Fold 0: ABMIL entrenado (val_auc=0.9815)
Cargando features de /home/JKP6679/Patho-Ensemble/PARADIS/datos/features/cptac_brca/features_uni_v2...

Fold 1: train=76, val=13, test=23
Fold 1: ABMIL entrenado (val_auc=0.9167)
Cargando features de /home/JKP6679/Patho-Ensemble/PARADIS/datos/features/cptac_brca/features_uni_v2...

Fold 2: train=76, val=16, test=20
Fold 2: ABMIL entrenado (val_auc=0.6429)
Cargando features de /home/JKP6679/Patho-Ensemble/PARADIS/datos/features/cptac_brca/features_uni_v2...

Fold 3: train=76, val=16, test=20
Fold 3: ABMIL entrenado (val_auc=0.8254)
Cargando features de /home/JKP6679/Patho-Ensemble/PARADIS/datos/features/cptac_brca/features_uni_v2...

Fold 4: train=77, val=15, test=20
Fold 4: ABMIL entrenado (val_auc=0.9365)
Cargando features de /home/JKP6679/Patho-Ensemble/PARADIS/datos/features/cptac_brca/features_uni_v2...

Fold 5: train=76, val=15, test=21
Fold 5: ABMIL entrenado (val_auc=0.7460)
Cargando features de /home/JKP6679/Patho-Ensemble/PARADIS/datos/features/cptac_brca/features_uni_v2...

Fold 6: train=74, val=16, test=22
Fold 6: ABMIL entrenado (val_auc=0.7000)
Cargando features de /home/JKP6679/Patho-Ensemble/PARADIS/datos/features/cptac_brca/features_uni_v2...

Fold 7: train=78, val=13, test=21
Fold 7: ABMIL entrenado (val_auc=0.9375)
Cargando features de /home/JKP6679/Patho-Ensemble/PARADIS/datos/features/cptac_brca/features_uni_v2...

Fold 8: train=77, val=14, test=21
Fold 8: ABMIL entrenado (val_auc=0.8727)
Cargando features de /home/JKP6679/Patho-Ensemble/PARADIS/datos/features/cptac_brca/features_uni_v2...

Fold 9: train=77, val=14, test=21
Fold 9: ABMIL entrenado (val_auc=0.9048)
Cargando features de /home/JKP6679/Patho-Ensemble/PARADIS/datos/features/cptac_brca/features_uni_v2...

Fold 10: train=75, val=16, test=21
Fold 10: ABMIL entrenado (val_auc=0.8519)
Cargando features de /home/JKP6679/Patho-Ensemble/PARADIS/datos/features/cptac_brca/features_uni_v2...

Fold 11: train=74, val=15, test=23
Fold 11: ABMIL entrenado (val_auc=0.5833)
Cargando features de /home/JKP6679/Patho-Ensemble/PARADIS/datos/features/cptac_brca/features_uni_v2...

Fold 12: train=76, val=16, test=20
Fold 12: ABMIL entrenado (val_auc=0.6667)
Cargando features de /home/JKP6679/Patho-Ensemble/PARADIS/datos/features/cptac_brca/features_uni_v2...

Fold 13: train=75, val=17, test=20
Fold 13: ABMIL entrenado (val_auc=0.8929)
Cargando features de /home/JKP6679/Patho-Ensemble/PARADIS/datos/features/cptac_brca/features_uni_v2...

Fold 14: train=77, val=14, test=21
Fold 14: ABMIL entrenado (val_auc=0.5397)
Cargando features de /home/JKP6679/Patho-Ensemble/PARADIS/datos/features/cptac_brca/features_uni_v2...

Fold 15: train=76, val=14, test=22
Fold 15: ABMIL entrenado (val_auc=0.7143)
Cargando features de /home/JKP6679/Patho-Ensemble/PARADIS/datos/features/cptac_brca/features_uni_v2...

Fold 16: train=77, val=13, test=22
Fold 16: ABMIL entrenado (val_auc=0.8000)
Cargando features de /home/JKP6679/Patho-Ensemble/PARADIS/datos/features/cptac_brca/features_uni_v2...

Fold 17: train=75, val=16, test=21
Fold 17: ABMIL entrenado (val_auc=0.8800)
Cargando features de /home/JKP6679/Patho-Ensemble/PARADIS/datos/features/cptac_brca/features_uni_v2...

Fold 18: train=75, val=16, test=21
Fold 18: ABMIL entrenado (val_auc=0.6964)
Cargando features de /home/JKP6679/Patho-Ensemble/PARADIS/datos/features/cptac_brca/features_uni_v2...

Fold 19: train=73, val=16, test=23
Fold 19: ABMIL entrenado (val_auc=0.7222)
Cargando features de /home/JKP6679/Patho-Ensemble/PARADIS/datos/features/cptac_brca/features_uni_v2...

Fold 20: train=76, val=15, test=21
Fold 20: ABMIL entrenado (val_auc=0.8281)
Cargando features de /home/JKP6679/Patho-Ensemble/PARADIS/datos/features/cptac_brca/features_uni_v2...

Fold 21: train=75, val=13, test=24
Fold 21: ABMIL entrenado (val_auc=0.5741)
Cargando features de /home/JKP6679/Patho-Ensemble/PARADIS/datos/features/cptac_brca/features_uni_v2...

Fold 22: train=74, val=15, test=23
Fold 22: ABMIL entrenado (val_auc=0.9600)
Cargando features de /home/JKP6679/Patho-Ensemble/PARADIS/datos/features/cptac_brca/features_uni_v2...

Fold 23: train=75, val=15, test=22
Fold 23: ABMIL entrenado (val_auc=0.7200)
Cargando features de /home/JKP6679/Patho-Ensemble/PARADIS/datos/features/cptac_brca/features_uni_v2...

Fold 24: train=76, val=14, test=22
Fold 24: ABMIL entrenado (val_auc=0.5500)
Cargando features de /home/JKP6679/Patho-Ensemble/PARADIS/datos/features/cptac_brca/features_uni_v2...

Fold 25: train=77, val=14, test=21
Fold 25: ABMIL entrenado (val_auc=0.5273)
Cargando features de /home/JKP6679/Patho-Ensemble/PARADIS/datos/features/cptac_brca/features_uni_v2...

Fold 26: train=77, val=13, test=22
Fold 26: ABMIL entrenado (val_auc=0.9818)
Cargando features de /home/JKP6679/Patho-Ensemble/PARADIS/datos/features/cptac_brca/features_uni_v2...

Fold 27: train=77, val=14, test=21
Fold 27: ABMIL entrenado (val_auc=0.7708)
Cargando features de /home/JKP6679/Patho-Ensemble/PARADIS/datos/features/cptac_brca/features_uni_v2...

Fold 28: train=79, val=13, test=20
Fold 28: ABMIL entrenado (val_auc=0.8281)
Cargando features de /home/JKP6679/Patho-Ensemble/PARADIS/datos/features/cptac_brca/features_uni_v2...

Fold 29: train=77, val=13, test=22
Fold 29: ABMIL entrenado (val_auc=0.9667)
Cargando features de /home/JKP6679/Patho-Ensemble/PARADIS/datos/features/cptac_brca/features_uni_v2...

Fold 30: train=75, val=16, test=21
Fold 30: ABMIL entrenado (val_auc=0.7778)
Cargando features de /home/JKP6679/Patho-Ensemble/PARADIS/datos/features/cptac_brca/features_uni_v2...

Fold 31: train=77, val=14, test=21
Fold 31: ABMIL entrenado (val_auc=0.7273)
Cargando features de /home/JKP6679/Patho-Ensemble/PARADIS/datos/features/cptac_brca/features_uni_v2...

Fold 32: train=77, val=14, test=21
Fold 32: ABMIL entrenado (val_auc=0.9273)
Cargando features de /home/JKP6679/Patho-Ensemble/PARADIS/datos/features/cptac_brca/features_uni_v2...

Fold 33: train=74, val=15, test=23
Fold 33: ABMIL entrenado (val_auc=0.8704)
Cargando features de /home/JKP6679/Patho-Ensemble/PARADIS/datos/features/cptac_brca/features_uni_v2...

Fold 34: train=75, val=14, test=23
Fold 34: ABMIL entrenado (val_auc=0.8750)
Cargando features de /home/JKP6679/Patho-Ensemble/PARADIS/datos/features/cptac_brca/features_uni_v2...

Fold 35: train=75, val=15, test=22
Fold 35: ABMIL entrenado (val_auc=0.9259)
Cargando features de /home/JKP6679/Patho-Ensemble/PARADIS/datos/features/cptac_brca/features_uni_v2...

Fold 36: train=78, val=14, test=20
Fold 36: ABMIL entrenado (val_auc=0.9048)
Cargando features de /home/JKP6679/Patho-Ensemble/PARADIS/datos/features/cptac_brca/features_uni_v2...

Fold 37: train=75, val=15, test=22
Fold 37: ABMIL entrenado (val_auc=0.9286)
Cargando features de /home/JKP6679/Patho-Ensemble/PARADIS/datos/features/cptac_brca/features_uni_v2...

Fold 38: train=76, val=14, test=22
Fold 38: ABMIL entrenado (val_auc=0.8500)
Cargando features de /home/JKP6679/Patho-Ensemble/PARADIS/datos/features/cptac_brca/features_uni_v2...

Fold 39: train=75, val=15, test=22
Fold 39: ABMIL entrenado (val_auc=0.7037)
Cargando features de /home/JKP6679/Patho-Ensemble/PARADIS/datos/features/cptac_brca/features_uni_v2...

Fold 40: train=77, val=15, test=20
Fold 40: ABMIL entrenado (val_auc=0.8333)
Cargando features de /home/JKP6679/Patho-Ensemble/PARADIS/datos/features/cptac_brca/features_uni_v2...

Fold 41: train=74, val=16, test=22
Fold 41: ABMIL entrenado (val_auc=1.0000)
Cargando features de /home/JKP6679/Patho-Ensemble/PARADIS/datos/features/cptac_brca/features_uni_v2...

Fold 42: train=76, val=16, test=20
Fold 42: ABMIL entrenado (val_auc=0.6667)
Cargando features de /home/JKP6679/Patho-Ensemble/PARADIS/datos/features/cptac_brca/features_uni_v2...

Fold 43: train=77, val=14, test=21
Fold 43: ABMIL entrenado (val_auc=0.7292)
Cargando features de /home/JKP6679/Patho-Ensemble/PARADIS/datos/features/cptac_brca/features_uni_v2...

Fold 44: train=78, val=14, test=20
Fold 44: ABMIL entrenado (val_auc=0.8125)
Cargando features de /home/JKP6679/Patho-Ensemble/PARADIS/datos/features/cptac_brca/features_uni_v2...

Fold 45: train=75, val=15, test=22
Fold 45: ABMIL entrenado (val_auc=0.8889)
Cargando features de /home/JKP6679/Patho-Ensemble/PARADIS/datos/features/cptac_brca/features_uni_v2...

Fold 46: train=77, val=14, test=21
Fold 46: ABMIL entrenado (val_auc=0.8462)
Cargando features de /home/JKP6679/Patho-Ensemble/PARADIS/datos/features/cptac_brca/features_uni_v2...

Fold 47: train=75, val=13, test=24
Fold 47: ABMIL entrenado (val_auc=0.9464)
Cargando features de /home/JKP6679/Patho-Ensemble/PARADIS/datos/features/cptac_brca/features_uni_v2...

Fold 48: train=76, val=14, test=22
Fold 48: ABMIL entrenado (val_auc=0.6727)
Cargando features de /home/JKP6679/Patho-Ensemble/PARADIS/datos/features/cptac_brca/features_uni_v2...

Fold 49: train=77, val=13, test=22
Fold 49: ABMIL entrenado (val_auc=0.8333)

Calculando métricas de validación...
✅ Métricas de validación completadas

Calculando métricas de test...
✅ Métricas de test completadas (50 folds con datos)

✅ Training completed
[18:32:40] uni_v2 / bag256 — meta-features (bolsa COMPLETA)...
  latent_dim auto-detectado: 1536  (de features_uni_v2)

============================================================
ABMIL Test (predicciones sobre train): uni_v2
  Dataset: cptac_brca/TP53_mutation
  Latent dim: 1536, Num classes: 2, Folds: 50
============================================================

Cargando features de /home/JKP6679/Patho-Ensemble/PARADIS/datos/features/cptac_brca/features_uni_v2...

✅ Predicciones de train generadas para 50/50 folds (0 omitidos por falta de checkpoint/datos).
[18:34:13] ✓ uni_v2 / bag256 — checkpoints=50  train_eval=50
[18:34:13] conch_v1_5 / bag256 — entrenando 50 folds...
  latent_dim auto-detectado: 768  (de features_conch_v1_5_monai)

============================================================
ABMIL Training: conch_v1_5
  Dataset: cptac_brca/TP53_mutation
  Latent dim: 768, Num classes: 2
  Epochs: 100, Fold: all
============================================================

Cargando features de /home/JKP6679/Patho-Ensemble/PARADIS/datos/features/cptac_brca/features_conch_v1_5_monai...

Fold 0: train=75, val=15, test=22
Fold 0: ABMIL entrenado (val_auc=1.0000)
Cargando features de /home/JKP6679/Patho-Ensemble/PARADIS/datos/features/cptac_brca/features_conch_v1_5_monai...

Fold 1: train=76, val=13, test=23
Fold 1: ABMIL entrenado (val_auc=0.9167)
Cargando features de /home/JKP6679/Patho-Ensemble/PARADIS/datos/features/cptac_brca/features_conch_v1_5_monai...

Fold 2: train=76, val=16, test=20
Fold 2: ABMIL entrenado (val_auc=0.9643)
Cargando features de /home/JKP6679/Patho-Ensemble/PARADIS/datos/features/cptac_brca/features_conch_v1_5_monai...

Fold 3: train=76, val=16, test=20
Fold 3: ABMIL entrenado (val_auc=0.8730)
Cargando features de /home/JKP6679/Patho-Ensemble/PARADIS/datos/features/cptac_brca/features_conch_v1_5_monai...

Fold 4: train=77, val=15, test=20
Fold 4: ABMIL entrenado (val_auc=0.9365)
Cargando features de /home/JKP6679/Patho-Ensemble/PARADIS/datos/features/cptac_brca/features_conch_v1_5_monai...

Fold 5: train=76, val=15, test=21
Fold 5: ABMIL entrenado (val_auc=0.7778)
Cargando features de /home/JKP6679/Patho-Ensemble/PARADIS/datos/features/cptac_brca/features_conch_v1_5_monai...

Fold 6: train=74, val=16, test=22
Fold 6: ABMIL entrenado (val_auc=0.8600)
Cargando features de /home/JKP6679/Patho-Ensemble/PARADIS/datos/features/cptac_brca/features_conch_v1_5_monai...

Fold 7: train=78, val=13, test=21
Fold 7: ABMIL entrenado (val_auc=1.0000)
Cargando features de /home/JKP6679/Patho-Ensemble/PARADIS/datos/features/cptac_brca/features_conch_v1_5_monai...

Fold 8: train=77, val=14, test=21
Fold 8: ABMIL entrenado (val_auc=0.8909)
Cargando features de /home/JKP6679/Patho-Ensemble/PARADIS/datos/features/cptac_brca/features_conch_v1_5_monai...

Fold 9: train=77, val=14, test=21
Fold 9: ABMIL entrenado (val_auc=0.9365)
Cargando features de /home/JKP6679/Patho-Ensemble/PARADIS/datos/features/cptac_brca/features_conch_v1_5_monai...

Fold 10: train=75, val=16, test=21
Fold 10: ABMIL entrenado (val_auc=0.7778)
Cargando features de /home/JKP6679/Patho-Ensemble/PARADIS/datos/features/cptac_brca/features_conch_v1_5_monai...

Fold 11: train=74, val=15, test=23
Fold 11: ABMIL entrenado (val_auc=0.6389)
Cargando features de /home/JKP6679/Patho-Ensemble/PARADIS/datos/features/cptac_brca/features_conch_v1_5_monai...

Fold 12: train=76, val=16, test=20
Fold 12: ABMIL entrenado (val_auc=0.7619)
Cargando features de /home/JKP6679/Patho-Ensemble/PARADIS/datos/features/cptac_brca/features_conch_v1_5_monai...

Fold 13: train=75, val=17, test=20
Fold 13: ABMIL entrenado (val_auc=0.8750)
Cargando features de /home/JKP6679/Patho-Ensemble/PARADIS/datos/features/cptac_brca/features_conch_v1_5_monai...

Fold 14: train=77, val=14, test=21
Fold 14: ABMIL entrenado (val_auc=0.7302)
Cargando features de /home/JKP6679/Patho-Ensemble/PARADIS/datos/features/cptac_brca/features_conch_v1_5_monai...

Fold 15: train=76, val=14, test=22
Fold 15: ABMIL entrenado (val_auc=0.8571)
Cargando features de /home/JKP6679/Patho-Ensemble/PARADIS/datos/features/cptac_brca/features_conch_v1_5_monai...

Fold 16: train=77, val=13, test=22
Fold 16: ABMIL entrenado (val_auc=0.8000)
Cargando features de /home/JKP6679/Patho-Ensemble/PARADIS/datos/features/cptac_brca/features_conch_v1_5_monai...

Fold 17: train=75, val=16, test=21
Fold 17: ABMIL entrenado (val_auc=0.8800)
Cargando features de /home/JKP6679/Patho-Ensemble/PARADIS/datos/features/cptac_brca/features_conch_v1_5_monai...

Fold 18: train=75, val=16, test=21
Fold 18: ABMIL entrenado (val_auc=0.6071)
Cargando features de /home/JKP6679/Patho-Ensemble/PARADIS/datos/features/cptac_brca/features_conch_v1_5_monai...

Fold 19: train=73, val=16, test=23
Fold 19: ABMIL entrenado (val_auc=0.8519)
Cargando features de /home/JKP6679/Patho-Ensemble/PARADIS/datos/features/cptac_brca/features_conch_v1_5_monai...

Fold 20: train=76, val=15, test=21
Fold 20: ABMIL entrenado (val_auc=0.7812)
Cargando features de /home/JKP6679/Patho-Ensemble/PARADIS/datos/features/cptac_brca/features_conch_v1_5_monai...

Fold 21: train=75, val=13, test=24
Fold 21: ABMIL entrenado (val_auc=0.8519)
Cargando features de /home/JKP6679/Patho-Ensemble/PARADIS/datos/features/cptac_brca/features_conch_v1_5_monai...

Fold 22: train=74, val=15, test=23
Fold 22: ABMIL entrenado (val_auc=0.9200)
Cargando features de /home/JKP6679/Patho-Ensemble/PARADIS/datos/features/cptac_brca/features_conch_v1_5_monai...

Fold 23: train=75, val=15, test=22
Fold 23: ABMIL entrenado (val_auc=0.9200)
Cargando features de /home/JKP6679/Patho-Ensemble/PARADIS/datos/features/cptac_brca/features_conch_v1_5_monai...

Fold 24: train=76, val=14, test=22
Fold 24: ABMIL entrenado (val_auc=0.7333)
Cargando features de /home/JKP6679/Patho-Ensemble/PARADIS/datos/features/cptac_brca/features_conch_v1_5_monai...

Fold 25: train=77, val=14, test=21
Fold 25: ABMIL entrenado (val_auc=0.6727)
Cargando features de /home/JKP6679/Patho-Ensemble/PARADIS/datos/features/cptac_brca/features_conch_v1_5_monai...

Fold 26: train=77, val=13, test=22
Fold 26: ABMIL entrenado (val_auc=0.9636)
Cargando features de /home/JKP6679/Patho-Ensemble/PARADIS/datos/features/cptac_brca/features_conch_v1_5_monai...

Fold 27: train=77, val=14, test=21
Fold 27: ABMIL entrenado (val_auc=0.8333)
Cargando features de /home/JKP6679/Patho-Ensemble/PARADIS/datos/features/cptac_brca/features_conch_v1_5_monai...

Fold 28: train=79, val=13, test=20
Fold 28: ABMIL entrenado (val_auc=0.7969)
Cargando features de /home/JKP6679/Patho-Ensemble/PARADIS/datos/features/cptac_brca/features_conch_v1_5_monai...

Fold 29: train=77, val=13, test=22
Fold 29: ABMIL entrenado (val_auc=0.9833)
Cargando features de /home/JKP6679/Patho-Ensemble/PARADIS/datos/features/cptac_brca/features_conch_v1_5_monai...

Fold 30: train=75, val=16, test=21
Fold 30: ABMIL entrenado (val_auc=0.9259)
Cargando features de /home/JKP6679/Patho-Ensemble/PARADIS/datos/features/cptac_brca/features_conch_v1_5_monai...

Fold 31: train=77, val=14, test=21
Fold 31: ABMIL entrenado (val_auc=0.6727)
Cargando features de /home/JKP6679/Patho-Ensemble/PARADIS/datos/features/cptac_brca/features_conch_v1_5_monai...

Fold 32: train=77, val=14, test=21
Fold 32: ABMIL entrenado (val_auc=0.9455)
Cargando features de /home/JKP6679/Patho-Ensemble/PARADIS/datos/features/cptac_brca/features_conch_v1_5_monai...

Fold 33: train=74, val=15, test=23
Fold 33: ABMIL entrenado (val_auc=0.9259)
Cargando features de /home/JKP6679/Patho-Ensemble/PARADIS/datos/features/cptac_brca/features_conch_v1_5_monai...

Fold 34: train=75, val=14, test=23
Fold 34: ABMIL entrenado (val_auc=0.8750)
Cargando features de /home/JKP6679/Patho-Ensemble/PARADIS/datos/features/cptac_brca/features_conch_v1_5_monai...

Fold 35: train=75, val=15, test=22
Fold 35: ABMIL entrenado (val_auc=1.0000)
Cargando features de /home/JKP6679/Patho-Ensemble/PARADIS/datos/features/cptac_brca/features_conch_v1_5_monai...

Fold 36: train=78, val=14, test=20
Fold 36: ABMIL entrenado (val_auc=0.9524)
Cargando features de /home/JKP6679/Patho-Ensemble/PARADIS/datos/features/cptac_brca/features_conch_v1_5_monai...

Fold 37: train=75, val=15, test=22
Fold 37: ABMIL entrenado (val_auc=0.9464)
Cargando features de /home/JKP6679/Patho-Ensemble/PARADIS/datos/features/cptac_brca/features_conch_v1_5_monai...

Fold 38: train=76, val=14, test=22
Fold 38: ABMIL entrenado (val_auc=0.8833)
Cargando features de /home/JKP6679/Patho-Ensemble/PARADIS/datos/features/cptac_brca/features_conch_v1_5_monai...

Fold 39: train=75, val=15, test=22
Fold 39: ABMIL entrenado (val_auc=0.7593)
Cargando features de /home/JKP6679/Patho-Ensemble/PARADIS/datos/features/cptac_brca/features_conch_v1_5_monai...

Fold 40: train=77, val=15, test=20
Fold 40: ABMIL entrenado (val_auc=0.8125)
Cargando features de /home/JKP6679/Patho-Ensemble/PARADIS/datos/features/cptac_brca/features_conch_v1_5_monai...

Fold 41: train=74, val=16, test=22
Fold 41: ABMIL entrenado (val_auc=1.0000)
Cargando features de /home/JKP6679/Patho-Ensemble/PARADIS/datos/features/cptac_brca/features_conch_v1_5_monai...

Fold 42: train=76, val=16, test=20
Fold 42: ABMIL entrenado (val_auc=0.8958)
Cargando features de /home/JKP6679/Patho-Ensemble/PARADIS/datos/features/cptac_brca/features_conch_v1_5_monai...

Fold 43: train=77, val=14, test=21
Fold 43: ABMIL entrenado (val_auc=0.7708)
Cargando features de /home/JKP6679/Patho-Ensemble/PARADIS/datos/features/cptac_brca/features_conch_v1_5_monai...

Fold 44: train=78, val=14, test=20
Fold 44: ABMIL entrenado (val_auc=0.9583)
Cargando features de /home/JKP6679/Patho-Ensemble/PARADIS/datos/features/cptac_brca/features_conch_v1_5_monai...

Fold 45: train=75, val=15, test=22
Fold 45: ABMIL entrenado (val_auc=0.8148)
Cargando features de /home/JKP6679/Patho-Ensemble/PARADIS/datos/features/cptac_brca/features_conch_v1_5_monai...

Fold 46: train=77, val=14, test=21
Fold 46: ABMIL entrenado (val_auc=1.0000)
Cargando features de /home/JKP6679/Patho-Ensemble/PARADIS/datos/features/cptac_brca/features_conch_v1_5_monai...

Fold 47: train=75, val=13, test=24
Fold 47: ABMIL entrenado (val_auc=0.9464)
Cargando features de /home/JKP6679/Patho-Ensemble/PARADIS/datos/features/cptac_brca/features_conch_v1_5_monai...

Fold 48: train=76, val=14, test=22
Fold 48: ABMIL entrenado (val_auc=0.6727)
Cargando features de /home/JKP6679/Patho-Ensemble/PARADIS/datos/features/cptac_brca/features_conch_v1_5_monai...

Fold 49: train=77, val=13, test=22
Fold 49: ABMIL entrenado (val_auc=0.8833)

Calculando métricas de validación...
✅ Métricas de validación completadas

Calculando métricas de test...
✅ Métricas de test completadas (50 folds con datos)

✅ Training completed
[18:39:22] conch_v1_5 / bag256 — meta-features (bolsa COMPLETA)...
  latent_dim auto-detectado: 768  (de features_conch_v1_5_monai)

============================================================
ABMIL Test (predicciones sobre train): conch_v1_5
  Dataset: cptac_brca/TP53_mutation
  Latent dim: 768, Num classes: 2, Folds: 50
============================================================

Cargando features de /home/JKP6679/Patho-Ensemble/PARADIS/datos/features/cptac_brca/features_conch_v1_5_monai...

✅ Predicciones de train generadas para 50/50 folds (0 omitidos por falta de checkpoint/datos).
[18:39:59] ✓ conch_v1_5 / bag256 — checkpoints=50  train_eval=50

############################################################
### bag_size=512   (tag: bag512)
############################################################
[18:39:59] ctranspath / bag512 — entrenando 50 folds...
  latent_dim auto-detectado: 768  (de features_ctranspath_monai)

============================================================
ABMIL Training: ctranspath
  Dataset: cptac_brca/TP53_mutation
  Latent dim: 768, Num classes: 2
  Epochs: 100, Fold: all
============================================================

Cargando features de /home/JKP6679/Patho-Ensemble/PARADIS/datos/features/cptac_brca/features_ctranspath_monai...

Fold 0: train=75, val=15, test=22
Fold 0: ABMIL entrenado (val_auc=1.0000)
Cargando features de /home/JKP6679/Patho-Ensemble/PARADIS/datos/features/cptac_brca/features_ctranspath_monai...

Fold 1: train=76, val=13, test=23
Fold 1: ABMIL entrenado (val_auc=0.9792)
Cargando features de /home/JKP6679/Patho-Ensemble/PARADIS/datos/features/cptac_brca/features_ctranspath_monai...

Fold 2: train=76, val=16, test=20
Fold 2: ABMIL entrenado (val_auc=0.7143)
Cargando features de /home/JKP6679/Patho-Ensemble/PARADIS/datos/features/cptac_brca/features_ctranspath_monai...

Fold 3: train=76, val=16, test=20
Fold 3: ABMIL entrenado (val_auc=0.9206)
Cargando features de /home/JKP6679/Patho-Ensemble/PARADIS/datos/features/cptac_brca/features_ctranspath_monai...

Fold 4: train=77, val=15, test=20
Fold 4: ABMIL entrenado (val_auc=0.9365)
Cargando features de /home/JKP6679/Patho-Ensemble/PARADIS/datos/features/cptac_brca/features_ctranspath_monai...

Fold 5: train=76, val=15, test=21
Fold 5: ABMIL entrenado (val_auc=0.6825)
Cargando features de /home/JKP6679/Patho-Ensemble/PARADIS/datos/features/cptac_brca/features_ctranspath_monai...

Fold 6: train=74, val=16, test=22
Fold 6: ABMIL entrenado (val_auc=0.8000)
Cargando features de /home/JKP6679/Patho-Ensemble/PARADIS/datos/features/cptac_brca/features_ctranspath_monai...

Fold 7: train=78, val=13, test=21
Fold 7: ABMIL entrenado (val_auc=1.0000)
Cargando features de /home/JKP6679/Patho-Ensemble/PARADIS/datos/features/cptac_brca/features_ctranspath_monai...

Fold 8: train=77, val=14, test=21
Fold 8: ABMIL entrenado (val_auc=0.9455)
Cargando features de /home/JKP6679/Patho-Ensemble/PARADIS/datos/features/cptac_brca/features_ctranspath_monai...

Fold 9: train=77, val=14, test=21
Fold 9: ABMIL entrenado (val_auc=0.8889)
Cargando features de /home/JKP6679/Patho-Ensemble/PARADIS/datos/features/cptac_brca/features_ctranspath_monai...

Fold 10: train=75, val=16, test=21
Fold 10: ABMIL entrenado (val_auc=0.7963)
Cargando features de /home/JKP6679/Patho-Ensemble/PARADIS/datos/features/cptac_brca/features_ctranspath_monai...

Fold 11: train=74, val=15, test=23
Fold 11: ABMIL entrenado (val_auc=0.5833)
Cargando features de /home/JKP6679/Patho-Ensemble/PARADIS/datos/features/cptac_brca/features_ctranspath_monai...

Fold 12: train=76, val=16, test=20
Fold 12: ABMIL entrenado (val_auc=0.6825)
Cargando features de /home/JKP6679/Patho-Ensemble/PARADIS/datos/features/cptac_brca/features_ctranspath_monai...

Fold 13: train=75, val=17, test=20
Fold 13: ABMIL entrenado (val_auc=0.9107)
Cargando features de /home/JKP6679/Patho-Ensemble/PARADIS/datos/features/cptac_brca/features_ctranspath_monai...

Fold 14: train=77, val=14, test=21
Fold 14: ABMIL entrenado (val_auc=0.6508)
Cargando features de /home/JKP6679/Patho-Ensemble/PARADIS/datos/features/cptac_brca/features_ctranspath_monai...

Fold 15: train=76, val=14, test=22
Fold 15: ABMIL entrenado (val_auc=0.8571)
Cargando features de /home/JKP6679/Patho-Ensemble/PARADIS/datos/features/cptac_brca/features_ctranspath_monai...

Fold 16: train=77, val=13, test=22
Fold 16: ABMIL entrenado (val_auc=0.8182)
Cargando features de /home/JKP6679/Patho-Ensemble/PARADIS/datos/features/cptac_brca/features_ctranspath_monai...

Fold 17: train=75, val=16, test=21
Fold 17: ABMIL entrenado (val_auc=0.8600)
Cargando features de /home/JKP6679/Patho-Ensemble/PARADIS/datos/features/cptac_brca/features_ctranspath_monai...

Fold 18: train=75, val=16, test=21
Fold 18: ABMIL entrenado (val_auc=0.7857)
Cargando features de /home/JKP6679/Patho-Ensemble/PARADIS/datos/features/cptac_brca/features_ctranspath_monai...

Fold 19: train=73, val=16, test=23
Fold 19: ABMIL entrenado (val_auc=0.7407)
Cargando features de /home/JKP6679/Patho-Ensemble/PARADIS/datos/features/cptac_brca/features_ctranspath_monai...

Fold 20: train=76, val=15, test=21
Fold 20: ABMIL entrenado (val_auc=0.8594)
Cargando features de /home/JKP6679/Patho-Ensemble/PARADIS/datos/features/cptac_brca/features_ctranspath_monai...

Fold 21: train=75, val=13, test=24
Fold 21: ABMIL entrenado (val_auc=0.8519)
Cargando features de /home/JKP6679/Patho-Ensemble/PARADIS/datos/features/cptac_brca/features_ctranspath_monai...

Fold 22: train=74, val=15, test=23
Fold 22: ABMIL entrenado (val_auc=0.9600)
Cargando features de /home/JKP6679/Patho-Ensemble/PARADIS/datos/features/cptac_brca/features_ctranspath_monai...

Fold 23: train=75, val=15, test=22
Fold 23: ABMIL entrenado (val_auc=0.7800)
Cargando features de /home/JKP6679/Patho-Ensemble/PARADIS/datos/features/cptac_brca/features_ctranspath_monai...

Fold 24: train=76, val=14, test=22
Fold 24: ABMIL entrenado (val_auc=0.8000)
Cargando features de /home/JKP6679/Patho-Ensemble/PARADIS/datos/features/cptac_brca/features_ctranspath_monai...

Fold 25: train=77, val=14, test=21
Fold 25: ABMIL entrenado (val_auc=0.5455)
Cargando features de /home/JKP6679/Patho-Ensemble/PARADIS/datos/features/cptac_brca/features_ctranspath_monai...

Fold 26: train=77, val=13, test=22
Fold 26: ABMIL entrenado (val_auc=0.9273)
Cargando features de /home/JKP6679/Patho-Ensemble/PARADIS/datos/features/cptac_brca/features_ctranspath_monai...

Fold 27: train=77, val=14, test=21
Fold 27: ABMIL entrenado (val_auc=0.9375)
Cargando features de /home/JKP6679/Patho-Ensemble/PARADIS/datos/features/cptac_brca/features_ctranspath_monai...

Fold 28: train=79, val=13, test=20
Fold 28: ABMIL entrenado (val_auc=0.8906)
Cargando features de /home/JKP6679/Patho-Ensemble/PARADIS/datos/features/cptac_brca/features_ctranspath_monai...

Fold 29: train=77, val=13, test=22
Fold 29: ABMIL entrenado (val_auc=0.9333)
Cargando features de /home/JKP6679/Patho-Ensemble/PARADIS/datos/features/cptac_brca/features_ctranspath_monai...

Fold 30: train=75, val=16, test=21
Fold 30: ABMIL entrenado (val_auc=0.9259)
Cargando features de /home/JKP6679/Patho-Ensemble/PARADIS/datos/features/cptac_brca/features_ctranspath_monai...

Fold 31: train=77, val=14, test=21
Fold 31: ABMIL entrenado (val_auc=0.8727)
Cargando features de /home/JKP6679/Patho-Ensemble/PARADIS/datos/features/cptac_brca/features_ctranspath_monai...

Fold 32: train=77, val=14, test=21
Fold 32: ABMIL entrenado (val_auc=0.9455)
Cargando features de /home/JKP6679/Patho-Ensemble/PARADIS/datos/features/cptac_brca/features_ctranspath_monai...

Fold 33: train=74, val=15, test=23
Fold 33: ABMIL entrenado (val_auc=0.7963)
Cargando features de /home/JKP6679/Patho-Ensemble/PARADIS/datos/features/cptac_brca/features_ctranspath_monai...

Fold 34: train=75, val=14, test=23
Fold 34: ABMIL entrenado (val_auc=0.8393)
Cargando features de /home/JKP6679/Patho-Ensemble/PARADIS/datos/features/cptac_brca/features_ctranspath_monai...

Fold 35: train=75, val=15, test=22
Fold 35: ABMIL entrenado (val_auc=0.9815)
Cargando features de /home/JKP6679/Patho-Ensemble/PARADIS/datos/features/cptac_brca/features_ctranspath_monai...

Fold 36: train=78, val=14, test=20
Fold 36: ABMIL entrenado (val_auc=0.9206)
Cargando features de /home/JKP6679/Patho-Ensemble/PARADIS/datos/features/cptac_brca/features_ctranspath_monai...

Fold 37: train=75, val=15, test=22
Fold 37: ABMIL entrenado (val_auc=1.0000)
Cargando features de /home/JKP6679/Patho-Ensemble/PARADIS/datos/features/cptac_brca/features_ctranspath_monai...

Fold 38: train=76, val=14, test=22
Fold 38: ABMIL entrenado (val_auc=0.8500)
Cargando features de /home/JKP6679/Patho-Ensemble/PARADIS/datos/features/cptac_brca/features_ctranspath_monai...

Fold 39: train=75, val=15, test=22
Fold 39: ABMIL entrenado (val_auc=0.8519)
Cargando features de /home/JKP6679/Patho-Ensemble/PARADIS/datos/features/cptac_brca/features_ctranspath_monai...

Fold 40: train=77, val=15, test=20
Fold 40: ABMIL entrenado (val_auc=0.7917)
Cargando features de /home/JKP6679/Patho-Ensemble/PARADIS/datos/features/cptac_brca/features_ctranspath_monai...

Fold 41: train=74, val=16, test=22
Fold 41: ABMIL entrenado (val_auc=1.0000)
Cargando features de /home/JKP6679/Patho-Ensemble/PARADIS/datos/features/cptac_brca/features_ctranspath_monai...

Fold 42: train=76, val=16, test=20
Fold 42: ABMIL entrenado (val_auc=0.8125)
Cargando features de /home/JKP6679/Patho-Ensemble/PARADIS/datos/features/cptac_brca/features_ctranspath_monai...

Fold 43: train=77, val=14, test=21
Fold 43: ABMIL entrenado (val_auc=0.7917)
Cargando features de /home/JKP6679/Patho-Ensemble/PARADIS/datos/features/cptac_brca/features_ctranspath_monai...

Fold 44: train=78, val=14, test=20
Fold 44: ABMIL entrenado (val_auc=0.8958)
Cargando features de /home/JKP6679/Patho-Ensemble/PARADIS/datos/features/cptac_brca/features_ctranspath_monai...

Fold 45: train=75, val=15, test=22
Fold 45: ABMIL entrenado (val_auc=0.9630)
Cargando features de /home/JKP6679/Patho-Ensemble/PARADIS/datos/features/cptac_brca/features_ctranspath_monai...

Fold 46: train=77, val=14, test=21
Fold 46: ABMIL entrenado (val_auc=0.9231)
Cargando features de /home/JKP6679/Patho-Ensemble/PARADIS/datos/features/cptac_brca/features_ctranspath_monai...

Fold 47: train=75, val=13, test=24
Fold 47: ABMIL entrenado (val_auc=0.9464)
Cargando features de /home/JKP6679/Patho-Ensemble/PARADIS/datos/features/cptac_brca/features_ctranspath_monai...

Fold 48: train=76, val=14, test=22
Fold 48: ABMIL entrenado (val_auc=0.5818)
Cargando features de /home/JKP6679/Patho-Ensemble/PARADIS/datos/features/cptac_brca/features_ctranspath_monai...

Fold 49: train=77, val=13, test=22
Fold 49: ABMIL entrenado (val_auc=0.8833)

Calculando métricas de validación...
✅ Métricas de validación completadas

Calculando métricas de test...
✅ Métricas de test completadas (50 folds con datos)

✅ Training completed
[18:44:40] ctranspath / bag512 — meta-features (bolsa COMPLETA)...
  latent_dim auto-detectado: 768  (de features_ctranspath_monai)

============================================================
ABMIL Test (predicciones sobre train): ctranspath
  Dataset: cptac_brca/TP53_mutation
  Latent dim: 768, Num classes: 2, Folds: 50
============================================================

Cargando features de /home/JKP6679/Patho-Ensemble/PARADIS/datos/features/cptac_brca/features_ctranspath_monai...

✅ Predicciones de train generadas para 50/50 folds (0 omitidos por falta de checkpoint/datos).
[18:45:09] ✓ ctranspath / bag512 — checkpoints=50  train_eval=50
[18:45:09] uni_v2 / bag512 — entrenando 50 folds...
  latent_dim auto-detectado: 1536  (de features_uni_v2)

============================================================
ABMIL Training: uni_v2
  Dataset: cptac_brca/TP53_mutation
  Latent dim: 1536, Num classes: 2
  Epochs: 100, Fold: all
============================================================

Cargando features de /home/JKP6679/Patho-Ensemble/PARADIS/datos/features/cptac_brca/features_uni_v2...

Fold 0: train=75, val=15, test=22
Fold 0: ABMIL entrenado (val_auc=0.9630)
Cargando features de /home/JKP6679/Patho-Ensemble/PARADIS/datos/features/cptac_brca/features_uni_v2...

Fold 1: train=76, val=13, test=23
Fold 1: ABMIL entrenado (val_auc=0.9167)
Cargando features de /home/JKP6679/Patho-Ensemble/PARADIS/datos/features/cptac_brca/features_uni_v2...

Fold 2: train=76, val=16, test=20
Fold 2: ABMIL entrenado (val_auc=0.6429)
Cargando features de /home/JKP6679/Patho-Ensemble/PARADIS/datos/features/cptac_brca/features_uni_v2...

Fold 3: train=76, val=16, test=20
Fold 3: ABMIL entrenado (val_auc=0.8254)
Cargando features de /home/JKP6679/Patho-Ensemble/PARADIS/datos/features/cptac_brca/features_uni_v2...

Fold 4: train=77, val=15, test=20
Fold 4: ABMIL entrenado (val_auc=0.9365)
Cargando features de /home/JKP6679/Patho-Ensemble/PARADIS/datos/features/cptac_brca/features_uni_v2...

Fold 5: train=76, val=15, test=21
Fold 5: ABMIL entrenado (val_auc=0.7460)
Cargando features de /home/JKP6679/Patho-Ensemble/PARADIS/datos/features/cptac_brca/features_uni_v2...

Fold 6: train=74, val=16, test=22
Fold 6: ABMIL entrenado (val_auc=0.7000)
Cargando features de /home/JKP6679/Patho-Ensemble/PARADIS/datos/features/cptac_brca/features_uni_v2...

Fold 7: train=78, val=13, test=21
Fold 7: ABMIL entrenado (val_auc=0.9062)
Cargando features de /home/JKP6679/Patho-Ensemble/PARADIS/datos/features/cptac_brca/features_uni_v2...

Fold 8: train=77, val=14, test=21
Fold 8: ABMIL entrenado (val_auc=0.9455)
Cargando features de /home/JKP6679/Patho-Ensemble/PARADIS/datos/features/cptac_brca/features_uni_v2...

Fold 9: train=77, val=14, test=21
Fold 9: ABMIL entrenado (val_auc=0.9048)
Cargando features de /home/JKP6679/Patho-Ensemble/PARADIS/datos/features/cptac_brca/features_uni_v2...

Fold 10: train=75, val=16, test=21
Fold 10: ABMIL entrenado (val_auc=0.8704)
Cargando features de /home/JKP6679/Patho-Ensemble/PARADIS/datos/features/cptac_brca/features_uni_v2...

Fold 11: train=74, val=15, test=23
Fold 11: ABMIL entrenado (val_auc=0.5833)
Cargando features de /home/JKP6679/Patho-Ensemble/PARADIS/datos/features/cptac_brca/features_uni_v2...

Fold 12: train=76, val=16, test=20
Fold 12: ABMIL entrenado (val_auc=0.6508)
Cargando features de /home/JKP6679/Patho-Ensemble/PARADIS/datos/features/cptac_brca/features_uni_v2...

Fold 13: train=75, val=17, test=20
Fold 13: ABMIL entrenado (val_auc=0.8929)
Cargando features de /home/JKP6679/Patho-Ensemble/PARADIS/datos/features/cptac_brca/features_uni_v2...

Fold 14: train=77, val=14, test=21
Fold 14: ABMIL entrenado (val_auc=0.5714)
Cargando features de /home/JKP6679/Patho-Ensemble/PARADIS/datos/features/cptac_brca/features_uni_v2...

Fold 15: train=76, val=14, test=22
Fold 15: ABMIL entrenado (val_auc=0.7143)
Cargando features de /home/JKP6679/Patho-Ensemble/PARADIS/datos/features/cptac_brca/features_uni_v2...

Fold 16: train=77, val=13, test=22
Fold 16: ABMIL entrenado (val_auc=0.8000)
Cargando features de /home/JKP6679/Patho-Ensemble/PARADIS/datos/features/cptac_brca/features_uni_v2...

Fold 17: train=75, val=16, test=21
Fold 17: ABMIL entrenado (val_auc=0.9000)
Cargando features de /home/JKP6679/Patho-Ensemble/PARADIS/datos/features/cptac_brca/features_uni_v2...

Fold 18: train=75, val=16, test=21
Fold 18: ABMIL entrenado (val_auc=0.6964)
Cargando features de /home/JKP6679/Patho-Ensemble/PARADIS/datos/features/cptac_brca/features_uni_v2...

Fold 19: train=73, val=16, test=23
Fold 19: ABMIL entrenado (val_auc=0.7222)
Cargando features de /home/JKP6679/Patho-Ensemble/PARADIS/datos/features/cptac_brca/features_uni_v2...

Fold 20: train=76, val=15, test=21
Fold 20: ABMIL entrenado (val_auc=0.8125)
Cargando features de /home/JKP6679/Patho-Ensemble/PARADIS/datos/features/cptac_brca/features_uni_v2...

Fold 21: train=75, val=13, test=24
Fold 21: ABMIL entrenado (val_auc=0.6667)
Cargando features de /home/JKP6679/Patho-Ensemble/PARADIS/datos/features/cptac_brca/features_uni_v2...

Fold 22: train=74, val=15, test=23
Fold 22: ABMIL entrenado (val_auc=0.9600)
Cargando features de /home/JKP6679/Patho-Ensemble/PARADIS/datos/features/cptac_brca/features_uni_v2...

Fold 23: train=75, val=15, test=22
Fold 23: ABMIL entrenado (val_auc=0.6800)
Cargando features de /home/JKP6679/Patho-Ensemble/PARADIS/datos/features/cptac_brca/features_uni_v2...

Fold 24: train=76, val=14, test=22
Fold 24: ABMIL entrenado (val_auc=0.6167)
Cargando features de /home/JKP6679/Patho-Ensemble/PARADIS/datos/features/cptac_brca/features_uni_v2...

Fold 25: train=77, val=14, test=21
Fold 25: ABMIL entrenado (val_auc=0.5636)
Cargando features de /home/JKP6679/Patho-Ensemble/PARADIS/datos/features/cptac_brca/features_uni_v2...

Fold 26: train=77, val=13, test=22
Fold 26: ABMIL entrenado (val_auc=0.9818)
Cargando features de /home/JKP6679/Patho-Ensemble/PARADIS/datos/features/cptac_brca/features_uni_v2...

Fold 27: train=77, val=14, test=21
Fold 27: ABMIL entrenado (val_auc=0.7917)
Cargando features de /home/JKP6679/Patho-Ensemble/PARADIS/datos/features/cptac_brca/features_uni_v2...

Fold 28: train=79, val=13, test=20
Fold 28: ABMIL entrenado (val_auc=0.8438)
Cargando features de /home/JKP6679/Patho-Ensemble/PARADIS/datos/features/cptac_brca/features_uni_v2...

Fold 29: train=77, val=13, test=22
Fold 29: ABMIL entrenado (val_auc=0.9667)
Cargando features de /home/JKP6679/Patho-Ensemble/PARADIS/datos/features/cptac_brca/features_uni_v2...

Fold 30: train=75, val=16, test=21
Fold 30: ABMIL entrenado (val_auc=0.7778)
Cargando features de /home/JKP6679/Patho-Ensemble/PARADIS/datos/features/cptac_brca/features_uni_v2...

Fold 31: train=77, val=14, test=21
Fold 31: ABMIL entrenado (val_auc=0.7455)
Cargando features de /home/JKP6679/Patho-Ensemble/PARADIS/datos/features/cptac_brca/features_uni_v2...

Fold 32: train=77, val=14, test=21
Fold 32: ABMIL entrenado (val_auc=0.9273)
Cargando features de /home/JKP6679/Patho-Ensemble/PARADIS/datos/features/cptac_brca/features_uni_v2...

Fold 33: train=74, val=15, test=23
Fold 33: ABMIL entrenado (val_auc=0.8704)
Cargando features de /home/JKP6679/Patho-Ensemble/PARADIS/datos/features/cptac_brca/features_uni_v2...

Fold 34: train=75, val=14, test=23
Fold 34: ABMIL entrenado (val_auc=0.8750)
Cargando features de /home/JKP6679/Patho-Ensemble/PARADIS/datos/features/cptac_brca/features_uni_v2...

Fold 35: train=75, val=15, test=22
Fold 35: ABMIL entrenado (val_auc=0.9444)
Cargando features de /home/JKP6679/Patho-Ensemble/PARADIS/datos/features/cptac_brca/features_uni_v2...

Fold 36: train=78, val=14, test=20
Fold 36: ABMIL entrenado (val_auc=0.9048)
Cargando features de /home/JKP6679/Patho-Ensemble/PARADIS/datos/features/cptac_brca/features_uni_v2...

Fold 37: train=75, val=15, test=22
Fold 37: ABMIL entrenado (val_auc=0.9286)
Cargando features de /home/JKP6679/Patho-Ensemble/PARADIS/datos/features/cptac_brca/features_uni_v2...

Fold 38: train=76, val=14, test=22
Fold 38: ABMIL entrenado (val_auc=0.8667)
Cargando features de /home/JKP6679/Patho-Ensemble/PARADIS/datos/features/cptac_brca/features_uni_v2...

Fold 39: train=75, val=15, test=22
Fold 39: ABMIL entrenado (val_auc=0.7037)
Cargando features de /home/JKP6679/Patho-Ensemble/PARADIS/datos/features/cptac_brca/features_uni_v2...

Fold 40: train=77, val=15, test=20
Fold 40: ABMIL entrenado (val_auc=0.8125)
Cargando features de /home/JKP6679/Patho-Ensemble/PARADIS/datos/features/cptac_brca/features_uni_v2...

Fold 41: train=74, val=16, test=22
Fold 41: ABMIL entrenado (val_auc=1.0000)
Cargando features de /home/JKP6679/Patho-Ensemble/PARADIS/datos/features/cptac_brca/features_uni_v2...

Fold 42: train=76, val=16, test=20
Fold 42: ABMIL entrenado (val_auc=0.6667)
Cargando features de /home/JKP6679/Patho-Ensemble/PARADIS/datos/features/cptac_brca/features_uni_v2...

Fold 43: train=77, val=14, test=21
Fold 43: ABMIL entrenado (val_auc=0.7292)
Cargando features de /home/JKP6679/Patho-Ensemble/PARADIS/datos/features/cptac_brca/features_uni_v2...

Fold 44: train=78, val=14, test=20
Fold 44: ABMIL entrenado (val_auc=0.8125)
Cargando features de /home/JKP6679/Patho-Ensemble/PARADIS/datos/features/cptac_brca/features_uni_v2...

Fold 45: train=75, val=15, test=22
Fold 45: ABMIL entrenado (val_auc=0.8889)
Cargando features de /home/JKP6679/Patho-Ensemble/PARADIS/datos/features/cptac_brca/features_uni_v2...

Fold 46: train=77, val=14, test=21
Fold 46: ABMIL entrenado (val_auc=0.8718)
Cargando features de /home/JKP6679/Patho-Ensemble/PARADIS/datos/features/cptac_brca/features_uni_v2...

Fold 47: train=75, val=13, test=24
Fold 47: ABMIL entrenado (val_auc=0.9286)
Cargando features de /home/JKP6679/Patho-Ensemble/PARADIS/datos/features/cptac_brca/features_uni_v2...

Fold 48: train=76, val=14, test=22
Fold 48: ABMIL entrenado (val_auc=0.6727)
Cargando features de /home/JKP6679/Patho-Ensemble/PARADIS/datos/features/cptac_brca/features_uni_v2...

Fold 49: train=77, val=13, test=22
Fold 49: ABMIL entrenado (val_auc=0.8000)

Calculando métricas de validación...
✅ Métricas de validación completadas

Calculando métricas de test...
✅ Métricas de test completadas (50 folds con datos)

✅ Training completed
[18:57:39] uni_v2 / bag512 — meta-features (bolsa COMPLETA)...
  latent_dim auto-detectado: 1536  (de features_uni_v2)

============================================================
ABMIL Test (predicciones sobre train): uni_v2
  Dataset: cptac_brca/TP53_mutation
  Latent dim: 1536, Num classes: 2, Folds: 50
============================================================

Cargando features de /home/JKP6679/Patho-Ensemble/PARADIS/datos/features/cptac_brca/features_uni_v2...

✅ Predicciones de train generadas para 50/50 folds (0 omitidos por falta de checkpoint/datos).
[18:59:03] ✓ uni_v2 / bag512 — checkpoints=50  train_eval=50
[18:59:03] conch_v1_5 / bag512 — entrenando 50 folds...
  latent_dim auto-detectado: 768  (de features_conch_v1_5_monai)

============================================================
ABMIL Training: conch_v1_5
  Dataset: cptac_brca/TP53_mutation
  Latent dim: 768, Num classes: 2
  Epochs: 100, Fold: all
============================================================

Cargando features de /home/JKP6679/Patho-Ensemble/PARADIS/datos/features/cptac_brca/features_conch_v1_5_monai...

Fold 0: train=75, val=15, test=22
Fold 0: ABMIL entrenado (val_auc=1.0000)
Cargando features de /home/JKP6679/Patho-Ensemble/PARADIS/datos/features/cptac_brca/features_conch_v1_5_monai...

Fold 1: train=76, val=13, test=23
Fold 1: ABMIL entrenado (val_auc=0.9167)
Cargando features de /home/JKP6679/Patho-Ensemble/PARADIS/datos/features/cptac_brca/features_conch_v1_5_monai...

Fold 2: train=76, val=16, test=20
Fold 2: ABMIL entrenado (val_auc=0.9286)
Cargando features de /home/JKP6679/Patho-Ensemble/PARADIS/datos/features/cptac_brca/features_conch_v1_5_monai...

Fold 3: train=76, val=16, test=20
Fold 3: ABMIL entrenado (val_auc=0.8730)
Cargando features de /home/JKP6679/Patho-Ensemble/PARADIS/datos/features/cptac_brca/features_conch_v1_5_monai...

Fold 4: train=77, val=15, test=20
Fold 4: ABMIL entrenado (val_auc=0.9365)
Cargando features de /home/JKP6679/Patho-Ensemble/PARADIS/datos/features/cptac_brca/features_conch_v1_5_monai...

Fold 5: train=76, val=15, test=21
Fold 5: ABMIL entrenado (val_auc=0.7937)
Cargando features de /home/JKP6679/Patho-Ensemble/PARADIS/datos/features/cptac_brca/features_conch_v1_5_monai...

Fold 6: train=74, val=16, test=22
Fold 6: ABMIL entrenado (val_auc=0.8600)
Cargando features de /home/JKP6679/Patho-Ensemble/PARADIS/datos/features/cptac_brca/features_conch_v1_5_monai...

Fold 7: train=78, val=13, test=21
Fold 7: ABMIL entrenado (val_auc=1.0000)
Cargando features de /home/JKP6679/Patho-Ensemble/PARADIS/datos/features/cptac_brca/features_conch_v1_5_monai...

Fold 8: train=77, val=14, test=21
Fold 8: ABMIL entrenado (val_auc=0.8727)
Cargando features de /home/JKP6679/Patho-Ensemble/PARADIS/datos/features/cptac_brca/features_conch_v1_5_monai...

Fold 9: train=77, val=14, test=21
Fold 9: ABMIL entrenado (val_auc=0.9365)
Cargando features de /home/JKP6679/Patho-Ensemble/PARADIS/datos/features/cptac_brca/features_conch_v1_5_monai...

Fold 10: train=75, val=16, test=21
Fold 10: ABMIL entrenado (val_auc=0.8333)
Cargando features de /home/JKP6679/Patho-Ensemble/PARADIS/datos/features/cptac_brca/features_conch_v1_5_monai...

Fold 11: train=74, val=15, test=23
Fold 11: ABMIL entrenado (val_auc=0.5833)
Cargando features de /home/JKP6679/Patho-Ensemble/PARADIS/datos/features/cptac_brca/features_conch_v1_5_monai...

Fold 12: train=76, val=16, test=20
Fold 12: ABMIL entrenado (val_auc=0.7619)
Cargando features de /home/JKP6679/Patho-Ensemble/PARADIS/datos/features/cptac_brca/features_conch_v1_5_monai...

Fold 13: train=75, val=17, test=20
Fold 13: ABMIL entrenado (val_auc=0.8750)
Cargando features de /home/JKP6679/Patho-Ensemble/PARADIS/datos/features/cptac_brca/features_conch_v1_5_monai...

Fold 14: train=77, val=14, test=21
Fold 14: ABMIL entrenado (val_auc=0.7460)
Cargando features de /home/JKP6679/Patho-Ensemble/PARADIS/datos/features/cptac_brca/features_conch_v1_5_monai...

Fold 15: train=76, val=14, test=22
Fold 15: ABMIL entrenado (val_auc=0.8571)
Cargando features de /home/JKP6679/Patho-Ensemble/PARADIS/datos/features/cptac_brca/features_conch_v1_5_monai...

Fold 16: train=77, val=13, test=22
Fold 16: ABMIL entrenado (val_auc=0.8000)
Cargando features de /home/JKP6679/Patho-Ensemble/PARADIS/datos/features/cptac_brca/features_conch_v1_5_monai...

Fold 17: train=75, val=16, test=21
Fold 17: ABMIL entrenado (val_auc=0.9000)
Cargando features de /home/JKP6679/Patho-Ensemble/PARADIS/datos/features/cptac_brca/features_conch_v1_5_monai...

Fold 18: train=75, val=16, test=21
Fold 18: ABMIL entrenado (val_auc=0.6250)
Cargando features de /home/JKP6679/Patho-Ensemble/PARADIS/datos/features/cptac_brca/features_conch_v1_5_monai...

Fold 19: train=73, val=16, test=23
Fold 19: ABMIL entrenado (val_auc=0.8519)
Cargando features de /home/JKP6679/Patho-Ensemble/PARADIS/datos/features/cptac_brca/features_conch_v1_5_monai...

Fold 20: train=76, val=15, test=21
Fold 20: ABMIL entrenado (val_auc=0.7656)
Cargando features de /home/JKP6679/Patho-Ensemble/PARADIS/datos/features/cptac_brca/features_conch_v1_5_monai...

Fold 21: train=75, val=13, test=24
Fold 21: ABMIL entrenado (val_auc=0.8148)
Cargando features de /home/JKP6679/Patho-Ensemble/PARADIS/datos/features/cptac_brca/features_conch_v1_5_monai...

Fold 22: train=74, val=15, test=23
Fold 22: ABMIL entrenado (val_auc=0.9400)
Cargando features de /home/JKP6679/Patho-Ensemble/PARADIS/datos/features/cptac_brca/features_conch_v1_5_monai...

Fold 23: train=75, val=15, test=22
Fold 23: ABMIL entrenado (val_auc=0.9400)
Cargando features de /home/JKP6679/Patho-Ensemble/PARADIS/datos/features/cptac_brca/features_conch_v1_5_monai...

Fold 24: train=76, val=14, test=22
Fold 24: ABMIL entrenado (val_auc=0.7667)
Cargando features de /home/JKP6679/Patho-Ensemble/PARADIS/datos/features/cptac_brca/features_conch_v1_5_monai...

Fold 25: train=77, val=14, test=21
Fold 25: ABMIL entrenado (val_auc=0.6545)
Cargando features de /home/JKP6679/Patho-Ensemble/PARADIS/datos/features/cptac_brca/features_conch_v1_5_monai...

Fold 26: train=77, val=13, test=22
Fold 26: ABMIL entrenado (val_auc=0.9636)
Cargando features de /home/JKP6679/Patho-Ensemble/PARADIS/datos/features/cptac_brca/features_conch_v1_5_monai...

Fold 27: train=77, val=14, test=21
Fold 27: ABMIL entrenado (val_auc=0.8125)
Cargando features de /home/JKP6679/Patho-Ensemble/PARADIS/datos/features/cptac_brca/features_conch_v1_5_monai...

Fold 28: train=79, val=13, test=20
Fold 28: ABMIL entrenado (val_auc=0.7656)
Cargando features de /home/JKP6679/Patho-Ensemble/PARADIS/datos/features/cptac_brca/features_conch_v1_5_monai...

Fold 29: train=77, val=13, test=22
Fold 29: ABMIL entrenado (val_auc=1.0000)
Cargando features de /home/JKP6679/Patho-Ensemble/PARADIS/datos/features/cptac_brca/features_conch_v1_5_monai...

Fold 30: train=75, val=16, test=21
Fold 30: ABMIL entrenado (val_auc=0.9259)
Cargando features de /home/JKP6679/Patho-Ensemble/PARADIS/datos/features/cptac_brca/features_conch_v1_5_monai...

Fold 31: train=77, val=14, test=21
Fold 31: ABMIL entrenado (val_auc=0.6909)
Cargando features de /home/JKP6679/Patho-Ensemble/PARADIS/datos/features/cptac_brca/features_conch_v1_5_monai...

Fold 32: train=77, val=14, test=21
Fold 32: ABMIL entrenado (val_auc=0.9273)
Cargando features de /home/JKP6679/Patho-Ensemble/PARADIS/datos/features/cptac_brca/features_conch_v1_5_monai...

Fold 33: train=74, val=15, test=23
Fold 33: ABMIL entrenado (val_auc=0.8889)
Cargando features de /home/JKP6679/Patho-Ensemble/PARADIS/datos/features/cptac_brca/features_conch_v1_5_monai...

Fold 34: train=75, val=14, test=23
Fold 34: ABMIL entrenado (val_auc=0.9107)
Cargando features de /home/JKP6679/Patho-Ensemble/PARADIS/datos/features/cptac_brca/features_conch_v1_5_monai...

Fold 35: train=75, val=15, test=22
Fold 35: ABMIL entrenado (val_auc=1.0000)
Cargando features de /home/JKP6679/Patho-Ensemble/PARADIS/datos/features/cptac_brca/features_conch_v1_5_monai...

Fold 36: train=78, val=14, test=20
Fold 36: ABMIL entrenado (val_auc=1.0000)
Cargando features de /home/JKP6679/Patho-Ensemble/PARADIS/datos/features/cptac_brca/features_conch_v1_5_monai...

Fold 37: train=75, val=15, test=22
Fold 37: ABMIL entrenado (val_auc=0.9643)
Cargando features de /home/JKP6679/Patho-Ensemble/PARADIS/datos/features/cptac_brca/features_conch_v1_5_monai...

Fold 38: train=76, val=14, test=22
Fold 38: ABMIL entrenado (val_auc=0.9167)
Cargando features de /home/JKP6679/Patho-Ensemble/PARADIS/datos/features/cptac_brca/features_conch_v1_5_monai...

Fold 39: train=75, val=15, test=22
Fold 39: ABMIL entrenado (val_auc=0.7778)
Cargando features de /home/JKP6679/Patho-Ensemble/PARADIS/datos/features/cptac_brca/features_conch_v1_5_monai...

Fold 40: train=77, val=15, test=20
Fold 40: ABMIL entrenado (val_auc=0.8125)
Cargando features de /home/JKP6679/Patho-Ensemble/PARADIS/datos/features/cptac_brca/features_conch_v1_5_monai...

Fold 41: train=74, val=16, test=22
Fold 41: ABMIL entrenado (val_auc=1.0000)
Cargando features de /home/JKP6679/Patho-Ensemble/PARADIS/datos/features/cptac_brca/features_conch_v1_5_monai...

Fold 42: train=76, val=16, test=20
Fold 42: ABMIL entrenado (val_auc=0.9375)
Cargando features de /home/JKP6679/Patho-Ensemble/PARADIS/datos/features/cptac_brca/features_conch_v1_5_monai...

Fold 43: train=77, val=14, test=21
Fold 43: ABMIL entrenado (val_auc=0.8750)
Cargando features de /home/JKP6679/Patho-Ensemble/PARADIS/datos/features/cptac_brca/features_conch_v1_5_monai...

Fold 44: train=78, val=14, test=20
Fold 44: ABMIL entrenado (val_auc=0.9583)
Cargando features de /home/JKP6679/Patho-Ensemble/PARADIS/datos/features/cptac_brca/features_conch_v1_5_monai...

Fold 45: train=75, val=15, test=22
Fold 45: ABMIL entrenado (val_auc=0.8704)
Cargando features de /home/JKP6679/Patho-Ensemble/PARADIS/datos/features/cptac_brca/features_conch_v1_5_monai...

Fold 46: train=77, val=14, test=21
Fold 46: ABMIL entrenado (val_auc=0.9487)
Cargando features de /home/JKP6679/Patho-Ensemble/PARADIS/datos/features/cptac_brca/features_conch_v1_5_monai...

Fold 47: train=75, val=13, test=24
Fold 47: ABMIL entrenado (val_auc=0.9643)
Cargando features de /home/JKP6679/Patho-Ensemble/PARADIS/datos/features/cptac_brca/features_conch_v1_5_monai...

Fold 48: train=76, val=14, test=22
Fold 48: ABMIL entrenado (val_auc=0.7091)
Cargando features de /home/JKP6679/Patho-Ensemble/PARADIS/datos/features/cptac_brca/features_conch_v1_5_monai...

Fold 49: train=77, val=13, test=22
Fold 49: ABMIL entrenado (val_auc=0.9500)

Calculando métricas de validación...
✅ Métricas de validación completadas

Calculando métricas de test...
✅ Métricas de test completadas (50 folds con datos)

✅ Training completed
[19:04:21] conch_v1_5 / bag512 — meta-features (bolsa COMPLETA)...
  latent_dim auto-detectado: 768  (de features_conch_v1_5_monai)

============================================================
ABMIL Test (predicciones sobre train): conch_v1_5
  Dataset: cptac_brca/TP53_mutation
  Latent dim: 768, Num classes: 2, Folds: 50
============================================================

Cargando features de /home/JKP6679/Patho-Ensemble/PARADIS/datos/features/cptac_brca/features_conch_v1_5_monai...

✅ Predicciones de train generadas para 50/50 folds (0 omitidos por falta de checkpoint/datos).
[19:05:17] ✓ conch_v1_5 / bag512 — checkpoints=50  train_eval=50

############################################################
### bag_size=1024   (tag: bag1024)
############################################################
[19:05:17] ctranspath / bag1024 — entrenando 50 folds...
  latent_dim auto-detectado: 768  (de features_ctranspath_monai)

============================================================
ABMIL Training: ctranspath
  Dataset: cptac_brca/TP53_mutation
  Latent dim: 768, Num classes: 2
  Epochs: 100, Fold: all
============================================================

Cargando features de /home/JKP6679/Patho-Ensemble/PARADIS/datos/features/cptac_brca/features_ctranspath_monai...

Fold 0: train=75, val=15, test=22
Fold 0: ABMIL entrenado (val_auc=1.0000)
Cargando features de /home/JKP6679/Patho-Ensemble/PARADIS/datos/features/cptac_brca/features_ctranspath_monai...

Fold 1: train=76, val=13, test=23
Fold 1: ABMIL entrenado (val_auc=0.9792)
Cargando features de /home/JKP6679/Patho-Ensemble/PARADIS/datos/features/cptac_brca/features_ctranspath_monai...

Fold 2: train=76, val=16, test=20
Fold 2: ABMIL entrenado (val_auc=0.7143)
Cargando features de /home/JKP6679/Patho-Ensemble/PARADIS/datos/features/cptac_brca/features_ctranspath_monai...

Fold 3: train=76, val=16, test=20
Fold 3: ABMIL entrenado (val_auc=0.9048)
Cargando features de /home/JKP6679/Patho-Ensemble/PARADIS/datos/features/cptac_brca/features_ctranspath_monai...

Fold 4: train=77, val=15, test=20
Fold 4: ABMIL entrenado (val_auc=0.9365)
Cargando features de /home/JKP6679/Patho-Ensemble/PARADIS/datos/features/cptac_brca/features_ctranspath_monai...

Fold 5: train=76, val=15, test=21
Fold 5: ABMIL entrenado (val_auc=0.6825)
Cargando features de /home/JKP6679/Patho-Ensemble/PARADIS/datos/features/cptac_brca/features_ctranspath_monai...

Fold 6: train=74, val=16, test=22
Fold 6: ABMIL entrenado (val_auc=0.8000)
Cargando features de /home/JKP6679/Patho-Ensemble/PARADIS/datos/features/cptac_brca/features_ctranspath_monai...

Fold 7: train=78, val=13, test=21
Fold 7: ABMIL entrenado (val_auc=1.0000)
Cargando features de /home/JKP6679/Patho-Ensemble/PARADIS/datos/features/cptac_brca/features_ctranspath_monai...

Fold 8: train=77, val=14, test=21
Fold 8: ABMIL entrenado (val_auc=0.8727)
Cargando features de /home/JKP6679/Patho-Ensemble/PARADIS/datos/features/cptac_brca/features_ctranspath_monai...

Fold 9: train=77, val=14, test=21
Fold 9: ABMIL entrenado (val_auc=0.9048)
Cargando features de /home/JKP6679/Patho-Ensemble/PARADIS/datos/features/cptac_brca/features_ctranspath_monai...

Fold 10: train=75, val=16, test=21
Fold 10: ABMIL entrenado (val_auc=0.7778)
Cargando features de /home/JKP6679/Patho-Ensemble/PARADIS/datos/features/cptac_brca/features_ctranspath_monai...

Fold 11: train=74, val=15, test=23
Fold 11: ABMIL entrenado (val_auc=0.6667)
Cargando features de /home/JKP6679/Patho-Ensemble/PARADIS/datos/features/cptac_brca/features_ctranspath_monai...

Fold 12: train=76, val=16, test=20
Fold 12: ABMIL entrenado (val_auc=0.6667)
Cargando features de /home/JKP6679/Patho-Ensemble/PARADIS/datos/features/cptac_brca/features_ctranspath_monai...

Fold 13: train=75, val=17, test=20
Fold 13: ABMIL entrenado (val_auc=0.8929)
Cargando features de /home/JKP6679/Patho-Ensemble/PARADIS/datos/features/cptac_brca/features_ctranspath_monai...

Fold 14: train=77, val=14, test=21
Fold 14: ABMIL entrenado (val_auc=0.6825)
Cargando features de /home/JKP6679/Patho-Ensemble/PARADIS/datos/features/cptac_brca/features_ctranspath_monai...

Fold 15: train=76, val=14, test=22
Fold 15: ABMIL entrenado (val_auc=0.8214)
Cargando features de /home/JKP6679/Patho-Ensemble/PARADIS/datos/features/cptac_brca/features_ctranspath_monai...

Fold 16: train=77, val=13, test=22
Fold 16: ABMIL entrenado (val_auc=0.8182)
Cargando features de /home/JKP6679/Patho-Ensemble/PARADIS/datos/features/cptac_brca/features_ctranspath_monai...

Fold 17: train=75, val=16, test=21
Fold 17: ABMIL entrenado (val_auc=0.9000)
Cargando features de /home/JKP6679/Patho-Ensemble/PARADIS/datos/features/cptac_brca/features_ctranspath_monai...

Fold 18: train=75, val=16, test=21
Fold 18: ABMIL entrenado (val_auc=0.7857)
Cargando features de /home/JKP6679/Patho-Ensemble/PARADIS/datos/features/cptac_brca/features_ctranspath_monai...

Fold 19: train=73, val=16, test=23
Fold 19: ABMIL entrenado (val_auc=0.7407)
Cargando features de /home/JKP6679/Patho-Ensemble/PARADIS/datos/features/cptac_brca/features_ctranspath_monai...

Fold 20: train=76, val=15, test=21
Fold 20: ABMIL entrenado (val_auc=0.8438)
Cargando features de /home/JKP6679/Patho-Ensemble/PARADIS/datos/features/cptac_brca/features_ctranspath_monai...

Fold 21: train=75, val=13, test=24
Fold 21: ABMIL entrenado (val_auc=0.8889)
Cargando features de /home/JKP6679/Patho-Ensemble/PARADIS/datos/features/cptac_brca/features_ctranspath_monai...

Fold 22: train=74, val=15, test=23
Fold 22: ABMIL entrenado (val_auc=0.9400)
Cargando features de /home/JKP6679/Patho-Ensemble/PARADIS/datos/features/cptac_brca/features_ctranspath_monai...

Fold 23: train=75, val=15, test=22
Fold 23: ABMIL entrenado (val_auc=0.7600)
Cargando features de /home/JKP6679/Patho-Ensemble/PARADIS/datos/features/cptac_brca/features_ctranspath_monai...

Fold 24: train=76, val=14, test=22
Fold 24: ABMIL entrenado (val_auc=0.7833)
Cargando features de /home/JKP6679/Patho-Ensemble/PARADIS/datos/features/cptac_brca/features_ctranspath_monai...

Fold 25: train=77, val=14, test=21
Fold 25: ABMIL entrenado (val_auc=0.6000)
Cargando features de /home/JKP6679/Patho-Ensemble/PARADIS/datos/features/cptac_brca/features_ctranspath_monai...

Fold 26: train=77, val=13, test=22
Fold 26: ABMIL entrenado (val_auc=0.9818)
Cargando features de /home/JKP6679/Patho-Ensemble/PARADIS/datos/features/cptac_brca/features_ctranspath_monai...

Fold 27: train=77, val=14, test=21
Fold 27: ABMIL entrenado (val_auc=0.9167)
Cargando features de /home/JKP6679/Patho-Ensemble/PARADIS/datos/features/cptac_brca/features_ctranspath_monai...

Fold 28: train=79, val=13, test=20
Fold 28: ABMIL entrenado (val_auc=0.8906)
Cargando features de /home/JKP6679/Patho-Ensemble/PARADIS/datos/features/cptac_brca/features_ctranspath_monai...

Fold 29: train=77, val=13, test=22
Fold 29: ABMIL entrenado (val_auc=0.9167)
Cargando features de /home/JKP6679/Patho-Ensemble/PARADIS/datos/features/cptac_brca/features_ctranspath_monai...

Fold 30: train=75, val=16, test=21
Fold 30: ABMIL entrenado (val_auc=0.9259)
Cargando features de /home/JKP6679/Patho-Ensemble/PARADIS/datos/features/cptac_brca/features_ctranspath_monai...

Fold 31: train=77, val=14, test=21
Fold 31: ABMIL entrenado (val_auc=0.8182)
Cargando features de /home/JKP6679/Patho-Ensemble/PARADIS/datos/features/cptac_brca/features_ctranspath_monai...

Fold 32: train=77, val=14, test=21
Fold 32: ABMIL entrenado (val_auc=0.9273)
Cargando features de /home/JKP6679/Patho-Ensemble/PARADIS/datos/features/cptac_brca/features_ctranspath_monai...

Fold 33: train=74, val=15, test=23
Fold 33: ABMIL entrenado (val_auc=0.9074)
Cargando features de /home/JKP6679/Patho-Ensemble/PARADIS/datos/features/cptac_brca/features_ctranspath_monai...

Fold 34: train=75, val=14, test=23
Fold 34: ABMIL entrenado (val_auc=0.8393)
Cargando features de /home/JKP6679/Patho-Ensemble/PARADIS/datos/features/cptac_brca/features_ctranspath_monai...

Fold 35: train=75, val=15, test=22
Fold 35: ABMIL entrenado (val_auc=0.9630)
Cargando features de /home/JKP6679/Patho-Ensemble/PARADIS/datos/features/cptac_brca/features_ctranspath_monai...

Fold 36: train=78, val=14, test=20
Fold 36: ABMIL entrenado (val_auc=0.8889)
Cargando features de /home/JKP6679/Patho-Ensemble/PARADIS/datos/features/cptac_brca/features_ctranspath_monai...

Fold 37: train=75, val=15, test=22
Fold 37: ABMIL entrenado (val_auc=1.0000)
Cargando features de /home/JKP6679/Patho-Ensemble/PARADIS/datos/features/cptac_brca/features_ctranspath_monai...

Fold 38: train=76, val=14, test=22
Fold 38: ABMIL entrenado (val_auc=0.8500)
Cargando features de /home/JKP6679/Patho-Ensemble/PARADIS/datos/features/cptac_brca/features_ctranspath_monai...

Fold 39: train=75, val=15, test=22
Fold 39: ABMIL entrenado (val_auc=0.7222)
Cargando features de /home/JKP6679/Patho-Ensemble/PARADIS/datos/features/cptac_brca/features_ctranspath_monai...

Fold 40: train=77, val=15, test=20
Fold 40: ABMIL entrenado (val_auc=0.7917)
Cargando features de /home/JKP6679/Patho-Ensemble/PARADIS/datos/features/cptac_brca/features_ctranspath_monai...

Fold 41: train=74, val=16, test=22
Fold 41: ABMIL entrenado (val_auc=1.0000)
Cargando features de /home/JKP6679/Patho-Ensemble/PARADIS/datos/features/cptac_brca/features_ctranspath_monai...

Fold 42: train=76, val=16, test=20
Fold 42: ABMIL entrenado (val_auc=0.8542)
Cargando features de /home/JKP6679/Patho-Ensemble/PARADIS/datos/features/cptac_brca/features_ctranspath_monai...

Fold 43: train=77, val=14, test=21
Fold 43: ABMIL entrenado (val_auc=0.7708)
Cargando features de /home/JKP6679/Patho-Ensemble/PARADIS/datos/features/cptac_brca/features_ctranspath_monai...

Fold 44: train=78, val=14, test=20
Fold 44: ABMIL entrenado (val_auc=0.9167)
Cargando features de /home/JKP6679/Patho-Ensemble/PARADIS/datos/features/cptac_brca/features_ctranspath_monai...

Fold 45: train=75, val=15, test=22
Fold 45: ABMIL entrenado (val_auc=0.9444)
Cargando features de /home/JKP6679/Patho-Ensemble/PARADIS/datos/features/cptac_brca/features_ctranspath_monai...

Fold 46: train=77, val=14, test=21
Fold 46: ABMIL entrenado (val_auc=0.9231)
Cargando features de /home/JKP6679/Patho-Ensemble/PARADIS/datos/features/cptac_brca/features_ctranspath_monai...

Fold 47: train=75, val=13, test=24
Fold 47: ABMIL entrenado (val_auc=0.9821)
Cargando features de /home/JKP6679/Patho-Ensemble/PARADIS/datos/features/cptac_brca/features_ctranspath_monai...

Fold 48: train=76, val=14, test=22
Fold 48: ABMIL entrenado (val_auc=0.6364)
Cargando features de /home/JKP6679/Patho-Ensemble/PARADIS/datos/features/cptac_brca/features_ctranspath_monai...

Fold 49: train=77, val=13, test=22
Fold 49: ABMIL entrenado (val_auc=0.8667)

Calculando métricas de validación...
✅ Métricas de validación completadas

Calculando métricas de test...
✅ Métricas de test completadas (50 folds con datos)

✅ Training completed
[19:10:11] ctranspath / bag1024 — meta-features (bolsa COMPLETA)...
  latent_dim auto-detectado: 768  (de features_ctranspath_monai)

============================================================
ABMIL Test (predicciones sobre train): ctranspath
  Dataset: cptac_brca/TP53_mutation
  Latent dim: 768, Num classes: 2, Folds: 50
============================================================

Cargando features de /home/JKP6679/Patho-Ensemble/PARADIS/datos/features/cptac_brca/features_ctranspath_monai...

✅ Predicciones de train generadas para 50/50 folds (0 omitidos por falta de checkpoint/datos).
[19:10:50] ✓ ctranspath / bag1024 — checkpoints=50  train_eval=50
[19:10:50] uni_v2 / bag1024 — entrenando 50 folds...
  latent_dim auto-detectado: 1536  (de features_uni_v2)

============================================================
ABMIL Training: uni_v2
  Dataset: cptac_brca/TP53_mutation
  Latent dim: 1536, Num classes: 2
  Epochs: 100, Fold: all
============================================================

Cargando features de /home/JKP6679/Patho-Ensemble/PARADIS/datos/features/cptac_brca/features_uni_v2...

Fold 0: train=75, val=15, test=22
Fold 0: ABMIL entrenado (val_auc=0.9630)
Cargando features de /home/JKP6679/Patho-Ensemble/PARADIS/datos/features/cptac_brca/features_uni_v2...

Fold 1: train=76, val=13, test=23
Fold 1: ABMIL entrenado (val_auc=0.8958)
Cargando features de /home/JKP6679/Patho-Ensemble/PARADIS/datos/features/cptac_brca/features_uni_v2...

Fold 2: train=76, val=16, test=20
Fold 2: ABMIL entrenado (val_auc=0.6429)
Cargando features de /home/JKP6679/Patho-Ensemble/PARADIS/datos/features/cptac_brca/features_uni_v2...

Fold 3: train=76, val=16, test=20
Fold 3: ABMIL entrenado (val_auc=0.8413)
Cargando features de /home/JKP6679/Patho-Ensemble/PARADIS/datos/features/cptac_brca/features_uni_v2...

Fold 4: train=77, val=15, test=20
Fold 4: ABMIL entrenado (val_auc=0.9365)
Cargando features de /home/JKP6679/Patho-Ensemble/PARADIS/datos/features/cptac_brca/features_uni_v2...

Fold 5: train=76, val=15, test=21
Fold 5: ABMIL entrenado (val_auc=0.7619)
Cargando features de /home/JKP6679/Patho-Ensemble/PARADIS/datos/features/cptac_brca/features_uni_v2...

Fold 6: train=74, val=16, test=22
Fold 6: ABMIL entrenado (val_auc=0.6800)
Cargando features de /home/JKP6679/Patho-Ensemble/PARADIS/datos/features/cptac_brca/features_uni_v2...

Fold 7: train=78, val=13, test=21
Fold 7: ABMIL entrenado (val_auc=0.9062)
Cargando features de /home/JKP6679/Patho-Ensemble/PARADIS/datos/features/cptac_brca/features_uni_v2...

Fold 8: train=77, val=14, test=21
Fold 8: ABMIL entrenado (val_auc=0.9455)
Cargando features de /home/JKP6679/Patho-Ensemble/PARADIS/datos/features/cptac_brca/features_uni_v2...

Fold 9: train=77, val=14, test=21
Fold 9: ABMIL entrenado (val_auc=0.8889)
Cargando features de /home/JKP6679/Patho-Ensemble/PARADIS/datos/features/cptac_brca/features_uni_v2...

Fold 10: train=75, val=16, test=21
Fold 10: ABMIL entrenado (val_auc=0.8704)
Cargando features de /home/JKP6679/Patho-Ensemble/PARADIS/datos/features/cptac_brca/features_uni_v2...

Fold 11: train=74, val=15, test=23
Fold 11: ABMIL entrenado (val_auc=0.5833)
Cargando features de /home/JKP6679/Patho-Ensemble/PARADIS/datos/features/cptac_brca/features_uni_v2...

Fold 12: train=76, val=16, test=20
Fold 12: ABMIL entrenado (val_auc=0.6508)
Cargando features de /home/JKP6679/Patho-Ensemble/PARADIS/datos/features/cptac_brca/features_uni_v2...

Fold 13: train=75, val=17, test=20
Fold 13: ABMIL entrenado (val_auc=0.8929)
Cargando features de /home/JKP6679/Patho-Ensemble/PARADIS/datos/features/cptac_brca/features_uni_v2...

Fold 14: train=77, val=14, test=21
Fold 14: ABMIL entrenado (val_auc=0.5714)
Cargando features de /home/JKP6679/Patho-Ensemble/PARADIS/datos/features/cptac_brca/features_uni_v2...

Fold 15: train=76, val=14, test=22
Fold 15: ABMIL entrenado (val_auc=0.7500)
Cargando features de /home/JKP6679/Patho-Ensemble/PARADIS/datos/features/cptac_brca/features_uni_v2...

Fold 16: train=77, val=13, test=22
Fold 16: ABMIL entrenado (val_auc=0.8000)
Cargando features de /home/JKP6679/Patho-Ensemble/PARADIS/datos/features/cptac_brca/features_uni_v2...

Fold 17: train=75, val=16, test=21
Fold 17: ABMIL entrenado (val_auc=0.9000)
Cargando features de /home/JKP6679/Patho-Ensemble/PARADIS/datos/features/cptac_brca/features_uni_v2...

Fold 18: train=75, val=16, test=21
Fold 18: ABMIL entrenado (val_auc=0.6964)
Cargando features de /home/JKP6679/Patho-Ensemble/PARADIS/datos/features/cptac_brca/features_uni_v2...

Fold 19: train=73, val=16, test=23
Fold 19: ABMIL entrenado (val_auc=0.7222)
Cargando features de /home/JKP6679/Patho-Ensemble/PARADIS/datos/features/cptac_brca/features_uni_v2...

Fold 20: train=76, val=15, test=21
Fold 20: ABMIL entrenado (val_auc=0.8125)
Cargando features de /home/JKP6679/Patho-Ensemble/PARADIS/datos/features/cptac_brca/features_uni_v2...

Fold 21: train=75, val=13, test=24
Fold 21: ABMIL entrenado (val_auc=0.5741)
Cargando features de /home/JKP6679/Patho-Ensemble/PARADIS/datos/features/cptac_brca/features_uni_v2...

Fold 22: train=74, val=15, test=23
Fold 22: ABMIL entrenado (val_auc=0.9600)
Cargando features de /home/JKP6679/Patho-Ensemble/PARADIS/datos/features/cptac_brca/features_uni_v2...

Fold 23: train=75, val=15, test=22
Fold 23: ABMIL entrenado (val_auc=0.7200)
Cargando features de /home/JKP6679/Patho-Ensemble/PARADIS/datos/features/cptac_brca/features_uni_v2...

Fold 24: train=76, val=14, test=22
Fold 24: ABMIL entrenado (val_auc=0.6500)
Cargando features de /home/JKP6679/Patho-Ensemble/PARADIS/datos/features/cptac_brca/features_uni_v2...

Fold 25: train=77, val=14, test=21
Fold 25: ABMIL entrenado (val_auc=0.5636)
Cargando features de /home/JKP6679/Patho-Ensemble/PARADIS/datos/features/cptac_brca/features_uni_v2...

Fold 26: train=77, val=13, test=22
Fold 26: ABMIL entrenado (val_auc=0.9636)
Cargando features de /home/JKP6679/Patho-Ensemble/PARADIS/datos/features/cptac_brca/features_uni_v2...

Fold 27: train=77, val=14, test=21
Fold 27: ABMIL entrenado (val_auc=0.8125)
Cargando features de /home/JKP6679/Patho-Ensemble/PARADIS/datos/features/cptac_brca/features_uni_v2...

Fold 28: train=79, val=13, test=20
Fold 28: ABMIL entrenado (val_auc=0.8438)
Cargando features de /home/JKP6679/Patho-Ensemble/PARADIS/datos/features/cptac_brca/features_uni_v2...

Fold 29: train=77, val=13, test=22
Fold 29: ABMIL entrenado (val_auc=0.9667)
Cargando features de /home/JKP6679/Patho-Ensemble/PARADIS/datos/features/cptac_brca/features_uni_v2...

Fold 30: train=75, val=16, test=21
Fold 30: ABMIL entrenado (val_auc=0.7778)
Cargando features de /home/JKP6679/Patho-Ensemble/PARADIS/datos/features/cptac_brca/features_uni_v2...

Fold 31: train=77, val=14, test=21
Fold 31: ABMIL entrenado (val_auc=0.7091)
Cargando features de /home/JKP6679/Patho-Ensemble/PARADIS/datos/features/cptac_brca/features_uni_v2...

Fold 32: train=77, val=14, test=21
Fold 32: ABMIL entrenado (val_auc=0.9273)
Cargando features de /home/JKP6679/Patho-Ensemble/PARADIS/datos/features/cptac_brca/features_uni_v2...

Fold 33: train=74, val=15, test=23
Fold 33: ABMIL entrenado (val_auc=0.9074)
Cargando features de /home/JKP6679/Patho-Ensemble/PARADIS/datos/features/cptac_brca/features_uni_v2...

Fold 34: train=75, val=14, test=23
Fold 34: ABMIL entrenado (val_auc=0.8750)
Cargando features de /home/JKP6679/Patho-Ensemble/PARADIS/datos/features/cptac_brca/features_uni_v2...

Fold 35: train=75, val=15, test=22
Fold 35: ABMIL entrenado (val_auc=0.9259)
Cargando features de /home/JKP6679/Patho-Ensemble/PARADIS/datos/features/cptac_brca/features_uni_v2...

Fold 36: train=78, val=14, test=20
Fold 36: ABMIL entrenado (val_auc=0.9048)
Cargando features de /home/JKP6679/Patho-Ensemble/PARADIS/datos/features/cptac_brca/features_uni_v2...

Fold 37: train=75, val=15, test=22
Fold 37: ABMIL entrenado (val_auc=0.9286)
Cargando features de /home/JKP6679/Patho-Ensemble/PARADIS/datos/features/cptac_brca/features_uni_v2...

Fold 38: train=76, val=14, test=22
Fold 38: ABMIL entrenado (val_auc=0.8667)
Cargando features de /home/JKP6679/Patho-Ensemble/PARADIS/datos/features/cptac_brca/features_uni_v2...

Fold 39: train=75, val=15, test=22
Fold 39: ABMIL entrenado (val_auc=0.7037)
Cargando features de /home/JKP6679/Patho-Ensemble/PARADIS/datos/features/cptac_brca/features_uni_v2...

Fold 40: train=77, val=15, test=20
Fold 40: ABMIL entrenado (val_auc=0.8333)
Cargando features de /home/JKP6679/Patho-Ensemble/PARADIS/datos/features/cptac_brca/features_uni_v2...

Fold 41: train=74, val=16, test=22
Fold 41: ABMIL entrenado (val_auc=1.0000)
Cargando features de /home/JKP6679/Patho-Ensemble/PARADIS/datos/features/cptac_brca/features_uni_v2...

Fold 42: train=76, val=16, test=20
Fold 42: ABMIL entrenado (val_auc=0.6667)
Cargando features de /home/JKP6679/Patho-Ensemble/PARADIS/datos/features/cptac_brca/features_uni_v2...

Fold 43: train=77, val=14, test=21
Fold 43: ABMIL entrenado (val_auc=0.7292)
Cargando features de /home/JKP6679/Patho-Ensemble/PARADIS/datos/features/cptac_brca/features_uni_v2...

Fold 44: train=78, val=14, test=20
Fold 44: ABMIL entrenado (val_auc=0.7917)
Cargando features de /home/JKP6679/Patho-Ensemble/PARADIS/datos/features/cptac_brca/features_uni_v2...

Fold 45: train=75, val=15, test=22
Fold 45: ABMIL entrenado (val_auc=0.8889)
Cargando features de /home/JKP6679/Patho-Ensemble/PARADIS/datos/features/cptac_brca/features_uni_v2...

Fold 46: train=77, val=14, test=21
Fold 46: ABMIL entrenado (val_auc=0.8974)
Cargando features de /home/JKP6679/Patho-Ensemble/PARADIS/datos/features/cptac_brca/features_uni_v2...

Fold 47: train=75, val=13, test=24
Fold 47: ABMIL entrenado (val_auc=0.9464)
Cargando features de /home/JKP6679/Patho-Ensemble/PARADIS/datos/features/cptac_brca/features_uni_v2...

Fold 48: train=76, val=14, test=22
Fold 48: ABMIL entrenado (val_auc=0.6909)
Cargando features de /home/JKP6679/Patho-Ensemble/PARADIS/datos/features/cptac_brca/features_uni_v2...

Fold 49: train=77, val=13, test=22
Fold 49: ABMIL entrenado (val_auc=0.7833)

Calculando métricas de validación...
✅ Métricas de validación completadas

Calculando métricas de test...
✅ Métricas de test completadas (50 folds con datos)

✅ Training completed
[19:23:48] uni_v2 / bag1024 — meta-features (bolsa COMPLETA)...
  latent_dim auto-detectado: 1536  (de features_uni_v2)

============================================================
ABMIL Test (predicciones sobre train): uni_v2
  Dataset: cptac_brca/TP53_mutation
  Latent dim: 1536, Num classes: 2, Folds: 50
============================================================

Cargando features de /home/JKP6679/Patho-Ensemble/PARADIS/datos/features/cptac_brca/features_uni_v2...

✅ Predicciones de train generadas para 50/50 folds (0 omitidos por falta de checkpoint/datos).
[19:25:13] ✓ uni_v2 / bag1024 — checkpoints=50  train_eval=50
[19:25:13] conch_v1_5 / bag1024 — entrenando 50 folds...
  latent_dim auto-detectado: 768  (de features_conch_v1_5_monai)

============================================================
ABMIL Training: conch_v1_5
  Dataset: cptac_brca/TP53_mutation
  Latent dim: 768, Num classes: 2
  Epochs: 100, Fold: all
============================================================

Cargando features de /home/JKP6679/Patho-Ensemble/PARADIS/datos/features/cptac_brca/features_conch_v1_5_monai...

Fold 0: train=75, val=15, test=22
Fold 0: ABMIL entrenado (val_auc=1.0000)
Cargando features de /home/JKP6679/Patho-Ensemble/PARADIS/datos/features/cptac_brca/features_conch_v1_5_monai...

Fold 1: train=76, val=13, test=23
Fold 1: ABMIL entrenado (val_auc=0.9167)
Cargando features de /home/JKP6679/Patho-Ensemble/PARADIS/datos/features/cptac_brca/features_conch_v1_5_monai...

Fold 2: train=76, val=16, test=20
Fold 2: ABMIL entrenado (val_auc=0.9643)
Cargando features de /home/JKP6679/Patho-Ensemble/PARADIS/datos/features/cptac_brca/features_conch_v1_5_monai...

Fold 3: train=76, val=16, test=20
Fold 3: ABMIL entrenado (val_auc=0.8571)
Cargando features de /home/JKP6679/Patho-Ensemble/PARADIS/datos/features/cptac_brca/features_conch_v1_5_monai...

Fold 4: train=77, val=15, test=20
Fold 4: ABMIL entrenado (val_auc=0.9841)
Cargando features de /home/JKP6679/Patho-Ensemble/PARADIS/datos/features/cptac_brca/features_conch_v1_5_monai...

Fold 5: train=76, val=15, test=21
Fold 5: ABMIL entrenado (val_auc=0.7778)
Cargando features de /home/JKP6679/Patho-Ensemble/PARADIS/datos/features/cptac_brca/features_conch_v1_5_monai...

Fold 6: train=74, val=16, test=22
Fold 6: ABMIL entrenado (val_auc=0.9200)
Cargando features de /home/JKP6679/Patho-Ensemble/PARADIS/datos/features/cptac_brca/features_conch_v1_5_monai...

Fold 7: train=78, val=13, test=21
Fold 7: ABMIL entrenado (val_auc=1.0000)
Cargando features de /home/JKP6679/Patho-Ensemble/PARADIS/datos/features/cptac_brca/features_conch_v1_5_monai...

Fold 8: train=77, val=14, test=21
Fold 8: ABMIL entrenado (val_auc=0.8909)
Cargando features de /home/JKP6679/Patho-Ensemble/PARADIS/datos/features/cptac_brca/features_conch_v1_5_monai...

Fold 9: train=77, val=14, test=21
Fold 9: ABMIL entrenado (val_auc=0.9206)
Cargando features de /home/JKP6679/Patho-Ensemble/PARADIS/datos/features/cptac_brca/features_conch_v1_5_monai...

Fold 10: train=75, val=16, test=21
Fold 10: ABMIL entrenado (val_auc=0.8148)
Cargando features de /home/JKP6679/Patho-Ensemble/PARADIS/datos/features/cptac_brca/features_conch_v1_5_monai...

Fold 11: train=74, val=15, test=23
Fold 11: ABMIL entrenado (val_auc=0.5556)
Cargando features de /home/JKP6679/Patho-Ensemble/PARADIS/datos/features/cptac_brca/features_conch_v1_5_monai...

Fold 12: train=76, val=16, test=20
Fold 12: ABMIL entrenado (val_auc=0.7460)
Cargando features de /home/JKP6679/Patho-Ensemble/PARADIS/datos/features/cptac_brca/features_conch_v1_5_monai...

Fold 13: train=75, val=17, test=20
Fold 13: ABMIL entrenado (val_auc=0.8929)
Cargando features de /home/JKP6679/Patho-Ensemble/PARADIS/datos/features/cptac_brca/features_conch_v1_5_monai...

Fold 14: train=77, val=14, test=21
Fold 14: ABMIL entrenado (val_auc=0.6984)
Cargando features de /home/JKP6679/Patho-Ensemble/PARADIS/datos/features/cptac_brca/features_conch_v1_5_monai...

Fold 15: train=76, val=14, test=22
Fold 15: ABMIL entrenado (val_auc=0.7857)
Cargando features de /home/JKP6679/Patho-Ensemble/PARADIS/datos/features/cptac_brca/features_conch_v1_5_monai...

Fold 16: train=77, val=13, test=22
Fold 16: ABMIL entrenado (val_auc=0.8727)
Cargando features de /home/JKP6679/Patho-Ensemble/PARADIS/datos/features/cptac_brca/features_conch_v1_5_monai...

Fold 17: train=75, val=16, test=21
Fold 17: ABMIL entrenado (val_auc=0.8800)
Cargando features de /home/JKP6679/Patho-Ensemble/PARADIS/datos/features/cptac_brca/features_conch_v1_5_monai...

Fold 18: train=75, val=16, test=21
Fold 18: ABMIL entrenado (val_auc=0.6786)
Cargando features de /home/JKP6679/Patho-Ensemble/PARADIS/datos/features/cptac_brca/features_conch_v1_5_monai...

Fold 19: train=73, val=16, test=23
Fold 19: ABMIL entrenado (val_auc=0.8889)
Cargando features de /home/JKP6679/Patho-Ensemble/PARADIS/datos/features/cptac_brca/features_conch_v1_5_monai...

Fold 20: train=76, val=15, test=21
Fold 20: ABMIL entrenado (val_auc=0.7812)
Cargando features de /home/JKP6679/Patho-Ensemble/PARADIS/datos/features/cptac_brca/features_conch_v1_5_monai...

Fold 21: train=75, val=13, test=24
Fold 21: ABMIL entrenado (val_auc=0.8519)
Cargando features de /home/JKP6679/Patho-Ensemble/PARADIS/datos/features/cptac_brca/features_conch_v1_5_monai...

Fold 22: train=74, val=15, test=23
Fold 22: ABMIL entrenado (val_auc=0.9000)
Cargando features de /home/JKP6679/Patho-Ensemble/PARADIS/datos/features/cptac_brca/features_conch_v1_5_monai...

Fold 23: train=75, val=15, test=22
Fold 23: ABMIL entrenado (val_auc=0.9000)
Cargando features de /home/JKP6679/Patho-Ensemble/PARADIS/datos/features/cptac_brca/features_conch_v1_5_monai...

Fold 24: train=76, val=14, test=22
Fold 24: ABMIL entrenado (val_auc=0.7500)
Cargando features de /home/JKP6679/Patho-Ensemble/PARADIS/datos/features/cptac_brca/features_conch_v1_5_monai...

Fold 25: train=77, val=14, test=21
Fold 25: ABMIL entrenado (val_auc=0.6545)
Cargando features de /home/JKP6679/Patho-Ensemble/PARADIS/datos/features/cptac_brca/features_conch_v1_5_monai...

Fold 26: train=77, val=13, test=22
Fold 26: ABMIL entrenado (val_auc=0.8909)
Cargando features de /home/JKP6679/Patho-Ensemble/PARADIS/datos/features/cptac_brca/features_conch_v1_5_monai...

Fold 27: train=77, val=14, test=21
Fold 27: ABMIL entrenado (val_auc=0.7708)
Cargando features de /home/JKP6679/Patho-Ensemble/PARADIS/datos/features/cptac_brca/features_conch_v1_5_monai...

Fold 28: train=79, val=13, test=20
Fold 28: ABMIL entrenado (val_auc=0.7969)
Cargando features de /home/JKP6679/Patho-Ensemble/PARADIS/datos/features/cptac_brca/features_conch_v1_5_monai...

Fold 29: train=77, val=13, test=22
Fold 29: ABMIL entrenado (val_auc=1.0000)
Cargando features de /home/JKP6679/Patho-Ensemble/PARADIS/datos/features/cptac_brca/features_conch_v1_5_monai...

Fold 30: train=75, val=16, test=21
Fold 30: ABMIL entrenado (val_auc=0.8519)
Cargando features de /home/JKP6679/Patho-Ensemble/PARADIS/datos/features/cptac_brca/features_conch_v1_5_monai...

Fold 31: train=77, val=14, test=21
Fold 31: ABMIL entrenado (val_auc=0.7091)
Cargando features de /home/JKP6679/Patho-Ensemble/PARADIS/datos/features/cptac_brca/features_conch_v1_5_monai...

Fold 32: train=77, val=14, test=21
Fold 32: ABMIL entrenado (val_auc=0.9273)
Cargando features de /home/JKP6679/Patho-Ensemble/PARADIS/datos/features/cptac_brca/features_conch_v1_5_monai...

Fold 33: train=74, val=15, test=23
Fold 33: ABMIL entrenado (val_auc=0.9815)
Cargando features de /home/JKP6679/Patho-Ensemble/PARADIS/datos/features/cptac_brca/features_conch_v1_5_monai...

Fold 34: train=75, val=14, test=23
Fold 34: ABMIL entrenado (val_auc=0.8929)
Cargando features de /home/JKP6679/Patho-Ensemble/PARADIS/datos/features/cptac_brca/features_conch_v1_5_monai...

Fold 35: train=75, val=15, test=22
Fold 35: ABMIL entrenado (val_auc=0.9815)
Cargando features de /home/JKP6679/Patho-Ensemble/PARADIS/datos/features/cptac_brca/features_conch_v1_5_monai...

Fold 36: train=78, val=14, test=20
Fold 36: ABMIL entrenado (val_auc=0.9524)
Cargando features de /home/JKP6679/Patho-Ensemble/PARADIS/datos/features/cptac_brca/features_conch_v1_5_monai...

Fold 37: train=75, val=15, test=22
Fold 37: ABMIL entrenado (val_auc=0.9821)
Cargando features de /home/JKP6679/Patho-Ensemble/PARADIS/datos/features/cptac_brca/features_conch_v1_5_monai...

Fold 38: train=76, val=14, test=22
Fold 38: ABMIL entrenado (val_auc=0.8500)
Cargando features de /home/JKP6679/Patho-Ensemble/PARADIS/datos/features/cptac_brca/features_conch_v1_5_monai...

Fold 39: train=75, val=15, test=22
Fold 39: ABMIL entrenado (val_auc=0.9074)
Cargando features de /home/JKP6679/Patho-Ensemble/PARADIS/datos/features/cptac_brca/features_conch_v1_5_monai...

Fold 40: train=77, val=15, test=20
Fold 40: ABMIL entrenado (val_auc=0.8333)
Cargando features de /home/JKP6679/Patho-Ensemble/PARADIS/datos/features/cptac_brca/features_conch_v1_5_monai...

Fold 41: train=74, val=16, test=22
Fold 41: ABMIL entrenado (val_auc=1.0000)
Cargando features de /home/JKP6679/Patho-Ensemble/PARADIS/datos/features/cptac_brca/features_conch_v1_5_monai...

Fold 42: train=76, val=16, test=20
Fold 42: ABMIL entrenado (val_auc=0.9167)
Cargando features de /home/JKP6679/Patho-Ensemble/PARADIS/datos/features/cptac_brca/features_conch_v1_5_monai...

Fold 43: train=77, val=14, test=21
Fold 43: ABMIL entrenado (val_auc=0.9375)
Cargando features de /home/JKP6679/Patho-Ensemble/PARADIS/datos/features/cptac_brca/features_conch_v1_5_monai...

Fold 44: train=78, val=14, test=20
Fold 44: ABMIL entrenado (val_auc=0.9167)
Cargando features de /home/JKP6679/Patho-Ensemble/PARADIS/datos/features/cptac_brca/features_conch_v1_5_monai...

Fold 45: train=75, val=15, test=22
Fold 45: ABMIL entrenado (val_auc=0.8889)
Cargando features de /home/JKP6679/Patho-Ensemble/PARADIS/datos/features/cptac_brca/features_conch_v1_5_monai...

Fold 46: train=77, val=14, test=21
Fold 46: ABMIL entrenado (val_auc=0.9487)
Cargando features de /home/JKP6679/Patho-Ensemble/PARADIS/datos/features/cptac_brca/features_conch_v1_5_monai...

Fold 47: train=75, val=13, test=24
Fold 47: ABMIL entrenado (val_auc=0.9643)
Cargando features de /home/JKP6679/Patho-Ensemble/PARADIS/datos/features/cptac_brca/features_conch_v1_5_monai...

Fold 48: train=76, val=14, test=22
Fold 48: ABMIL entrenado (val_auc=0.6909)
Cargando features de /home/JKP6679/Patho-Ensemble/PARADIS/datos/features/cptac_brca/features_conch_v1_5_monai...

Fold 49: train=77, val=13, test=22
Fold 49: ABMIL entrenado (val_auc=0.8333)

Calculando métricas de validación...
✅ Métricas de validación completadas

Calculando métricas de test...
✅ Métricas de test completadas (50 folds con datos)

✅ Training completed
[19:30:37] conch_v1_5 / bag1024 — meta-features (bolsa COMPLETA)...
  latent_dim auto-detectado: 768  (de features_conch_v1_5_monai)

============================================================
ABMIL Test (predicciones sobre train): conch_v1_5
  Dataset: cptac_brca/TP53_mutation
  Latent dim: 768, Num classes: 2, Folds: 50
============================================================

Cargando features de /home/JKP6679/Patho-Ensemble/PARADIS/datos/features/cptac_brca/features_conch_v1_5_monai...

✅ Predicciones de train generadas para 50/50 folds (0 omitidos por falta de checkpoint/datos).
[19:31:17] ✓ conch_v1_5 / bag1024 — checkpoints=50  train_eval=50

============================================================================
FASE 2: stacking LogReg y comparación pareada
============================================================================

config           n       auc      bacc        f1     kappa
----------------------------------------------------------
bagfull         50    0.8026    0.7448    0.7419    0.4886  <- baseline
bag256          50    0.8040    0.7428    0.7414    0.4872
bag512          50    0.8053    0.7442    0.7412    0.4870
bag1024         50    0.8103    0.7376    0.7349    0.4737

==============================================================================
Comparación pareada contra bolsa completa (bagfull)
==============================================================================

bag256:
  auc    Δ=+0.0014  IC95%[-0.0115,+0.0139]  G/E/P=25/5/20  MDE=0.0185  signif=no
  bacc   Δ=-0.0020  IC95%[-0.0228,+0.0178]  G/E/P=20/10/20  MDE=0.0295  signif=no
  f1     Δ=-0.0005  IC95%[-0.0213,+0.0192]  G/E/P=20/9/21  MDE=0.0297  signif=no
  kappa  Δ=-0.0014  IC95%[-0.0434,+0.0380]  G/E/P=20/9/21  MDE=0.0585  signif=no

bag512:
  auc    Δ=+0.0027  IC95%[-0.0091,+0.0144]  G/E/P=25/6/19  MDE=0.0169  signif=no
  bacc   Δ=-0.0006  IC95%[-0.0172,+0.0161]  G/E/P=19/11/20  MDE=0.0247  signif=no
  f1     Δ=-0.0007  IC95%[-0.0187,+0.0165]  G/E/P=19/10/21  MDE=0.0251  signif=no
  kappa  Δ=-0.0017  IC95%[-0.0360,+0.0320]  G/E/P=19/10/21  MDE=0.0491  signif=no

bag1024:
  auc    Δ=+0.0077  IC95%[-0.0043,+0.0201]  G/E/P=22/5/23  MDE=0.0177  signif=no
  bacc   Δ=-0.0072  IC95%[-0.0271,+0.0121]  G/E/P=20/10/20  MDE=0.0284  signif=no
  f1     Δ=-0.0070  IC95%[-0.0269,+0.0127]  G/E/P=20/10/20  MDE=0.0289  signif=no
  kappa  Δ=-0.0149  IC95%[-0.0537,+0.0233]  G/E/P=20/10/20  MDE=0.0562  signif=no

✓ guardado en results_bag_size_sweep_cptac_brca_TP53_mutation.json

Fin: Sat Aug 22 19:32:12 CEST 2026
============================================================================
