================================================================================
CAMPAÑA COMPLETA — bc_therapy / er_status
Job 70496 — Sun Aug 30 22:18:17 CEST 2026
================================================================================

### FASE 0 — comprobaciones previas
  splits    : /home/JKP6679/Patho-Ensemble/PARADIS/datos/patches/bc_therapy/er_status/k=all.tsv
  folds     : 50
  slides    : 166   pacientes: 166
  clases    : 2
  features  :
    ✓ ctranspath   dim=768  /home/JKP6679/Patho-Ensemble/PARADIS/datos/features/bc_therapy/features_ctranspath
    ✓ uni_v2       dim=1536  /home/JKP6679/Patho-Ensemble/PARADIS/datos/features/bc_therapy/features_uni_v2
    ✓ conch_v1_5   dim=768  /home/JKP6679/Patho-Ensemble/PARADIS/datos/features/bc_therapy/features_conch_v1_5
✓ Preflight OK

### FASE 1 — entrenamiento ABMIL base

--- [base] ctranspath --- Sun Aug 30 22:19:01 CEST 2026
  latent_dim auto-detectado: 768  (de features_ctranspath)

============================================================
ABMIL Training: ctranspath
  Dataset: bc_therapy/er_status
  Latent dim: 768, Num classes: 2
  Epochs: 100, Fold: all
============================================================

Cargando features de /home/JKP6679/Patho-Ensemble/PARADIS/datos/features/bc_therapy/features_ctranspath...

Fold 0: train=113, val=20, test=33
Fold 0: ABMIL entrenado (val_auc=0.8026)
Cargando features de /home/JKP6679/Patho-Ensemble/PARADIS/datos/features/bc_therapy/features_ctranspath...

Fold 1: train=113, val=20, test=33
Fold 1: ABMIL entrenado (val_auc=0.7833)
Cargando features de /home/JKP6679/Patho-Ensemble/PARADIS/datos/features/bc_therapy/features_ctranspath...

Fold 2: train=113, val=20, test=33
Fold 2: ABMIL entrenado (val_auc=0.5980)
Cargando features de /home/JKP6679/Patho-Ensemble/PARADIS/datos/features/bc_therapy/features_ctranspath...

Fold 3: train=113, val=20, test=33
Fold 3: ABMIL entrenado (val_auc=0.6515)
Cargando features de /home/JKP6679/Patho-Ensemble/PARADIS/datos/features/bc_therapy/features_ctranspath...

Fold 4: train=113, val=20, test=33
Fold 4: ABMIL entrenado (val_auc=0.6917)
Cargando features de /home/JKP6679/Patho-Ensemble/PARADIS/datos/features/bc_therapy/features_ctranspath...

Fold 5: train=113, val=20, test=33
Fold 5: ABMIL entrenado (val_auc=0.8083)
Cargando features de /home/JKP6679/Patho-Ensemble/PARADIS/datos/features/bc_therapy/features_ctranspath...

Fold 6: train=113, val=20, test=33
Fold 6: ABMIL entrenado (val_auc=0.6176)
Cargando features de /home/JKP6679/Patho-Ensemble/PARADIS/datos/features/bc_therapy/features_ctranspath...

Fold 7: train=113, val=20, test=33
Fold 7: ABMIL entrenado (val_auc=0.8235)
Cargando features de /home/JKP6679/Patho-Ensemble/PARADIS/datos/features/bc_therapy/features_ctranspath...

Fold 8: train=113, val=20, test=33
Fold 8: ABMIL entrenado (val_auc=0.7647)
Cargando features de /home/JKP6679/Patho-Ensemble/PARADIS/datos/features/bc_therapy/features_ctranspath...

Fold 9: train=113, val=20, test=33
Fold 9: ABMIL entrenado (val_auc=0.6964)
Cargando features de /home/JKP6679/Patho-Ensemble/PARADIS/datos/features/bc_therapy/features_ctranspath...

Fold 10: train=113, val=20, test=33
Fold 10: ABMIL entrenado (val_auc=0.8947)
Cargando features de /home/JKP6679/Patho-Ensemble/PARADIS/datos/features/bc_therapy/features_ctranspath...

Fold 11: train=113, val=20, test=33
Fold 11: ABMIL entrenado (val_auc=0.7417)
Cargando features de /home/JKP6679/Patho-Ensemble/PARADIS/datos/features/bc_therapy/features_ctranspath...

Fold 12: train=113, val=20, test=33
Fold 12: ABMIL entrenado (val_auc=0.8482)
Cargando features de /home/JKP6679/Patho-Ensemble/PARADIS/datos/features/bc_therapy/features_ctranspath...

Fold 13: train=113, val=20, test=33
Fold 13: ABMIL entrenado (val_auc=0.5778)
Cargando features de /home/JKP6679/Patho-Ensemble/PARADIS/datos/features/bc_therapy/features_ctranspath...

Fold 14: train=113, val=20, test=33
Fold 14: ABMIL entrenado (val_auc=0.7833)
Cargando features de /home/JKP6679/Patho-Ensemble/PARADIS/datos/features/bc_therapy/features_ctranspath...

Fold 15: train=113, val=20, test=33
Fold 15: ABMIL entrenado (val_auc=0.7417)
Cargando features de /home/JKP6679/Patho-Ensemble/PARADIS/datos/features/bc_therapy/features_ctranspath...

Fold 16: train=113, val=20, test=33
Fold 16: ABMIL entrenado (val_auc=0.8833)
Cargando features de /home/JKP6679/Patho-Ensemble/PARADIS/datos/features/bc_therapy/features_ctranspath...

Fold 17: train=113, val=20, test=33
Fold 17: ABMIL entrenado (val_auc=0.7231)
Cargando features de /home/JKP6679/Patho-Ensemble/PARADIS/datos/features/bc_therapy/features_ctranspath...

Fold 18: train=113, val=20, test=33
Fold 18: ABMIL entrenado (val_auc=0.6863)
Cargando features de /home/JKP6679/Patho-Ensemble/PARADIS/datos/features/bc_therapy/features_ctranspath...

Fold 19: train=113, val=20, test=33
Fold 19: ABMIL entrenado (val_auc=0.7381)
Cargando features de /home/JKP6679/Patho-Ensemble/PARADIS/datos/features/bc_therapy/features_ctranspath...

Fold 20: train=113, val=20, test=33
Fold 20: ABMIL entrenado (val_auc=0.7417)
Cargando features de /home/JKP6679/Patho-Ensemble/PARADIS/datos/features/bc_therapy/features_ctranspath...

Fold 21: train=113, val=20, test=33
Fold 21: ABMIL entrenado (val_auc=0.7000)
Cargando features de /home/JKP6679/Patho-Ensemble/PARADIS/datos/features/bc_therapy/features_ctranspath...

Fold 22: train=113, val=20, test=33
Fold 22: ABMIL entrenado (val_auc=0.6961)
Cargando features de /home/JKP6679/Patho-Ensemble/PARADIS/datos/features/bc_therapy/features_ctranspath...

Fold 23: train=113, val=20, test=33
Fold 23: ABMIL entrenado (val_auc=0.8154)
Cargando features de /home/JKP6679/Patho-Ensemble/PARADIS/datos/features/bc_therapy/features_ctranspath...

Fold 24: train=113, val=20, test=33
Fold 24: ABMIL entrenado (val_auc=0.7667)
Cargando features de /home/JKP6679/Patho-Ensemble/PARADIS/datos/features/bc_therapy/features_ctranspath...

Fold 25: train=113, val=20, test=33
Fold 25: ABMIL entrenado (val_auc=0.8529)
Cargando features de /home/JKP6679/Patho-Ensemble/PARADIS/datos/features/bc_therapy/features_ctranspath...

Fold 26: train=113, val=20, test=33
Fold 26: ABMIL entrenado (val_auc=0.8137)
Cargando features de /home/JKP6679/Patho-Ensemble/PARADIS/datos/features/bc_therapy/features_ctranspath...

Fold 27: train=113, val=20, test=33
Fold 27: ABMIL entrenado (val_auc=0.6786)
Cargando features de /home/JKP6679/Patho-Ensemble/PARADIS/datos/features/bc_therapy/features_ctranspath...

Fold 28: train=113, val=20, test=33
Fold 28: ABMIL entrenado (val_auc=0.7667)
Cargando features de /home/JKP6679/Patho-Ensemble/PARADIS/datos/features/bc_therapy/features_ctranspath...

Fold 29: train=113, val=20, test=33
Fold 29: ABMIL entrenado (val_auc=0.7583)
Cargando features de /home/JKP6679/Patho-Ensemble/PARADIS/datos/features/bc_therapy/features_ctranspath...

Fold 30: train=113, val=20, test=33
Fold 30: ABMIL entrenado (val_auc=0.6692)
Cargando features de /home/JKP6679/Patho-Ensemble/PARADIS/datos/features/bc_therapy/features_ctranspath...

Fold 31: train=113, val=20, test=33
Fold 31: ABMIL entrenado (val_auc=0.5750)
Cargando features de /home/JKP6679/Patho-Ensemble/PARADIS/datos/features/bc_therapy/features_ctranspath...

Fold 32: train=113, val=20, test=33
Fold 32: ABMIL entrenado (val_auc=0.8026)
Cargando features de /home/JKP6679/Patho-Ensemble/PARADIS/datos/features/bc_therapy/features_ctranspath...

Fold 33: train=113, val=20, test=33
Fold 33: ABMIL entrenado (val_auc=0.7255)
Cargando features de /home/JKP6679/Patho-Ensemble/PARADIS/datos/features/bc_therapy/features_ctranspath...

Fold 34: train=113, val=20, test=33
Fold 34: ABMIL entrenado (val_auc=0.5538)
Cargando features de /home/JKP6679/Patho-Ensemble/PARADIS/datos/features/bc_therapy/features_ctranspath...

Fold 35: train=113, val=20, test=33
Fold 35: ABMIL entrenado (val_auc=0.5417)
Cargando features de /home/JKP6679/Patho-Ensemble/PARADIS/datos/features/bc_therapy/features_ctranspath...

Fold 36: train=113, val=20, test=33
Fold 36: ABMIL entrenado (val_auc=0.8667)
Cargando features de /home/JKP6679/Patho-Ensemble/PARADIS/datos/features/bc_therapy/features_ctranspath...

Fold 37: train=113, val=20, test=33
Fold 37: ABMIL entrenado (val_auc=0.6786)
Cargando features de /home/JKP6679/Patho-Ensemble/PARADIS/datos/features/bc_therapy/features_ctranspath...

Fold 38: train=113, val=20, test=33
Fold 38: ABMIL entrenado (val_auc=0.6364)
Cargando features de /home/JKP6679/Patho-Ensemble/PARADIS/datos/features/bc_therapy/features_ctranspath...

Fold 39: train=113, val=20, test=33
Fold 39: ABMIL entrenado (val_auc=0.8769)
Cargando features de /home/JKP6679/Patho-Ensemble/PARADIS/datos/features/bc_therapy/features_ctranspath...

Fold 40: train=113, val=20, test=33
Fold 40: ABMIL entrenado (val_auc=0.5921)
Cargando features de /home/JKP6679/Patho-Ensemble/PARADIS/datos/features/bc_therapy/features_ctranspath...

Fold 41: train=113, val=20, test=33
Fold 41: ABMIL entrenado (val_auc=0.8627)
Cargando features de /home/JKP6679/Patho-Ensemble/PARADIS/datos/features/bc_therapy/features_ctranspath...

Fold 42: train=113, val=20, test=33
Fold 42: ABMIL entrenado (val_auc=0.7083)
Cargando features de /home/JKP6679/Patho-Ensemble/PARADIS/datos/features/bc_therapy/features_ctranspath...

Fold 43: train=113, val=20, test=33
Fold 43: ABMIL entrenado (val_auc=0.6000)
Cargando features de /home/JKP6679/Patho-Ensemble/PARADIS/datos/features/bc_therapy/features_ctranspath...

Fold 44: train=113, val=20, test=33
Fold 44: ABMIL entrenado (val_auc=0.5538)
Cargando features de /home/JKP6679/Patho-Ensemble/PARADIS/datos/features/bc_therapy/features_ctranspath...

Fold 45: train=113, val=20, test=33
Fold 45: ABMIL entrenado (val_auc=0.6905)
Cargando features de /home/JKP6679/Patho-Ensemble/PARADIS/datos/features/bc_therapy/features_ctranspath...

Fold 46: train=113, val=20, test=33
Fold 46: ABMIL entrenado (val_auc=0.8769)
Cargando features de /home/JKP6679/Patho-Ensemble/PARADIS/datos/features/bc_therapy/features_ctranspath...

Fold 47: train=113, val=20, test=33
Fold 47: ABMIL entrenado (val_auc=0.9020)
Cargando features de /home/JKP6679/Patho-Ensemble/PARADIS/datos/features/bc_therapy/features_ctranspath...

Fold 48: train=113, val=20, test=33
Fold 48: ABMIL entrenado (val_auc=0.7923)
Cargando features de /home/JKP6679/Patho-Ensemble/PARADIS/datos/features/bc_therapy/features_ctranspath...

Fold 49: train=113, val=20, test=33
Fold 49: ABMIL entrenado (val_auc=0.7083)

Calculando métricas de validación...
✅ Métricas de validación completadas

Calculando métricas de test...
✅ Métricas de test completadas (50 folds con datos)

✅ Training completed

--- [base] uni_v2 --- Sun Aug 30 22:55:49 CEST 2026
  latent_dim auto-detectado: 1536  (de features_uni_v2)

============================================================
ABMIL Training: uni_v2
  Dataset: bc_therapy/er_status
  Latent dim: 1536, Num classes: 2
  Epochs: 100, Fold: all
============================================================

Cargando features de /home/JKP6679/Patho-Ensemble/PARADIS/datos/features/bc_therapy/features_uni_v2...

Fold 0: train=113, val=20, test=33
Fold 0: ABMIL entrenado (val_auc=0.8684)
Cargando features de /home/JKP6679/Patho-Ensemble/PARADIS/datos/features/bc_therapy/features_uni_v2...

Fold 1: train=113, val=20, test=33
Fold 1: ABMIL entrenado (val_auc=0.8583)
Cargando features de /home/JKP6679/Patho-Ensemble/PARADIS/datos/features/bc_therapy/features_uni_v2...

Fold 2: train=113, val=20, test=33
Fold 2: ABMIL entrenado (val_auc=0.6078)
Cargando features de /home/JKP6679/Patho-Ensemble/PARADIS/datos/features/bc_therapy/features_uni_v2...

Fold 3: train=113, val=20, test=33
Fold 3: ABMIL entrenado (val_auc=0.7727)
Cargando features de /home/JKP6679/Patho-Ensemble/PARADIS/datos/features/bc_therapy/features_uni_v2...

Fold 4: train=113, val=20, test=33
Fold 4: ABMIL entrenado (val_auc=0.8000)
Cargando features de /home/JKP6679/Patho-Ensemble/PARADIS/datos/features/bc_therapy/features_uni_v2...

Fold 5: train=113, val=20, test=33
Fold 5: ABMIL entrenado (val_auc=0.6583)
Cargando features de /home/JKP6679/Patho-Ensemble/PARADIS/datos/features/bc_therapy/features_uni_v2...

Fold 6: train=113, val=20, test=33
Fold 6: ABMIL entrenado (val_auc=0.7353)
Cargando features de /home/JKP6679/Patho-Ensemble/PARADIS/datos/features/bc_therapy/features_uni_v2...

Fold 7: train=113, val=20, test=33
Fold 7: ABMIL entrenado (val_auc=0.8529)
Cargando features de /home/JKP6679/Patho-Ensemble/PARADIS/datos/features/bc_therapy/features_uni_v2...

Fold 8: train=113, val=20, test=33
Fold 8: ABMIL entrenado (val_auc=0.7745)
Cargando features de /home/JKP6679/Patho-Ensemble/PARADIS/datos/features/bc_therapy/features_uni_v2...

Fold 9: train=113, val=20, test=33
Fold 9: ABMIL entrenado (val_auc=0.7411)
Cargando features de /home/JKP6679/Patho-Ensemble/PARADIS/datos/features/bc_therapy/features_uni_v2...

Fold 10: train=113, val=20, test=33
Fold 10: ABMIL entrenado (val_auc=0.9342)
Cargando features de /home/JKP6679/Patho-Ensemble/PARADIS/datos/features/bc_therapy/features_uni_v2...

Fold 11: train=113, val=20, test=33
Fold 11: ABMIL entrenado (val_auc=0.8417)
Cargando features de /home/JKP6679/Patho-Ensemble/PARADIS/datos/features/bc_therapy/features_uni_v2...

Fold 12: train=113, val=20, test=33
Fold 12: ABMIL entrenado (val_auc=0.7946)
Cargando features de /home/JKP6679/Patho-Ensemble/PARADIS/datos/features/bc_therapy/features_uni_v2...

Fold 13: train=113, val=20, test=33
Fold 13: ABMIL entrenado (val_auc=0.7556)
Cargando features de /home/JKP6679/Patho-Ensemble/PARADIS/datos/features/bc_therapy/features_uni_v2...

Fold 14: train=113, val=20, test=33
Fold 14: ABMIL entrenado (val_auc=0.8250)
Cargando features de /home/JKP6679/Patho-Ensemble/PARADIS/datos/features/bc_therapy/features_uni_v2...

Fold 15: train=113, val=20, test=33
Fold 15: ABMIL entrenado (val_auc=0.8500)
Cargando features de /home/JKP6679/Patho-Ensemble/PARADIS/datos/features/bc_therapy/features_uni_v2...

Fold 16: train=113, val=20, test=33
Fold 16: ABMIL entrenado (val_auc=0.8167)
Cargando features de /home/JKP6679/Patho-Ensemble/PARADIS/datos/features/bc_therapy/features_uni_v2...

Fold 17: train=113, val=20, test=33
Fold 17: ABMIL entrenado (val_auc=0.7692)
Cargando features de /home/JKP6679/Patho-Ensemble/PARADIS/datos/features/bc_therapy/features_uni_v2...

Fold 18: train=113, val=20, test=33
Fold 18: ABMIL entrenado (val_auc=0.6667)
Cargando features de /home/JKP6679/Patho-Ensemble/PARADIS/datos/features/bc_therapy/features_uni_v2...

Fold 19: train=113, val=20, test=33
Fold 19: ABMIL entrenado (val_auc=0.6587)
Cargando features de /home/JKP6679/Patho-Ensemble/PARADIS/datos/features/bc_therapy/features_uni_v2...

Fold 20: train=113, val=20, test=33
Fold 20: ABMIL entrenado (val_auc=0.8250)
Cargando features de /home/JKP6679/Patho-Ensemble/PARADIS/datos/features/bc_therapy/features_uni_v2...

Fold 21: train=113, val=20, test=33
Fold 21: ABMIL entrenado (val_auc=0.8385)
Cargando features de /home/JKP6679/Patho-Ensemble/PARADIS/datos/features/bc_therapy/features_uni_v2...

Fold 22: train=113, val=20, test=33
Fold 22: ABMIL entrenado (val_auc=0.7549)
Cargando features de /home/JKP6679/Patho-Ensemble/PARADIS/datos/features/bc_therapy/features_uni_v2...

Fold 23: train=113, val=20, test=33
Fold 23: ABMIL entrenado (val_auc=0.7462)
Cargando features de /home/JKP6679/Patho-Ensemble/PARADIS/datos/features/bc_therapy/features_uni_v2...

Fold 24: train=113, val=20, test=33
Fold 24: ABMIL entrenado (val_auc=0.7667)
Cargando features de /home/JKP6679/Patho-Ensemble/PARADIS/datos/features/bc_therapy/features_uni_v2...

Fold 25: train=113, val=20, test=33
Fold 25: ABMIL entrenado (val_auc=0.9412)
Cargando features de /home/JKP6679/Patho-Ensemble/PARADIS/datos/features/bc_therapy/features_uni_v2...

Fold 26: train=113, val=20, test=33
Fold 26: ABMIL entrenado (val_auc=0.7549)
Cargando features de /home/JKP6679/Patho-Ensemble/PARADIS/datos/features/bc_therapy/features_uni_v2...

Fold 27: train=113, val=20, test=33
Fold 27: ABMIL entrenado (val_auc=0.6161)
Cargando features de /home/JKP6679/Patho-Ensemble/PARADIS/datos/features/bc_therapy/features_uni_v2...

Fold 28: train=113, val=20, test=33
Fold 28: ABMIL entrenado (val_auc=0.7667)
Cargando features de /home/JKP6679/Patho-Ensemble/PARADIS/datos/features/bc_therapy/features_uni_v2...

Fold 29: train=113, val=20, test=33
Fold 29: ABMIL entrenado (val_auc=0.7750)
Cargando features de /home/JKP6679/Patho-Ensemble/PARADIS/datos/features/bc_therapy/features_uni_v2...

Fold 30: train=113, val=20, test=33
Fold 30: ABMIL entrenado (val_auc=0.7385)
Cargando features de /home/JKP6679/Patho-Ensemble/PARADIS/datos/features/bc_therapy/features_uni_v2...

Fold 31: train=113, val=20, test=33
Fold 31: ABMIL entrenado (val_auc=0.7333)
Cargando features de /home/JKP6679/Patho-Ensemble/PARADIS/datos/features/bc_therapy/features_uni_v2...

Fold 32: train=113, val=20, test=33
Fold 32: ABMIL entrenado (val_auc=0.7763)
Cargando features de /home/JKP6679/Patho-Ensemble/PARADIS/datos/features/bc_therapy/features_uni_v2...

Fold 33: train=113, val=20, test=33
Fold 33: ABMIL entrenado (val_auc=0.7451)
Cargando features de /home/JKP6679/Patho-Ensemble/PARADIS/datos/features/bc_therapy/features_uni_v2...

Fold 34: train=113, val=20, test=33
Fold 34: ABMIL entrenado (val_auc=0.7308)
Cargando features de /home/JKP6679/Patho-Ensemble/PARADIS/datos/features/bc_therapy/features_uni_v2...

Fold 35: train=113, val=20, test=33
Fold 35: ABMIL entrenado (val_auc=0.5917)
Cargando features de /home/JKP6679/Patho-Ensemble/PARADIS/datos/features/bc_therapy/features_uni_v2...

Fold 36: train=113, val=20, test=33
Fold 36: ABMIL entrenado (val_auc=0.9167)
Cargando features de /home/JKP6679/Patho-Ensemble/PARADIS/datos/features/bc_therapy/features_uni_v2...

Fold 37: train=113, val=20, test=33
Fold 37: ABMIL entrenado (val_auc=0.8036)
Cargando features de /home/JKP6679/Patho-Ensemble/PARADIS/datos/features/bc_therapy/features_uni_v2...

Fold 38: train=113, val=20, test=33
Fold 38: ABMIL entrenado (val_auc=0.6212)
Cargando features de /home/JKP6679/Patho-Ensemble/PARADIS/datos/features/bc_therapy/features_uni_v2...

Fold 39: train=113, val=20, test=33
Fold 39: ABMIL entrenado (val_auc=0.8769)
Cargando features de /home/JKP6679/Patho-Ensemble/PARADIS/datos/features/bc_therapy/features_uni_v2...

Fold 40: train=113, val=20, test=33
Fold 40: ABMIL entrenado (val_auc=0.6974)
Cargando features de /home/JKP6679/Patho-Ensemble/PARADIS/datos/features/bc_therapy/features_uni_v2...

Fold 41: train=113, val=20, test=33
Fold 41: ABMIL entrenado (val_auc=0.7941)
Cargando features de /home/JKP6679/Patho-Ensemble/PARADIS/datos/features/bc_therapy/features_uni_v2...

Fold 42: train=113, val=20, test=33
Fold 42: ABMIL entrenado (val_auc=0.8583)
Cargando features de /home/JKP6679/Patho-Ensemble/PARADIS/datos/features/bc_therapy/features_uni_v2...

Fold 43: train=113, val=20, test=33
Fold 43: ABMIL entrenado (val_auc=0.7833)
Cargando features de /home/JKP6679/Patho-Ensemble/PARADIS/datos/features/bc_therapy/features_uni_v2...

Fold 44: train=113, val=20, test=33
Fold 44: ABMIL entrenado (val_auc=0.5769)
Cargando features de /home/JKP6679/Patho-Ensemble/PARADIS/datos/features/bc_therapy/features_uni_v2...

Fold 45: train=113, val=20, test=33
Fold 45: ABMIL entrenado (val_auc=0.7698)
Cargando features de /home/JKP6679/Patho-Ensemble/PARADIS/datos/features/bc_therapy/features_uni_v2...

Fold 46: train=113, val=20, test=33
Fold 46: ABMIL entrenado (val_auc=0.7769)
Cargando features de /home/JKP6679/Patho-Ensemble/PARADIS/datos/features/bc_therapy/features_uni_v2...

Fold 47: train=113, val=20, test=33
Fold 47: ABMIL entrenado (val_auc=0.8725)
Cargando features de /home/JKP6679/Patho-Ensemble/PARADIS/datos/features/bc_therapy/features_uni_v2...

Fold 48: train=113, val=20, test=33
Fold 48: ABMIL entrenado (val_auc=0.8000)
Cargando features de /home/JKP6679/Patho-Ensemble/PARADIS/datos/features/bc_therapy/features_uni_v2...

Fold 49: train=113, val=20, test=33
Fold 49: ABMIL entrenado (val_auc=0.7417)

Calculando métricas de validación...
✅ Métricas de validación completadas

Calculando métricas de test...
✅ Métricas de test completadas (50 folds con datos)

✅ Training completed

--- [base] conch_v1_5 --- Sun Aug 30 23:39:54 CEST 2026
  latent_dim auto-detectado: 768  (de features_conch_v1_5)

============================================================
ABMIL Training: conch_v1_5
  Dataset: bc_therapy/er_status
  Latent dim: 768, Num classes: 2
  Epochs: 100, Fold: all
============================================================

Cargando features de /home/JKP6679/Patho-Ensemble/PARADIS/datos/features/bc_therapy/features_conch_v1_5...

Fold 0: train=113, val=20, test=33
Fold 0: ABMIL entrenado (val_auc=0.9211)
Cargando features de /home/JKP6679/Patho-Ensemble/PARADIS/datos/features/bc_therapy/features_conch_v1_5...

Fold 1: train=113, val=20, test=33
Fold 1: ABMIL entrenado (val_auc=0.6750)
Cargando features de /home/JKP6679/Patho-Ensemble/PARADIS/datos/features/bc_therapy/features_conch_v1_5...

Fold 2: train=113, val=20, test=33
Fold 2: ABMIL entrenado (val_auc=0.6471)
Cargando features de /home/JKP6679/Patho-Ensemble/PARADIS/datos/features/bc_therapy/features_conch_v1_5...

Fold 3: train=113, val=20, test=33
Fold 3: ABMIL entrenado (val_auc=0.8333)
Cargando features de /home/JKP6679/Patho-Ensemble/PARADIS/datos/features/bc_therapy/features_conch_v1_5...

Fold 4: train=113, val=20, test=33
Fold 4: ABMIL entrenado (val_auc=0.8000)
Cargando features de /home/JKP6679/Patho-Ensemble/PARADIS/datos/features/bc_therapy/features_conch_v1_5...

Fold 5: train=113, val=20, test=33
Fold 5: ABMIL entrenado (val_auc=0.6917)
Cargando features de /home/JKP6679/Patho-Ensemble/PARADIS/datos/features/bc_therapy/features_conch_v1_5...

Fold 6: train=113, val=20, test=33
Fold 6: ABMIL entrenado (val_auc=0.6961)
Cargando features de /home/JKP6679/Patho-Ensemble/PARADIS/datos/features/bc_therapy/features_conch_v1_5...

Fold 7: train=113, val=20, test=33
Fold 7: ABMIL entrenado (val_auc=0.8627)
Cargando features de /home/JKP6679/Patho-Ensemble/PARADIS/datos/features/bc_therapy/features_conch_v1_5...

Fold 8: train=113, val=20, test=33
Fold 8: ABMIL entrenado (val_auc=0.8137)
Cargando features de /home/JKP6679/Patho-Ensemble/PARADIS/datos/features/bc_therapy/features_conch_v1_5...

Fold 9: train=113, val=20, test=33
Fold 9: ABMIL entrenado (val_auc=0.7321)
Cargando features de /home/JKP6679/Patho-Ensemble/PARADIS/datos/features/bc_therapy/features_conch_v1_5...

Fold 10: train=113, val=20, test=33
Fold 10: ABMIL entrenado (val_auc=0.8947)
Cargando features de /home/JKP6679/Patho-Ensemble/PARADIS/datos/features/bc_therapy/features_conch_v1_5...

Fold 11: train=113, val=20, test=33
Fold 11: ABMIL entrenado (val_auc=0.8833)
Cargando features de /home/JKP6679/Patho-Ensemble/PARADIS/datos/features/bc_therapy/features_conch_v1_5...

Fold 12: train=113, val=20, test=33
Fold 12: ABMIL entrenado (val_auc=0.8839)
Cargando features de /home/JKP6679/Patho-Ensemble/PARADIS/datos/features/bc_therapy/features_conch_v1_5...

Fold 13: train=113, val=20, test=33
Fold 13: ABMIL entrenado (val_auc=0.7111)
Cargando features de /home/JKP6679/Patho-Ensemble/PARADIS/datos/features/bc_therapy/features_conch_v1_5...

Fold 14: train=113, val=20, test=33
Fold 14: ABMIL entrenado (val_auc=0.8000)
Cargando features de /home/JKP6679/Patho-Ensemble/PARADIS/datos/features/bc_therapy/features_conch_v1_5...

Fold 15: train=113, val=20, test=33
Fold 15: ABMIL entrenado (val_auc=0.8583)
Cargando features de /home/JKP6679/Patho-Ensemble/PARADIS/datos/features/bc_therapy/features_conch_v1_5...

Fold 16: train=113, val=20, test=33
Fold 16: ABMIL entrenado (val_auc=0.7667)
Cargando features de /home/JKP6679/Patho-Ensemble/PARADIS/datos/features/bc_therapy/features_conch_v1_5...

Fold 17: train=113, val=20, test=33
Fold 17: ABMIL entrenado (val_auc=0.8538)
Cargando features de /home/JKP6679/Patho-Ensemble/PARADIS/datos/features/bc_therapy/features_conch_v1_5...

Fold 18: train=113, val=20, test=33
Fold 18: ABMIL entrenado (val_auc=0.8529)
Cargando features de /home/JKP6679/Patho-Ensemble/PARADIS/datos/features/bc_therapy/features_conch_v1_5...

Fold 19: train=113, val=20, test=33
Fold 19: ABMIL entrenado (val_auc=0.7619)
Cargando features de /home/JKP6679/Patho-Ensemble/PARADIS/datos/features/bc_therapy/features_conch_v1_5...

Fold 20: train=113, val=20, test=33
Fold 20: ABMIL entrenado (val_auc=0.7500)
Cargando features de /home/JKP6679/Patho-Ensemble/PARADIS/datos/features/bc_therapy/features_conch_v1_5...

Fold 21: train=113, val=20, test=33
Fold 21: ABMIL entrenado (val_auc=0.8692)
Cargando features de /home/JKP6679/Patho-Ensemble/PARADIS/datos/features/bc_therapy/features_conch_v1_5...

Fold 22: train=113, val=20, test=33
Fold 22: ABMIL entrenado (val_auc=0.7843)
Cargando features de /home/JKP6679/Patho-Ensemble/PARADIS/datos/features/bc_therapy/features_conch_v1_5...

Fold 23: train=113, val=20, test=33
Fold 23: ABMIL entrenado (val_auc=0.7154)
Cargando features de /home/JKP6679/Patho-Ensemble/PARADIS/datos/features/bc_therapy/features_conch_v1_5...

Fold 24: train=113, val=20, test=33
Fold 24: ABMIL entrenado (val_auc=0.8417)
Cargando features de /home/JKP6679/Patho-Ensemble/PARADIS/datos/features/bc_therapy/features_conch_v1_5...

Fold 25: train=113, val=20, test=33
Fold 25: ABMIL entrenado (val_auc=0.7059)
Cargando features de /home/JKP6679/Patho-Ensemble/PARADIS/datos/features/bc_therapy/features_conch_v1_5...

Fold 26: train=113, val=20, test=33
Fold 26: ABMIL entrenado (val_auc=0.8235)
Cargando features de /home/JKP6679/Patho-Ensemble/PARADIS/datos/features/bc_therapy/features_conch_v1_5...

Fold 27: train=113, val=20, test=33
Fold 27: ABMIL entrenado (val_auc=0.7232)
Cargando features de /home/JKP6679/Patho-Ensemble/PARADIS/datos/features/bc_therapy/features_conch_v1_5...

Fold 28: train=113, val=20, test=33
Fold 28: ABMIL entrenado (val_auc=0.8000)
Cargando features de /home/JKP6679/Patho-Ensemble/PARADIS/datos/features/bc_therapy/features_conch_v1_5...

Fold 29: train=113, val=20, test=33
Fold 29: ABMIL entrenado (val_auc=0.7667)
Cargando features de /home/JKP6679/Patho-Ensemble/PARADIS/datos/features/bc_therapy/features_conch_v1_5...

Fold 30: train=113, val=20, test=33
Fold 30: ABMIL entrenado (val_auc=0.8231)
Cargando features de /home/JKP6679/Patho-Ensemble/PARADIS/datos/features/bc_therapy/features_conch_v1_5...

Fold 31: train=113, val=20, test=33
Fold 31: ABMIL entrenado (val_auc=0.8750)
Cargando features de /home/JKP6679/Patho-Ensemble/PARADIS/datos/features/bc_therapy/features_conch_v1_5...

Fold 32: train=113, val=20, test=33
Fold 32: ABMIL entrenado (val_auc=0.8421)
Cargando features de /home/JKP6679/Patho-Ensemble/PARADIS/datos/features/bc_therapy/features_conch_v1_5...

Fold 33: train=113, val=20, test=33
Fold 33: ABMIL entrenado (val_auc=0.7451)
Cargando features de /home/JKP6679/Patho-Ensemble/PARADIS/datos/features/bc_therapy/features_conch_v1_5...

Fold 34: train=113, val=20, test=33
Fold 34: ABMIL entrenado (val_auc=0.6385)
Cargando features de /home/JKP6679/Patho-Ensemble/PARADIS/datos/features/bc_therapy/features_conch_v1_5...

Fold 35: train=113, val=20, test=33
Fold 35: ABMIL entrenado (val_auc=0.7833)
Cargando features de /home/JKP6679/Patho-Ensemble/PARADIS/datos/features/bc_therapy/features_conch_v1_5...

Fold 36: train=113, val=20, test=33
Fold 36: ABMIL entrenado (val_auc=0.8417)
Cargando features de /home/JKP6679/Patho-Ensemble/PARADIS/datos/features/bc_therapy/features_conch_v1_5...

Fold 37: train=113, val=20, test=33
Fold 37: ABMIL entrenado (val_auc=0.8393)
Cargando features de /home/JKP6679/Patho-Ensemble/PARADIS/datos/features/bc_therapy/features_conch_v1_5...

Fold 38: train=113, val=20, test=33
Fold 38: ABMIL entrenado (val_auc=0.6288)
Cargando features de /home/JKP6679/Patho-Ensemble/PARADIS/datos/features/bc_therapy/features_conch_v1_5...

Fold 39: train=113, val=20, test=33
Fold 39: ABMIL entrenado (val_auc=0.9308)
Cargando features de /home/JKP6679/Patho-Ensemble/PARADIS/datos/features/bc_therapy/features_conch_v1_5...

Fold 40: train=113, val=20, test=33
Fold 40: ABMIL entrenado (val_auc=0.8026)
Cargando features de /home/JKP6679/Patho-Ensemble/PARADIS/datos/features/bc_therapy/features_conch_v1_5...

Fold 41: train=113, val=20, test=33
Fold 41: ABMIL entrenado (val_auc=0.8922)
Cargando features de /home/JKP6679/Patho-Ensemble/PARADIS/datos/features/bc_therapy/features_conch_v1_5...

Fold 42: train=113, val=20, test=33
Fold 42: ABMIL entrenado (val_auc=0.7917)
Cargando features de /home/JKP6679/Patho-Ensemble/PARADIS/datos/features/bc_therapy/features_conch_v1_5...

Fold 43: train=113, val=20, test=33
Fold 43: ABMIL entrenado (val_auc=0.7167)
Cargando features de /home/JKP6679/Patho-Ensemble/PARADIS/datos/features/bc_therapy/features_conch_v1_5...

Fold 44: train=113, val=20, test=33
Fold 44: ABMIL entrenado (val_auc=0.7692)
Cargando features de /home/JKP6679/Patho-Ensemble/PARADIS/datos/features/bc_therapy/features_conch_v1_5...

Fold 45: train=113, val=20, test=33
Fold 45: ABMIL entrenado (val_auc=0.7143)
Cargando features de /home/JKP6679/Patho-Ensemble/PARADIS/datos/features/bc_therapy/features_conch_v1_5...

Fold 46: train=113, val=20, test=33
Fold 46: ABMIL entrenado (val_auc=0.8308)
Cargando features de /home/JKP6679/Patho-Ensemble/PARADIS/datos/features/bc_therapy/features_conch_v1_5...

Fold 47: train=113, val=20, test=33
Fold 47: ABMIL entrenado (val_auc=0.7451)
Cargando features de /home/JKP6679/Patho-Ensemble/PARADIS/datos/features/bc_therapy/features_conch_v1_5...

Fold 48: train=113, val=20, test=33
Fold 48: ABMIL entrenado (val_auc=0.8000)
Cargando features de /home/JKP6679/Patho-Ensemble/PARADIS/datos/features/bc_therapy/features_conch_v1_5...

Fold 49: train=113, val=20, test=33
Fold 49: ABMIL entrenado (val_auc=0.6500)

Calculando métricas de validación...
✅ Métricas de validación completadas

Calculando métricas de test...
✅ Métricas de test completadas (50 folds con datos)

✅ Training completed

### FASE 2 — meta-features in-sample
--- [meta] ctranspath --- Mon Aug 31 00:14:18 CEST 2026
  latent_dim auto-detectado: 768  (de features_ctranspath)

============================================================
ABMIL Test (predicciones sobre train): ctranspath
  Dataset: bc_therapy/er_status
  Latent dim: 768, Num classes: 2, Folds: 50
============================================================

Cargando features de /home/JKP6679/Patho-Ensemble/PARADIS/datos/features/bc_therapy/features_ctranspath...

✅ Predicciones de train generadas para 50/50 folds (0 omitidos por falta de checkpoint/datos).
--- [meta] uni_v2 --- Mon Aug 31 00:16:20 CEST 2026
  latent_dim auto-detectado: 1536  (de features_uni_v2)

============================================================
ABMIL Test (predicciones sobre train): uni_v2
  Dataset: bc_therapy/er_status
  Latent dim: 1536, Num classes: 2, Folds: 50
============================================================

Cargando features de /home/JKP6679/Patho-Ensemble/PARADIS/datos/features/bc_therapy/features_uni_v2...

✅ Predicciones de train generadas para 50/50 folds (0 omitidos por falta de checkpoint/datos).
--- [meta] conch_v1_5 --- Mon Aug 31 00:17:48 CEST 2026
  latent_dim auto-detectado: 768  (de features_conch_v1_5)

============================================================
ABMIL Test (predicciones sobre train): conch_v1_5
  Dataset: bc_therapy/er_status
  Latent dim: 768, Num classes: 2, Folds: 50
============================================================

Cargando features de /home/JKP6679/Patho-Ensemble/PARADIS/datos/features/bc_therapy/features_conch_v1_5...

✅ Predicciones de train generadas para 50/50 folds (0 omitidos por falta de checkpoint/datos).

### FASE 3 — embeddings de slide
--- [emb] ctranspath --- Mon Aug 31 00:19:41 CEST 2026
  latent_dim auto-detectado: 768  (de features_ctranspath)

============================================================
ABMIL Test (embeddings sobre train): ctranspath
  Dataset: bc_therapy/er_status
  Latent dim: 768, Num classes: 2, Folds: 50
============================================================

Cargando features de /home/JKP6679/Patho-Ensemble/PARADIS/datos/features/bc_therapy/features_ctranspath...

✅ Embeddings de train generadas para 50/50 folds (0 omitidos por falta de checkpoint/datos).
--- [emb] uni_v2 --- Mon Aug 31 00:21:01 CEST 2026
  latent_dim auto-detectado: 1536  (de features_uni_v2)

============================================================
ABMIL Test (embeddings sobre train): uni_v2
  Dataset: bc_therapy/er_status
  Latent dim: 1536, Num classes: 2, Folds: 50
============================================================

Cargando features de /home/JKP6679/Patho-Ensemble/PARADIS/datos/features/bc_therapy/features_uni_v2...

✅ Embeddings de train generadas para 50/50 folds (0 omitidos por falta de checkpoint/datos).
--- [emb] conch_v1_5 --- Mon Aug 31 00:22:56 CEST 2026
  latent_dim auto-detectado: 768  (de features_conch_v1_5)

============================================================
ABMIL Test (embeddings sobre train): conch_v1_5
  Dataset: bc_therapy/er_status
  Latent dim: 768, Num classes: 2, Folds: 50
============================================================

Cargando features de /home/JKP6679/Patho-Ensemble/PARADIS/datos/features/bc_therapy/features_conch_v1_5...

✅ Embeddings de train generadas para 50/50 folds (0 omitidos por falta de checkpoint/datos).

### FASE 3b — vigencia de los embeddings
  ✓ ctranspath
  ✓ uni_v2
  ✓ conch_v1_5

### FASE 4 — snapshot ensembles a nivel base

################################################################
# fge_trio (schedule=fge lr_1=2e-4 lr_2=2e-5 cycle_length=4)
################################################################
--- [fge_trio] ciclos: ctranspath --- Mon Aug 31 00:24:51 CEST 2026
  latent_dim auto-detectado: 768  (de features_ctranspath)

============================================================
ABMIL-FGE Training: ctranspath
  Dataset: bc_therapy/er_status
  Latent dim: 768, Num classes: 2
  Epochs (convergencia): 100, Fold: all
  Schedule: fge  (piecewise-linear, Garipov et al.)
  Ciclos: n_cycles=6, cycle_length=4, lr_1=0.0002, lr_2=2e-05, cycle_patience=2
  Variante: fge_trio  (include_base=False)
============================================================

Cargando features de /home/JKP6679/Patho-Ensemble/PARADIS/datos/features/bc_therapy/features_ctranspath...

Fold 0 (FGE): train=113, val=20, test=33
Fold 0: base convergido (val_auc=0.8026), iniciando ciclos FGE...
Fold 0: 2 snapshots FGE (val_auc por snapshot: 0.7632, 0.6711)
Cargando features de /home/JKP6679/Patho-Ensemble/PARADIS/datos/features/bc_therapy/features_ctranspath...

Fold 1 (FGE): train=113, val=20, test=33
Fold 1: base convergido (val_auc=0.7833), iniciando ciclos FGE...
Fold 1: 3 snapshots FGE (val_auc por snapshot: 0.6833, 0.7333, 0.6667)
Cargando features de /home/JKP6679/Patho-Ensemble/PARADIS/datos/features/bc_therapy/features_ctranspath...

Fold 2 (FGE): train=113, val=20, test=33
Fold 2: base convergido (val_auc=0.5980), iniciando ciclos FGE...
Fold 2: 3 snapshots FGE (val_auc por snapshot: 0.5588, 0.5784, 0.5098)
Cargando features de /home/JKP6679/Patho-Ensemble/PARADIS/datos/features/bc_therapy/features_ctranspath...

Fold 3 (FGE): train=113, val=20, test=33
Fold 3: base convergido (val_auc=0.6515), iniciando ciclos FGE...
Fold 3: 2 snapshots FGE (val_auc por snapshot: 0.6288, 0.5833)
Cargando features de /home/JKP6679/Patho-Ensemble/PARADIS/datos/features/bc_therapy/features_ctranspath...

Fold 4 (FGE): train=113, val=20, test=33
Fold 4: base convergido (val_auc=0.6917), iniciando ciclos FGE...
Fold 4: 2 snapshots FGE (val_auc por snapshot: 0.6083, 0.6083)
Cargando features de /home/JKP6679/Patho-Ensemble/PARADIS/datos/features/bc_therapy/features_ctranspath...

Fold 5 (FGE): train=113, val=20, test=33
Fold 5: base convergido (val_auc=0.8083), iniciando ciclos FGE...
Fold 5: 3 snapshots FGE (val_auc por snapshot: 0.7083, 0.7250, 0.7083)
Cargando features de /home/JKP6679/Patho-Ensemble/PARADIS/datos/features/bc_therapy/features_ctranspath...

Fold 6 (FGE): train=113, val=20, test=33
Fold 6: base convergido (val_auc=0.6176), iniciando ciclos FGE...
Fold 6: 2 snapshots FGE (val_auc por snapshot: 0.5980, 0.5294)
Cargando features de /home/JKP6679/Patho-Ensemble/PARADIS/datos/features/bc_therapy/features_ctranspath...

Fold 7 (FGE): train=113, val=20, test=33
Fold 7: base convergido (val_auc=0.8235), iniciando ciclos FGE...
Fold 7: 3 snapshots FGE (val_auc por snapshot: 0.7353, 0.7843, 0.7255)
Cargando features de /home/JKP6679/Patho-Ensemble/PARADIS/datos/features/bc_therapy/features_ctranspath...

Fold 8 (FGE): train=113, val=20, test=33
Fold 8: base convergido (val_auc=0.7647), iniciando ciclos FGE...
Fold 8: 2 snapshots FGE (val_auc por snapshot: 0.6667, 0.6569)
Cargando features de /home/JKP6679/Patho-Ensemble/PARADIS/datos/features/bc_therapy/features_ctranspath...

Fold 9 (FGE): train=113, val=20, test=33
Fold 9: base convergido (val_auc=0.6964), iniciando ciclos FGE...
Fold 9: 2 snapshots FGE (val_auc por snapshot: 0.5446, 0.5179)
Cargando features de /home/JKP6679/Patho-Ensemble/PARADIS/datos/features/bc_therapy/features_ctranspath...

Fold 10 (FGE): train=113, val=20, test=33
Fold 10: base convergido (val_auc=0.8947), iniciando ciclos FGE...
Fold 10: 2 snapshots FGE (val_auc por snapshot: 0.8816, 0.8553)
Cargando features de /home/JKP6679/Patho-Ensemble/PARADIS/datos/features/bc_therapy/features_ctranspath...

Fold 11 (FGE): train=113, val=20, test=33
Fold 11: base convergido (val_auc=0.7417), iniciando ciclos FGE...
Fold 11: 2 snapshots FGE (val_auc por snapshot: 0.6917, 0.6750)
Cargando features de /home/JKP6679/Patho-Ensemble/PARADIS/datos/features/bc_therapy/features_ctranspath...

Fold 12 (FGE): train=113, val=20, test=33
Fold 12: base convergido (val_auc=0.8482), iniciando ciclos FGE...
Fold 12: 4 snapshots FGE (val_auc por snapshot: 0.8214, 0.8214, 0.8304, 0.8125)
Cargando features de /home/JKP6679/Patho-Ensemble/PARADIS/datos/features/bc_therapy/features_ctranspath...

Fold 13 (FGE): train=113, val=20, test=33
Fold 13: base convergido (val_auc=0.5778), iniciando ciclos FGE...
Fold 13: 6 snapshots FGE (val_auc por snapshot: 0.5444, 0.5667, 0.5889, 0.6111, 0.6222, 0.6111)
Cargando features de /home/JKP6679/Patho-Ensemble/PARADIS/datos/features/bc_therapy/features_ctranspath...

Fold 14 (FGE): train=113, val=20, test=33
Fold 14: base convergido (val_auc=0.7833), iniciando ciclos FGE...
Fold 14: 2 snapshots FGE (val_auc por snapshot: 0.7417, 0.7083)
Cargando features de /home/JKP6679/Patho-Ensemble/PARADIS/datos/features/bc_therapy/features_ctranspath...

Fold 15 (FGE): train=113, val=20, test=33
Fold 15: base convergido (val_auc=0.7417), iniciando ciclos FGE...
Fold 15: 2 snapshots FGE (val_auc por snapshot: 0.6833, 0.6417)
Cargando features de /home/JKP6679/Patho-Ensemble/PARADIS/datos/features/bc_therapy/features_ctranspath...

Fold 16 (FGE): train=113, val=20, test=33
Fold 16: base convergido (val_auc=0.8833), iniciando ciclos FGE...
Fold 16: 2 snapshots FGE (val_auc por snapshot: 0.8333, 0.8000)
Cargando features de /home/JKP6679/Patho-Ensemble/PARADIS/datos/features/bc_therapy/features_ctranspath...

Fold 17 (FGE): train=113, val=20, test=33
Fold 17: base convergido (val_auc=0.7231), iniciando ciclos FGE...
Fold 17: 2 snapshots FGE (val_auc por snapshot: 0.6615, 0.5923)
Cargando features de /home/JKP6679/Patho-Ensemble/PARADIS/datos/features/bc_therapy/features_ctranspath...

Fold 18 (FGE): train=113, val=20, test=33
Fold 18: base convergido (val_auc=0.6863), iniciando ciclos FGE...
Fold 18: 2 snapshots FGE (val_auc por snapshot: 0.6078, 0.5392)
Cargando features de /home/JKP6679/Patho-Ensemble/PARADIS/datos/features/bc_therapy/features_ctranspath...

Fold 19 (FGE): train=113, val=20, test=33
Fold 19: base convergido (val_auc=0.7381), iniciando ciclos FGE...
Fold 19: 4 snapshots FGE (val_auc por snapshot: 0.6667, 0.6667, 0.7302, 0.6190)
Cargando features de /home/JKP6679/Patho-Ensemble/PARADIS/datos/features/bc_therapy/features_ctranspath...

Fold 20 (FGE): train=113, val=20, test=33
Fold 20: base convergido (val_auc=0.7417), iniciando ciclos FGE...
Fold 20: 6 snapshots FGE (val_auc por snapshot: 0.7000, 0.6917, 0.7167, 0.7167, 0.7250, 0.7083)
Cargando features de /home/JKP6679/Patho-Ensemble/PARADIS/datos/features/bc_therapy/features_ctranspath...

Fold 21 (FGE): train=113, val=20, test=33
Fold 21: base convergido (val_auc=0.7000), iniciando ciclos FGE...
Fold 21: 6 snapshots FGE (val_auc por snapshot: 0.6077, 0.5923, 0.6308, 0.6308, 0.6538, 0.6692)
Cargando features de /home/JKP6679/Patho-Ensemble/PARADIS/datos/features/bc_therapy/features_ctranspath...

Fold 22 (FGE): train=113, val=20, test=33
Fold 22: base convergido (val_auc=0.6961), iniciando ciclos FGE...
Fold 22: 5 snapshots FGE (val_auc por snapshot: 0.6373, 0.6373, 0.6471, 0.6765, 0.6765)
Cargando features de /home/JKP6679/Patho-Ensemble/PARADIS/datos/features/bc_therapy/features_ctranspath...

Fold 23 (FGE): train=113, val=20, test=33
Fold 23: base convergido (val_auc=0.8154), iniciando ciclos FGE...
Fold 23: 4 snapshots FGE (val_auc por snapshot: 0.7308, 0.7615, 0.7769, 0.7462)
Cargando features de /home/JKP6679/Patho-Ensemble/PARADIS/datos/features/bc_therapy/features_ctranspath...

Fold 24 (FGE): train=113, val=20, test=33
Fold 24: base convergido (val_auc=0.7667), iniciando ciclos FGE...
Fold 24: 2 snapshots FGE (val_auc por snapshot: 0.7083, 0.6833)
Cargando features de /home/JKP6679/Patho-Ensemble/PARADIS/datos/features/bc_therapy/features_ctranspath...

Fold 25 (FGE): train=113, val=20, test=33
Fold 25: base convergido (val_auc=0.8529), iniciando ciclos FGE...
Fold 25: 2 snapshots FGE (val_auc por snapshot: 0.8333, 0.7745)
Cargando features de /home/JKP6679/Patho-Ensemble/PARADIS/datos/features/bc_therapy/features_ctranspath...

Fold 26 (FGE): train=113, val=20, test=33
Fold 26: base convergido (val_auc=0.8137), iniciando ciclos FGE...
Fold 26: 2 snapshots FGE (val_auc por snapshot: 0.7745, 0.6471)
Cargando features de /home/JKP6679/Patho-Ensemble/PARADIS/datos/features/bc_therapy/features_ctranspath...

Fold 27 (FGE): train=113, val=20, test=33
Fold 27: base convergido (val_auc=0.6786), iniciando ciclos FGE...
Fold 27: 3 snapshots FGE (val_auc por snapshot: 0.5268, 0.5446, 0.5268)
Cargando features de /home/JKP6679/Patho-Ensemble/PARADIS/datos/features/bc_therapy/features_ctranspath...

Fold 28 (FGE): train=113, val=20, test=33
Fold 28: base convergido (val_auc=0.7667), iniciando ciclos FGE...
Fold 28: 2 snapshots FGE (val_auc por snapshot: 0.7556, 0.6556)
Cargando features de /home/JKP6679/Patho-Ensemble/PARADIS/datos/features/bc_therapy/features_ctranspath...

Fold 29 (FGE): train=113, val=20, test=33
Fold 29: base convergido (val_auc=0.7583), iniciando ciclos FGE...
Fold 29: 2 snapshots FGE (val_auc por snapshot: 0.7750, 0.6667)
Cargando features de /home/JKP6679/Patho-Ensemble/PARADIS/datos/features/bc_therapy/features_ctranspath...

Fold 30 (FGE): train=113, val=20, test=33
Fold 30: base convergido (val_auc=0.6692), iniciando ciclos FGE...
Fold 30: 2 snapshots FGE (val_auc por snapshot: 0.6077, 0.5538)
Cargando features de /home/JKP6679/Patho-Ensemble/PARADIS/datos/features/bc_therapy/features_ctranspath...

Fold 31 (FGE): train=113, val=20, test=33
Fold 31: base convergido (val_auc=0.5750), iniciando ciclos FGE...
Fold 31: 6 snapshots FGE (val_auc por snapshot: 0.4583, 0.4917, 0.5500, 0.5583, 0.6000, 0.5167)
Cargando features de /home/JKP6679/Patho-Ensemble/PARADIS/datos/features/bc_therapy/features_ctranspath...

Fold 32 (FGE): train=113, val=20, test=33
Fold 32: base convergido (val_auc=0.8026), iniciando ciclos FGE...
Fold 32: 3 snapshots FGE (val_auc por snapshot: 0.6974, 0.7632, 0.6974)
Cargando features de /home/JKP6679/Patho-Ensemble/PARADIS/datos/features/bc_therapy/features_ctranspath...

Fold 33 (FGE): train=113, val=20, test=33
Fold 33: base convergido (val_auc=0.7255), iniciando ciclos FGE...
Fold 33: 2 snapshots FGE (val_auc por snapshot: 0.5882, 0.5882)
Cargando features de /home/JKP6679/Patho-Ensemble/PARADIS/datos/features/bc_therapy/features_ctranspath...

Fold 34 (FGE): train=113, val=20, test=33
Fold 34: base convergido (val_auc=0.5538), iniciando ciclos FGE...
Fold 34: 2 snapshots FGE (val_auc por snapshot: 0.5385, 0.4538)
Cargando features de /home/JKP6679/Patho-Ensemble/PARADIS/datos/features/bc_therapy/features_ctranspath...

Fold 35 (FGE): train=113, val=20, test=33
Fold 35: base convergido (val_auc=0.5417), iniciando ciclos FGE...
Fold 35: 2 snapshots FGE (val_auc por snapshot: 0.5167, 0.4833)
Cargando features de /home/JKP6679/Patho-Ensemble/PARADIS/datos/features/bc_therapy/features_ctranspath...

Fold 36 (FGE): train=113, val=20, test=33
Fold 36: base convergido (val_auc=0.8667), iniciando ciclos FGE...
Fold 36: 3 snapshots FGE (val_auc por snapshot: 0.8417, 0.8833, 0.8667)
Cargando features de /home/JKP6679/Patho-Ensemble/PARADIS/datos/features/bc_therapy/features_ctranspath...

Fold 37 (FGE): train=113, val=20, test=33
Fold 37: base convergido (val_auc=0.6786), iniciando ciclos FGE...
Fold 37: 4 snapshots FGE (val_auc por snapshot: 0.6161, 0.6518, 0.6786, 0.6071)
Cargando features de /home/JKP6679/Patho-Ensemble/PARADIS/datos/features/bc_therapy/features_ctranspath...

Fold 38 (FGE): train=113, val=20, test=33
Fold 38: base convergido (val_auc=0.6364), iniciando ciclos FGE...
Fold 38: 2 snapshots FGE (val_auc por snapshot: 0.6364, 0.6212)
Cargando features de /home/JKP6679/Patho-Ensemble/PARADIS/datos/features/bc_therapy/features_ctranspath...

Fold 39 (FGE): train=113, val=20, test=33
Fold 39: base convergido (val_auc=0.8769), iniciando ciclos FGE...
Fold 39: 2 snapshots FGE (val_auc por snapshot: 0.8538, 0.8231)
Cargando features de /home/JKP6679/Patho-Ensemble/PARADIS/datos/features/bc_therapy/features_ctranspath...

Fold 40 (FGE): train=113, val=20, test=33
Fold 40: base convergido (val_auc=0.5921), iniciando ciclos FGE...
Fold 40: 2 snapshots FGE (val_auc por snapshot: 0.6711, 0.4474)
Cargando features de /home/JKP6679/Patho-Ensemble/PARADIS/datos/features/bc_therapy/features_ctranspath...

Fold 41 (FGE): train=113, val=20, test=33
Fold 41: base convergido (val_auc=0.8627), iniciando ciclos FGE...
Fold 41: 4 snapshots FGE (val_auc por snapshot: 0.7745, 0.8137, 0.8431, 0.8235)
Cargando features de /home/JKP6679/Patho-Ensemble/PARADIS/datos/features/bc_therapy/features_ctranspath...

Fold 42 (FGE): train=113, val=20, test=33
Fold 42: base convergido (val_auc=0.7083), iniciando ciclos FGE...
Fold 42: 4 snapshots FGE (val_auc por snapshot: 0.6417, 0.6500, 0.7083, 0.6667)
Cargando features de /home/JKP6679/Patho-Ensemble/PARADIS/datos/features/bc_therapy/features_ctranspath...

Fold 43 (FGE): train=113, val=20, test=33
Fold 43: base convergido (val_auc=0.6000), iniciando ciclos FGE...
Fold 43: 6 snapshots FGE (val_auc por snapshot: 0.5167, 0.4333, 0.5500, 0.5667, 0.5750, 0.5750)
Cargando features de /home/JKP6679/Patho-Ensemble/PARADIS/datos/features/bc_therapy/features_ctranspath...

Fold 44 (FGE): train=113, val=20, test=33
Fold 44: base convergido (val_auc=0.5538), iniciando ciclos FGE...
Fold 44: 2 snapshots FGE (val_auc por snapshot: 0.5846, 0.5615)
Cargando features de /home/JKP6679/Patho-Ensemble/PARADIS/datos/features/bc_therapy/features_ctranspath...

Fold 45 (FGE): train=113, val=20, test=33
Fold 45: base convergido (val_auc=0.6905), iniciando ciclos FGE...
Fold 45: 2 snapshots FGE (val_auc por snapshot: 0.5952, 0.5397)
Cargando features de /home/JKP6679/Patho-Ensemble/PARADIS/datos/features/bc_therapy/features_ctranspath...

Fold 46 (FGE): train=113, val=20, test=33
Fold 46: base convergido (val_auc=0.8769), iniciando ciclos FGE...
Fold 46: 5 snapshots FGE (val_auc por snapshot: 0.6846, 0.7615, 0.7692, 0.8000, 0.8000)
Cargando features de /home/JKP6679/Patho-Ensemble/PARADIS/datos/features/bc_therapy/features_ctranspath...

Fold 47 (FGE): train=113, val=20, test=33
Fold 47: base convergido (val_auc=0.9020), iniciando ciclos FGE...
Fold 47: 2 snapshots FGE (val_auc por snapshot: 0.8922, 0.8725)
Cargando features de /home/JKP6679/Patho-Ensemble/PARADIS/datos/features/bc_therapy/features_ctranspath...

Fold 48 (FGE): train=113, val=20, test=33
Fold 48: base convergido (val_auc=0.7923), iniciando ciclos FGE...
Fold 48: 2 snapshots FGE (val_auc por snapshot: 0.7615, 0.7308)
Cargando features de /home/JKP6679/Patho-Ensemble/PARADIS/datos/features/bc_therapy/features_ctranspath...

Fold 49 (FGE): train=113, val=20, test=33
Fold 49: base convergido (val_auc=0.7083), iniciando ciclos FGE...
Fold 49: 2 snapshots FGE (val_auc por snapshot: 0.6917, 0.6333)

Calculando métricas de validación (FGE, promedio de snapshots)...

Calculando métricas de test (FGE, promedio de snapshots)...
✅ Métricas FGE de test completadas (50 folds con datos)

✅ FGE training completed
--- [fge_trio] meta-features: ctranspath --- Mon Aug 31 01:26:13 CEST 2026
  latent_dim auto-detectado: 768  (de features_ctranspath)

============================================================
ABMIL-FGE Test (predicciones sobre train): ctranspath
  Dataset: bc_therapy/er_status
  Latent dim: 768, Num classes: 2, Folds: 50
  Variante FGE: fge_trio
============================================================

Cargando features de /home/JKP6679/Patho-Ensemble/PARADIS/datos/features/bc_therapy/features_ctranspath...

✅ Predicciones FGE de train generadas para 50/50 folds (0 omitidos por falta de snapshots/datos).
--- [fge_trio] ciclos: uni_v2 --- Mon Aug 31 01:29:43 CEST 2026
  latent_dim auto-detectado: 1536  (de features_uni_v2)

============================================================
ABMIL-FGE Training: uni_v2
  Dataset: bc_therapy/er_status
  Latent dim: 1536, Num classes: 2
  Epochs (convergencia): 100, Fold: all
  Schedule: fge  (piecewise-linear, Garipov et al.)
  Ciclos: n_cycles=6, cycle_length=4, lr_1=0.0002, lr_2=2e-05, cycle_patience=2
  Variante: fge_trio  (include_base=False)
============================================================

Cargando features de /home/JKP6679/Patho-Ensemble/PARADIS/datos/features/bc_therapy/features_uni_v2...

Fold 0 (FGE): train=113, val=20, test=33
Fold 0: base convergido (val_auc=0.8684), iniciando ciclos FGE...
Fold 0: 3 snapshots FGE (val_auc por snapshot: 0.8158, 0.8947, 0.8289)
Cargando features de /home/JKP6679/Patho-Ensemble/PARADIS/datos/features/bc_therapy/features_uni_v2...

Fold 1 (FGE): train=113, val=20, test=33
Fold 1: base convergido (val_auc=0.8583), iniciando ciclos FGE...
Fold 1: 6 snapshots FGE (val_auc por snapshot: 0.7250, 0.7250, 0.7583, 0.7667, 0.7583, 0.7667)
Cargando features de /home/JKP6679/Patho-Ensemble/PARADIS/datos/features/bc_therapy/features_uni_v2...

Fold 2 (FGE): train=113, val=20, test=33
Fold 2: base convergido (val_auc=0.6078), iniciando ciclos FGE...
Fold 2: 2 snapshots FGE (val_auc por snapshot: 0.5196, 0.5098)
Cargando features de /home/JKP6679/Patho-Ensemble/PARADIS/datos/features/bc_therapy/features_uni_v2...

Fold 3 (FGE): train=113, val=20, test=33
Fold 3: base convergido (val_auc=0.7727), iniciando ciclos FGE...
Fold 3: 2 snapshots FGE (val_auc por snapshot: 0.6894, 0.6591)
Cargando features de /home/JKP6679/Patho-Ensemble/PARADIS/datos/features/bc_therapy/features_uni_v2...

Fold 4 (FGE): train=113, val=20, test=33
Fold 4: base convergido (val_auc=0.8000), iniciando ciclos FGE...
Fold 4: 3 snapshots FGE (val_auc por snapshot: 0.6250, 0.6667, 0.6417)
Cargando features de /home/JKP6679/Patho-Ensemble/PARADIS/datos/features/bc_therapy/features_uni_v2...

Fold 5 (FGE): train=113, val=20, test=33
Fold 5: base convergido (val_auc=0.6583), iniciando ciclos FGE...
Fold 5: 2 snapshots FGE (val_auc por snapshot: 0.6417, 0.6333)
Cargando features de /home/JKP6679/Patho-Ensemble/PARADIS/datos/features/bc_therapy/features_uni_v2...

Fold 6 (FGE): train=113, val=20, test=33
Fold 6: base convergido (val_auc=0.7353), iniciando ciclos FGE...
Fold 6: 3 snapshots FGE (val_auc por snapshot: 0.5980, 0.6569, 0.5098)
Cargando features de /home/JKP6679/Patho-Ensemble/PARADIS/datos/features/bc_therapy/features_uni_v2...

Fold 7 (FGE): train=113, val=20, test=33
Fold 7: base convergido (val_auc=0.8529), iniciando ciclos FGE...
Fold 7: 6 snapshots FGE (val_auc por snapshot: 0.7451, 0.6765, 0.7745, 0.7451, 0.8039, 0.7843)
Cargando features de /home/JKP6679/Patho-Ensemble/PARADIS/datos/features/bc_therapy/features_uni_v2...

Fold 8 (FGE): train=113, val=20, test=33
Fold 8: base convergido (val_auc=0.7745), iniciando ciclos FGE...
Fold 8: 2 snapshots FGE (val_auc por snapshot: 0.6863, 0.6373)
Cargando features de /home/JKP6679/Patho-Ensemble/PARADIS/datos/features/bc_therapy/features_uni_v2...

Fold 9 (FGE): train=113, val=20, test=33
Fold 9: base convergido (val_auc=0.7411), iniciando ciclos FGE...
Fold 9: 6 snapshots FGE (val_auc por snapshot: 0.5714, 0.5804, 0.5893, 0.5446, 0.6161, 0.6161)
Cargando features de /home/JKP6679/Patho-Ensemble/PARADIS/datos/features/bc_therapy/features_uni_v2...

Fold 10 (FGE): train=113, val=20, test=33
Fold 10: base convergido (val_auc=0.9342), iniciando ciclos FGE...
Fold 10: 3 snapshots FGE (val_auc por snapshot: 0.8289, 0.8421, 0.8289)
Cargando features de /home/JKP6679/Patho-Ensemble/PARADIS/datos/features/bc_therapy/features_uni_v2...

Fold 11 (FGE): train=113, val=20, test=33
Fold 11: base convergido (val_auc=0.8417), iniciando ciclos FGE...
Fold 11: 2 snapshots FGE (val_auc por snapshot: 0.8583, 0.8417)
Cargando features de /home/JKP6679/Patho-Ensemble/PARADIS/datos/features/bc_therapy/features_uni_v2...

Fold 12 (FGE): train=113, val=20, test=33
Fold 12: base convergido (val_auc=0.7946), iniciando ciclos FGE...
Fold 12: 2 snapshots FGE (val_auc por snapshot: 0.7321, 0.7054)
Cargando features de /home/JKP6679/Patho-Ensemble/PARADIS/datos/features/bc_therapy/features_uni_v2...

Fold 13 (FGE): train=113, val=20, test=33
Fold 13: base convergido (val_auc=0.7556), iniciando ciclos FGE...
Fold 13: 2 snapshots FGE (val_auc por snapshot: 0.6667, 0.5000)
Cargando features de /home/JKP6679/Patho-Ensemble/PARADIS/datos/features/bc_therapy/features_uni_v2...

Fold 14 (FGE): train=113, val=20, test=33
Fold 14: base convergido (val_auc=0.8250), iniciando ciclos FGE...
Fold 14: 2 snapshots FGE (val_auc por snapshot: 0.7250, 0.6667)
Cargando features de /home/JKP6679/Patho-Ensemble/PARADIS/datos/features/bc_therapy/features_uni_v2...

Fold 15 (FGE): train=113, val=20, test=33
Fold 15: base convergido (val_auc=0.8500), iniciando ciclos FGE...
Fold 15: 2 snapshots FGE (val_auc por snapshot: 0.7500, 0.6083)
Cargando features de /home/JKP6679/Patho-Ensemble/PARADIS/datos/features/bc_therapy/features_uni_v2...

Fold 16 (FGE): train=113, val=20, test=33
Fold 16: base convergido (val_auc=0.8167), iniciando ciclos FGE...
Fold 16: 4 snapshots FGE (val_auc por snapshot: 0.7583, 0.7417, 0.7583, 0.7083)
Cargando features de /home/JKP6679/Patho-Ensemble/PARADIS/datos/features/bc_therapy/features_uni_v2...

Fold 17 (FGE): train=113, val=20, test=33
Fold 17: base convergido (val_auc=0.7692), iniciando ciclos FGE...
Fold 17: 2 snapshots FGE (val_auc por snapshot: 0.7615, 0.6154)
Cargando features de /home/JKP6679/Patho-Ensemble/PARADIS/datos/features/bc_therapy/features_uni_v2...

Fold 18 (FGE): train=113, val=20, test=33
Fold 18: base convergido (val_auc=0.6667), iniciando ciclos FGE...
Fold 18: 3 snapshots FGE (val_auc por snapshot: 0.7059, 0.7059, 0.6961)
Cargando features de /home/JKP6679/Patho-Ensemble/PARADIS/datos/features/bc_therapy/features_uni_v2...

Fold 19 (FGE): train=113, val=20, test=33
Fold 19: base convergido (val_auc=0.6587), iniciando ciclos FGE...
Fold 19: 2 snapshots FGE (val_auc por snapshot: 0.6349, 0.5556)
Cargando features de /home/JKP6679/Patho-Ensemble/PARADIS/datos/features/bc_therapy/features_uni_v2...

Fold 20 (FGE): train=113, val=20, test=33
Fold 20: base convergido (val_auc=0.8250), iniciando ciclos FGE...
Fold 20: 2 snapshots FGE (val_auc por snapshot: 0.7833, 0.7667)
Cargando features de /home/JKP6679/Patho-Ensemble/PARADIS/datos/features/bc_therapy/features_uni_v2...

Fold 21 (FGE): train=113, val=20, test=33
Fold 21: base convergido (val_auc=0.8385), iniciando ciclos FGE...
Fold 21: 2 snapshots FGE (val_auc por snapshot: 0.8077, 0.8000)
Cargando features de /home/JKP6679/Patho-Ensemble/PARADIS/datos/features/bc_therapy/features_uni_v2...

Fold 22 (FGE): train=113, val=20, test=33
Fold 22: base convergido (val_auc=0.7549), iniciando ciclos FGE...
Fold 22: 3 snapshots FGE (val_auc por snapshot: 0.6471, 0.6863, 0.6078)
Cargando features de /home/JKP6679/Patho-Ensemble/PARADIS/datos/features/bc_therapy/features_uni_v2...

Fold 23 (FGE): train=113, val=20, test=33
Fold 23: base convergido (val_auc=0.7462), iniciando ciclos FGE...
Fold 23: 2 snapshots FGE (val_auc por snapshot: 0.5692, 0.5308)
Cargando features de /home/JKP6679/Patho-Ensemble/PARADIS/datos/features/bc_therapy/features_uni_v2...

Fold 24 (FGE): train=113, val=20, test=33
Fold 24: base convergido (val_auc=0.7667), iniciando ciclos FGE...
Fold 24: 3 snapshots FGE (val_auc por snapshot: 0.6833, 0.7417, 0.7333)
Cargando features de /home/JKP6679/Patho-Ensemble/PARADIS/datos/features/bc_therapy/features_uni_v2...

Fold 25 (FGE): train=113, val=20, test=33
Fold 25: base convergido (val_auc=0.9412), iniciando ciclos FGE...
Fold 25: 2 snapshots FGE (val_auc por snapshot: 0.9412, 0.9216)
Cargando features de /home/JKP6679/Patho-Ensemble/PARADIS/datos/features/bc_therapy/features_uni_v2...

Fold 26 (FGE): train=113, val=20, test=33
Fold 26: base convergido (val_auc=0.7549), iniciando ciclos FGE...
Fold 26: 2 snapshots FGE (val_auc por snapshot: 0.6078, 0.6078)
Cargando features de /home/JKP6679/Patho-Ensemble/PARADIS/datos/features/bc_therapy/features_uni_v2...

Fold 27 (FGE): train=113, val=20, test=33
Fold 27: base convergido (val_auc=0.6161), iniciando ciclos FGE...
Fold 27: 2 snapshots FGE (val_auc por snapshot: 0.5536, 0.5536)
Cargando features de /home/JKP6679/Patho-Ensemble/PARADIS/datos/features/bc_therapy/features_uni_v2...

Fold 28 (FGE): train=113, val=20, test=33
Fold 28: base convergido (val_auc=0.7667), iniciando ciclos FGE...
Fold 28: 2 snapshots FGE (val_auc por snapshot: 0.8000, 0.7667)
Cargando features de /home/JKP6679/Patho-Ensemble/PARADIS/datos/features/bc_therapy/features_uni_v2...

Fold 29 (FGE): train=113, val=20, test=33
Fold 29: base convergido (val_auc=0.7750), iniciando ciclos FGE...
Fold 29: 6 snapshots FGE (val_auc por snapshot: 0.7167, 0.7083, 0.7250, 0.7250, 0.7333, 0.7417)
Cargando features de /home/JKP6679/Patho-Ensemble/PARADIS/datos/features/bc_therapy/features_uni_v2...

Fold 30 (FGE): train=113, val=20, test=33
Fold 30: base convergido (val_auc=0.7385), iniciando ciclos FGE...
Fold 30: 3 snapshots FGE (val_auc por snapshot: 0.6769, 0.6923, 0.6769)
Cargando features de /home/JKP6679/Patho-Ensemble/PARADIS/datos/features/bc_therapy/features_uni_v2...

Fold 31 (FGE): train=113, val=20, test=33
Fold 31: base convergido (val_auc=0.7333), iniciando ciclos FGE...
Fold 31: 2 snapshots FGE (val_auc por snapshot: 0.6167, 0.5250)
Cargando features de /home/JKP6679/Patho-Ensemble/PARADIS/datos/features/bc_therapy/features_uni_v2...

Fold 32 (FGE): train=113, val=20, test=33
Fold 32: base convergido (val_auc=0.7763), iniciando ciclos FGE...
Fold 32: 6 snapshots FGE (val_auc por snapshot: 0.7368, 0.7632, 0.7632, 0.7763, 0.7763, 0.7763)
Cargando features de /home/JKP6679/Patho-Ensemble/PARADIS/datos/features/bc_therapy/features_uni_v2...

Fold 33 (FGE): train=113, val=20, test=33
Fold 33: base convergido (val_auc=0.7451), iniciando ciclos FGE...
Fold 33: 2 snapshots FGE (val_auc por snapshot: 0.6569, 0.6373)
Cargando features de /home/JKP6679/Patho-Ensemble/PARADIS/datos/features/bc_therapy/features_uni_v2...

Fold 34 (FGE): train=113, val=20, test=33
Fold 34: base convergido (val_auc=0.7308), iniciando ciclos FGE...
Fold 34: 2 snapshots FGE (val_auc por snapshot: 0.6769, 0.5923)
Cargando features de /home/JKP6679/Patho-Ensemble/PARADIS/datos/features/bc_therapy/features_uni_v2...

Fold 35 (FGE): train=113, val=20, test=33
Fold 35: base convergido (val_auc=0.5917), iniciando ciclos FGE...
Fold 35: 2 snapshots FGE (val_auc por snapshot: 0.6083, 0.5500)
Cargando features de /home/JKP6679/Patho-Ensemble/PARADIS/datos/features/bc_therapy/features_uni_v2...

Fold 36 (FGE): train=113, val=20, test=33
Fold 36: base convergido (val_auc=0.9167), iniciando ciclos FGE...
Fold 36: 3 snapshots FGE (val_auc por snapshot: 0.8667, 0.8750, 0.8667)
Cargando features de /home/JKP6679/Patho-Ensemble/PARADIS/datos/features/bc_therapy/features_uni_v2...

Fold 37 (FGE): train=113, val=20, test=33
Fold 37: base convergido (val_auc=0.8036), iniciando ciclos FGE...
Fold 37: 2 snapshots FGE (val_auc por snapshot: 0.6518, 0.6250)
Cargando features de /home/JKP6679/Patho-Ensemble/PARADIS/datos/features/bc_therapy/features_uni_v2...

Fold 38 (FGE): train=113, val=20, test=33
Fold 38: base convergido (val_auc=0.6212), iniciando ciclos FGE...
Fold 38: 2 snapshots FGE (val_auc por snapshot: 0.5758, 0.5227)
Cargando features de /home/JKP6679/Patho-Ensemble/PARADIS/datos/features/bc_therapy/features_uni_v2...

Fold 39 (FGE): train=113, val=20, test=33
Fold 39: base convergido (val_auc=0.8769), iniciando ciclos FGE...
Fold 39: 3 snapshots FGE (val_auc por snapshot: 0.6538, 0.7308, 0.7231)
Cargando features de /home/JKP6679/Patho-Ensemble/PARADIS/datos/features/bc_therapy/features_uni_v2...

Fold 40 (FGE): train=113, val=20, test=33
Fold 40: base convergido (val_auc=0.6974), iniciando ciclos FGE...
Fold 40: 2 snapshots FGE (val_auc por snapshot: 0.4737, 0.2632)
Cargando features de /home/JKP6679/Patho-Ensemble/PARADIS/datos/features/bc_therapy/features_uni_v2...

Fold 41 (FGE): train=113, val=20, test=33
Fold 41: base convergido (val_auc=0.7941), iniciando ciclos FGE...
Fold 41: 2 snapshots FGE (val_auc por snapshot: 0.7843, 0.7157)
Cargando features de /home/JKP6679/Patho-Ensemble/PARADIS/datos/features/bc_therapy/features_uni_v2...

Fold 42 (FGE): train=113, val=20, test=33
Fold 42: base convergido (val_auc=0.8583), iniciando ciclos FGE...
Fold 42: 3 snapshots FGE (val_auc por snapshot: 0.7417, 0.7833, 0.7667)
Cargando features de /home/JKP6679/Patho-Ensemble/PARADIS/datos/features/bc_therapy/features_uni_v2...

Fold 43 (FGE): train=113, val=20, test=33
Fold 43: base convergido (val_auc=0.7833), iniciando ciclos FGE...
Fold 43: 2 snapshots FGE (val_auc por snapshot: 0.6750, 0.6750)
Cargando features de /home/JKP6679/Patho-Ensemble/PARADIS/datos/features/bc_therapy/features_uni_v2...

Fold 44 (FGE): train=113, val=20, test=33
Fold 44: base convergido (val_auc=0.5769), iniciando ciclos FGE...
Fold 44: 2 snapshots FGE (val_auc por snapshot: 0.5615, 0.5308)
Cargando features de /home/JKP6679/Patho-Ensemble/PARADIS/datos/features/bc_therapy/features_uni_v2...

Fold 45 (FGE): train=113, val=20, test=33
Fold 45: base convergido (val_auc=0.7698), iniciando ciclos FGE...
Fold 45: 4 snapshots FGE (val_auc por snapshot: 0.6667, 0.7222, 0.7381, 0.6984)
Cargando features de /home/JKP6679/Patho-Ensemble/PARADIS/datos/features/bc_therapy/features_uni_v2...

Fold 46 (FGE): train=113, val=20, test=33
Fold 46: base convergido (val_auc=0.7769), iniciando ciclos FGE...
Fold 46: 3 snapshots FGE (val_auc por snapshot: 0.7000, 0.7308, 0.6923)
Cargando features de /home/JKP6679/Patho-Ensemble/PARADIS/datos/features/bc_therapy/features_uni_v2...

Fold 47 (FGE): train=113, val=20, test=33
Fold 47: base convergido (val_auc=0.8725), iniciando ciclos FGE...
Fold 47: 3 snapshots FGE (val_auc por snapshot: 0.8333, 0.8529, 0.8333)
Cargando features de /home/JKP6679/Patho-Ensemble/PARADIS/datos/features/bc_therapy/features_uni_v2...

Fold 48 (FGE): train=113, val=20, test=33
Fold 48: base convergido (val_auc=0.8000), iniciando ciclos FGE...
Fold 48: 2 snapshots FGE (val_auc por snapshot: 0.6923, 0.6692)
Cargando features de /home/JKP6679/Patho-Ensemble/PARADIS/datos/features/bc_therapy/features_uni_v2...

Fold 49 (FGE): train=113, val=20, test=33
Fold 49: base convergido (val_auc=0.7417), iniciando ciclos FGE...
Fold 49: 2 snapshots FGE (val_auc por snapshot: 0.7167, 0.6417)

Calculando métricas de validación (FGE, promedio de snapshots)...

Calculando métricas de test (FGE, promedio de snapshots)...
✅ Métricas FGE de test completadas (50 folds con datos)

✅ FGE training completed
--- [fge_trio] meta-features: uni_v2 --- Mon Aug 31 02:46:53 CEST 2026
  latent_dim auto-detectado: 1536  (de features_uni_v2)

============================================================
ABMIL-FGE Test (predicciones sobre train): uni_v2
  Dataset: bc_therapy/er_status
  Latent dim: 1536, Num classes: 2, Folds: 50
  Variante FGE: fge_trio
============================================================

Cargando features de /home/JKP6679/Patho-Ensemble/PARADIS/datos/features/bc_therapy/features_uni_v2...

✅ Predicciones FGE de train generadas para 50/50 folds (0 omitidos por falta de snapshots/datos).
--- [fge_trio] ciclos: conch_v1_5 --- Mon Aug 31 02:50:27 CEST 2026
  latent_dim auto-detectado: 768  (de features_conch_v1_5)

============================================================
ABMIL-FGE Training: conch_v1_5
  Dataset: bc_therapy/er_status
  Latent dim: 768, Num classes: 2
  Epochs (convergencia): 100, Fold: all
  Schedule: fge  (piecewise-linear, Garipov et al.)
  Ciclos: n_cycles=6, cycle_length=4, lr_1=0.0002, lr_2=2e-05, cycle_patience=2
  Variante: fge_trio  (include_base=False)
============================================================

Cargando features de /home/JKP6679/Patho-Ensemble/PARADIS/datos/features/bc_therapy/features_conch_v1_5...

Fold 0 (FGE): train=113, val=20, test=33
Fold 0: base convergido (val_auc=0.9211), iniciando ciclos FGE...
Fold 0: 2 snapshots FGE (val_auc por snapshot: 0.7632, 0.7368)
Cargando features de /home/JKP6679/Patho-Ensemble/PARADIS/datos/features/bc_therapy/features_conch_v1_5...

Fold 1 (FGE): train=113, val=20, test=33
Fold 1: base convergido (val_auc=0.6750), iniciando ciclos FGE...
Fold 1: 3 snapshots FGE (val_auc por snapshot: 0.6583, 0.6833, 0.6000)
Cargando features de /home/JKP6679/Patho-Ensemble/PARADIS/datos/features/bc_therapy/features_conch_v1_5...

Fold 2 (FGE): train=113, val=20, test=33
Fold 2: base convergido (val_auc=0.6471), iniciando ciclos FGE...
Fold 2: 2 snapshots FGE (val_auc por snapshot: 0.5980, 0.5490)
Cargando features de /home/JKP6679/Patho-Ensemble/PARADIS/datos/features/bc_therapy/features_conch_v1_5...

Fold 3 (FGE): train=113, val=20, test=33
Fold 3: base convergido (val_auc=0.8333), iniciando ciclos FGE...
Fold 3: 3 snapshots FGE (val_auc por snapshot: 0.8106, 0.8258, 0.7955)
Cargando features de /home/JKP6679/Patho-Ensemble/PARADIS/datos/features/bc_therapy/features_conch_v1_5...

Fold 4 (FGE): train=113, val=20, test=33
Fold 4: base convergido (val_auc=0.8000), iniciando ciclos FGE...
Fold 4: 4 snapshots FGE (val_auc por snapshot: 0.7250, 0.7417, 0.7833, 0.7583)
Cargando features de /home/JKP6679/Patho-Ensemble/PARADIS/datos/features/bc_therapy/features_conch_v1_5...

Fold 5 (FGE): train=113, val=20, test=33
Fold 5: base convergido (val_auc=0.6917), iniciando ciclos FGE...
Fold 5: 5 snapshots FGE (val_auc por snapshot: 0.6333, 0.6417, 0.6500, 0.6917, 0.6667)
Cargando features de /home/JKP6679/Patho-Ensemble/PARADIS/datos/features/bc_therapy/features_conch_v1_5...

Fold 6 (FGE): train=113, val=20, test=33
Fold 6: base convergido (val_auc=0.6961), iniciando ciclos FGE...
Fold 6: 2 snapshots FGE (val_auc por snapshot: 0.7059, 0.6275)
Cargando features de /home/JKP6679/Patho-Ensemble/PARADIS/datos/features/bc_therapy/features_conch_v1_5...

Fold 7 (FGE): train=113, val=20, test=33
Fold 7: base convergido (val_auc=0.8627), iniciando ciclos FGE...
Fold 7: 2 snapshots FGE (val_auc por snapshot: 0.8627, 0.8333)
Cargando features de /home/JKP6679/Patho-Ensemble/PARADIS/datos/features/bc_therapy/features_conch_v1_5...

Fold 8 (FGE): train=113, val=20, test=33
Fold 8: base convergido (val_auc=0.8137), iniciando ciclos FGE...
Fold 8: 2 snapshots FGE (val_auc por snapshot: 0.7941, 0.7843)
Cargando features de /home/JKP6679/Patho-Ensemble/PARADIS/datos/features/bc_therapy/features_conch_v1_5...

Fold 9 (FGE): train=113, val=20, test=33
Fold 9: base convergido (val_auc=0.7321), iniciando ciclos FGE...
Fold 9: 2 snapshots FGE (val_auc por snapshot: 0.6607, 0.6071)
Cargando features de /home/JKP6679/Patho-Ensemble/PARADIS/datos/features/bc_therapy/features_conch_v1_5...

Fold 10 (FGE): train=113, val=20, test=33
Fold 10: base convergido (val_auc=0.8947), iniciando ciclos FGE...
Fold 10: 2 snapshots FGE (val_auc por snapshot: 0.8684, 0.8026)
Cargando features de /home/JKP6679/Patho-Ensemble/PARADIS/datos/features/bc_therapy/features_conch_v1_5...

Fold 11 (FGE): train=113, val=20, test=33
Fold 11: base convergido (val_auc=0.8833), iniciando ciclos FGE...
Fold 11: 2 snapshots FGE (val_auc por snapshot: 0.8417, 0.8417)
Cargando features de /home/JKP6679/Patho-Ensemble/PARADIS/datos/features/bc_therapy/features_conch_v1_5...

Fold 12 (FGE): train=113, val=20, test=33
Fold 12: base convergido (val_auc=0.8839), iniciando ciclos FGE...
Fold 12: 4 snapshots FGE (val_auc por snapshot: 0.7768, 0.7768, 0.8125, 0.7589)
Cargando features de /home/JKP6679/Patho-Ensemble/PARADIS/datos/features/bc_therapy/features_conch_v1_5...

Fold 13 (FGE): train=113, val=20, test=33
Fold 13: base convergido (val_auc=0.7111), iniciando ciclos FGE...
Fold 13: 3 snapshots FGE (val_auc por snapshot: 0.7111, 0.7556, 0.6778)
Cargando features de /home/JKP6679/Patho-Ensemble/PARADIS/datos/features/bc_therapy/features_conch_v1_5...

Fold 14 (FGE): train=113, val=20, test=33
Fold 14: base convergido (val_auc=0.8000), iniciando ciclos FGE...
Fold 14: 2 snapshots FGE (val_auc por snapshot: 0.7750, 0.7667)
Cargando features de /home/JKP6679/Patho-Ensemble/PARADIS/datos/features/bc_therapy/features_conch_v1_5...

Fold 15 (FGE): train=113, val=20, test=33
Fold 15: base convergido (val_auc=0.8583), iniciando ciclos FGE...
Fold 15: 4 snapshots FGE (val_auc por snapshot: 0.8500, 0.8083, 0.8500, 0.7833)
Cargando features de /home/JKP6679/Patho-Ensemble/PARADIS/datos/features/bc_therapy/features_conch_v1_5...

Fold 16 (FGE): train=113, val=20, test=33
Fold 16: base convergido (val_auc=0.7667), iniciando ciclos FGE...
Fold 16: 2 snapshots FGE (val_auc por snapshot: 0.6833, 0.6250)
Cargando features de /home/JKP6679/Patho-Ensemble/PARADIS/datos/features/bc_therapy/features_conch_v1_5...

Fold 17 (FGE): train=113, val=20, test=33
Fold 17: base convergido (val_auc=0.8538), iniciando ciclos FGE...
Fold 17: 2 snapshots FGE (val_auc por snapshot: 0.7385, 0.6462)
Cargando features de /home/JKP6679/Patho-Ensemble/PARADIS/datos/features/bc_therapy/features_conch_v1_5...

Fold 18 (FGE): train=113, val=20, test=33
Fold 18: base convergido (val_auc=0.8529), iniciando ciclos FGE...
Fold 18: 2 snapshots FGE (val_auc por snapshot: 0.8039, 0.7549)
Cargando features de /home/JKP6679/Patho-Ensemble/PARADIS/datos/features/bc_therapy/features_conch_v1_5...

Fold 19 (FGE): train=113, val=20, test=33
Fold 19: base convergido (val_auc=0.7619), iniciando ciclos FGE...
Fold 19: 3 snapshots FGE (val_auc por snapshot: 0.6667, 0.7143, 0.6190)
Cargando features de /home/JKP6679/Patho-Ensemble/PARADIS/datos/features/bc_therapy/features_conch_v1_5...

Fold 20 (FGE): train=113, val=20, test=33
Fold 20: base convergido (val_auc=0.7500), iniciando ciclos FGE...
Fold 20: 2 snapshots FGE (val_auc por snapshot: 0.7083, 0.7000)
Cargando features de /home/JKP6679/Patho-Ensemble/PARADIS/datos/features/bc_therapy/features_conch_v1_5...

Fold 21 (FGE): train=113, val=20, test=33
Fold 21: base convergido (val_auc=0.8692), iniciando ciclos FGE...
Fold 21: 2 snapshots FGE (val_auc por snapshot: 0.8308, 0.7538)
Cargando features de /home/JKP6679/Patho-Ensemble/PARADIS/datos/features/bc_therapy/features_conch_v1_5...

Fold 22 (FGE): train=113, val=20, test=33
Fold 22: base convergido (val_auc=0.7843), iniciando ciclos FGE...
Fold 22: 2 snapshots FGE (val_auc por snapshot: 0.7745, 0.7549)
Cargando features de /home/JKP6679/Patho-Ensemble/PARADIS/datos/features/bc_therapy/features_conch_v1_5...

Fold 23 (FGE): train=113, val=20, test=33
Fold 23: base convergido (val_auc=0.7154), iniciando ciclos FGE...
Fold 23: 2 snapshots FGE (val_auc por snapshot: 0.6538, 0.6462)
Cargando features de /home/JKP6679/Patho-Ensemble/PARADIS/datos/features/bc_therapy/features_conch_v1_5...

Fold 24 (FGE): train=113, val=20, test=33
Fold 24: base convergido (val_auc=0.8417), iniciando ciclos FGE...
Fold 24: 2 snapshots FGE (val_auc por snapshot: 0.8333, 0.7917)
Cargando features de /home/JKP6679/Patho-Ensemble/PARADIS/datos/features/bc_therapy/features_conch_v1_5...

Fold 25 (FGE): train=113, val=20, test=33
Fold 25: base convergido (val_auc=0.7059), iniciando ciclos FGE...
Fold 25: 3 snapshots FGE (val_auc por snapshot: 0.6078, 0.6569, 0.6471)
Cargando features de /home/JKP6679/Patho-Ensemble/PARADIS/datos/features/bc_therapy/features_conch_v1_5...

Fold 26 (FGE): train=113, val=20, test=33
Fold 26: base convergido (val_auc=0.8235), iniciando ciclos FGE...
Fold 26: 2 snapshots FGE (val_auc por snapshot: 0.8235, 0.8137)
Cargando features de /home/JKP6679/Patho-Ensemble/PARADIS/datos/features/bc_therapy/features_conch_v1_5...

Fold 27 (FGE): train=113, val=20, test=33
Fold 27: base convergido (val_auc=0.7232), iniciando ciclos FGE...
Fold 27: 4 snapshots FGE (val_auc por snapshot: 0.6161, 0.6161, 0.6696, 0.6518)
Cargando features de /home/JKP6679/Patho-Ensemble/PARADIS/datos/features/bc_therapy/features_conch_v1_5...

Fold 28 (FGE): train=113, val=20, test=33
Fold 28: base convergido (val_auc=0.8000), iniciando ciclos FGE...
Fold 28: 2 snapshots FGE (val_auc por snapshot: 0.7444, 0.7333)
Cargando features de /home/JKP6679/Patho-Ensemble/PARADIS/datos/features/bc_therapy/features_conch_v1_5...

Fold 29 (FGE): train=113, val=20, test=33
Fold 29: base convergido (val_auc=0.7667), iniciando ciclos FGE...
Fold 29: 4 snapshots FGE (val_auc por snapshot: 0.7250, 0.6833, 0.7333, 0.6667)
Cargando features de /home/JKP6679/Patho-Ensemble/PARADIS/datos/features/bc_therapy/features_conch_v1_5...

Fold 30 (FGE): train=113, val=20, test=33
Fold 30: base convergido (val_auc=0.8231), iniciando ciclos FGE...
Fold 30: 3 snapshots FGE (val_auc por snapshot: 0.6923, 0.7308, 0.7077)
Cargando features de /home/JKP6679/Patho-Ensemble/PARADIS/datos/features/bc_therapy/features_conch_v1_5...

Fold 31 (FGE): train=113, val=20, test=33
Fold 31: base convergido (val_auc=0.8750), iniciando ciclos FGE...
Fold 31: 2 snapshots FGE (val_auc por snapshot: 0.8833, 0.7417)
Cargando features de /home/JKP6679/Patho-Ensemble/PARADIS/datos/features/bc_therapy/features_conch_v1_5...

Fold 32 (FGE): train=113, val=20, test=33
Fold 32: base convergido (val_auc=0.8421), iniciando ciclos FGE...
Fold 32: 2 snapshots FGE (val_auc por snapshot: 0.6579, 0.6579)
Cargando features de /home/JKP6679/Patho-Ensemble/PARADIS/datos/features/bc_therapy/features_conch_v1_5...

Fold 33 (FGE): train=113, val=20, test=33
Fold 33: base convergido (val_auc=0.7451), iniciando ciclos FGE...
Fold 33: 3 snapshots FGE (val_auc por snapshot: 0.7353, 0.7451, 0.6961)
Cargando features de /home/JKP6679/Patho-Ensemble/PARADIS/datos/features/bc_therapy/features_conch_v1_5...

Fold 34 (FGE): train=113, val=20, test=33
Fold 34: base convergido (val_auc=0.6385), iniciando ciclos FGE...
Fold 34: 2 snapshots FGE (val_auc por snapshot: 0.6462, 0.6385)
Cargando features de /home/JKP6679/Patho-Ensemble/PARADIS/datos/features/bc_therapy/features_conch_v1_5...

Fold 35 (FGE): train=113, val=20, test=33
Fold 35: base convergido (val_auc=0.7833), iniciando ciclos FGE...
Fold 35: 2 snapshots FGE (val_auc por snapshot: 0.7583, 0.7083)
Cargando features de /home/JKP6679/Patho-Ensemble/PARADIS/datos/features/bc_therapy/features_conch_v1_5...

Fold 36 (FGE): train=113, val=20, test=33
Fold 36: base convergido (val_auc=0.8417), iniciando ciclos FGE...
Fold 36: 2 snapshots FGE (val_auc por snapshot: 0.7667, 0.7667)
Cargando features de /home/JKP6679/Patho-Ensemble/PARADIS/datos/features/bc_therapy/features_conch_v1_5...

Fold 37 (FGE): train=113, val=20, test=33
Fold 37: base convergido (val_auc=0.8393), iniciando ciclos FGE...
Fold 37: 4 snapshots FGE (val_auc por snapshot: 0.7411, 0.7054, 0.7946, 0.7143)
Cargando features de /home/JKP6679/Patho-Ensemble/PARADIS/datos/features/bc_therapy/features_conch_v1_5...

Fold 38 (FGE): train=113, val=20, test=33
Fold 38: base convergido (val_auc=0.6288), iniciando ciclos FGE...
Fold 38: 4 snapshots FGE (val_auc por snapshot: 0.5758, 0.5833, 0.5985, 0.5833)
Cargando features de /home/JKP6679/Patho-Ensemble/PARADIS/datos/features/bc_therapy/features_conch_v1_5...

Fold 39 (FGE): train=113, val=20, test=33
Fold 39: base convergido (val_auc=0.9308), iniciando ciclos FGE...
Fold 39: 4 snapshots FGE (val_auc por snapshot: 0.9000, 0.9000, 0.9308, 0.8846)
Cargando features de /home/JKP6679/Patho-Ensemble/PARADIS/datos/features/bc_therapy/features_conch_v1_5...

Fold 40 (FGE): train=113, val=20, test=33
Fold 40: base convergido (val_auc=0.8026), iniciando ciclos FGE...
Fold 40: 5 snapshots FGE (val_auc por snapshot: 0.7368, 0.7237, 0.7763, 0.8026, 0.7105)
Cargando features de /home/JKP6679/Patho-Ensemble/PARADIS/datos/features/bc_therapy/features_conch_v1_5...

Fold 41 (FGE): train=113, val=20, test=33
Fold 41: base convergido (val_auc=0.8922), iniciando ciclos FGE...
Fold 41: 3 snapshots FGE (val_auc por snapshot: 0.8137, 0.8529, 0.7451)
Cargando features de /home/JKP6679/Patho-Ensemble/PARADIS/datos/features/bc_therapy/features_conch_v1_5...

Fold 42 (FGE): train=113, val=20, test=33
Fold 42: base convergido (val_auc=0.7917), iniciando ciclos FGE...
Fold 42: 6 snapshots FGE (val_auc por snapshot: 0.6917, 0.7250, 0.7083, 0.7333, 0.7250, 0.7583)
Cargando features de /home/JKP6679/Patho-Ensemble/PARADIS/datos/features/bc_therapy/features_conch_v1_5...

Fold 43 (FGE): train=113, val=20, test=33
Fold 43: base convergido (val_auc=0.7167), iniciando ciclos FGE...
Fold 43: 2 snapshots FGE (val_auc por snapshot: 0.7083, 0.6833)
Cargando features de /home/JKP6679/Patho-Ensemble/PARADIS/datos/features/bc_therapy/features_conch_v1_5...

Fold 44 (FGE): train=113, val=20, test=33
Fold 44: base convergido (val_auc=0.7692), iniciando ciclos FGE...
Fold 44: 6 snapshots FGE (val_auc por snapshot: 0.5385, 0.4923, 0.5923, 0.6462, 0.6846, 0.6769)
Cargando features de /home/JKP6679/Patho-Ensemble/PARADIS/datos/features/bc_therapy/features_conch_v1_5...

Fold 45 (FGE): train=113, val=20, test=33
Fold 45: base convergido (val_auc=0.7143), iniciando ciclos FGE...
Fold 45: 3 snapshots FGE (val_auc por snapshot: 0.6905, 0.7302, 0.6905)
Cargando features de /home/JKP6679/Patho-Ensemble/PARADIS/datos/features/bc_therapy/features_conch_v1_5...

Fold 46 (FGE): train=113, val=20, test=33
Fold 46: base convergido (val_auc=0.8308), iniciando ciclos FGE...
Fold 46: 5 snapshots FGE (val_auc por snapshot: 0.7308, 0.7308, 0.7077, 0.7462, 0.7154)
Cargando features de /home/JKP6679/Patho-Ensemble/PARADIS/datos/features/bc_therapy/features_conch_v1_5...

Fold 47 (FGE): train=113, val=20, test=33
Fold 47: base convergido (val_auc=0.7451), iniciando ciclos FGE...
Fold 47: 5 snapshots FGE (val_auc por snapshot: 0.7059, 0.6961, 0.7353, 0.7451, 0.7451)
Cargando features de /home/JKP6679/Patho-Ensemble/PARADIS/datos/features/bc_therapy/features_conch_v1_5...

Fold 48 (FGE): train=113, val=20, test=33
Fold 48: base convergido (val_auc=0.8000), iniciando ciclos FGE...
Fold 48: 3 snapshots FGE (val_auc por snapshot: 0.7846, 0.8000, 0.7077)
Cargando features de /home/JKP6679/Patho-Ensemble/PARADIS/datos/features/bc_therapy/features_conch_v1_5...

Fold 49 (FGE): train=113, val=20, test=33
Fold 49: base convergido (val_auc=0.6500), iniciando ciclos FGE...
Fold 49: 2 snapshots FGE (val_auc por snapshot: 0.6250, 0.5667)

Calculando métricas de validación (FGE, promedio de snapshots)...

Calculando métricas de test (FGE, promedio de snapshots)...
✅ Métricas FGE de test completadas (50 folds con datos)

✅ FGE training completed
--- [fge_trio] meta-features: conch_v1_5 --- Mon Aug 31 03:49:20 CEST 2026
  latent_dim auto-detectado: 768  (de features_conch_v1_5)

============================================================
ABMIL-FGE Test (predicciones sobre train): conch_v1_5
  Dataset: bc_therapy/er_status
  Latent dim: 768, Num classes: 2, Folds: 50
  Variante FGE: fge_trio
============================================================

Cargando features de /home/JKP6679/Patho-Ensemble/PARADIS/datos/features/bc_therapy/features_conch_v1_5...

✅ Predicciones FGE de train generadas para 50/50 folds (0 omitidos por falta de snapshots/datos).

################################################################
# se_trio (schedule=se lr_1=1e-3 lr_2=1e-6 cycle_length=15)
################################################################
--- [se_trio] ciclos: ctranspath --- Mon Aug 31 03:51:38 CEST 2026
  latent_dim auto-detectado: 768  (de features_ctranspath)

============================================================
ABMIL-FGE Training: ctranspath
  Dataset: bc_therapy/er_status
  Latent dim: 768, Num classes: 2
  Epochs (convergencia): 100, Fold: all
  Schedule: se  (coseno con reinicios, Huang et al.)
  Ciclos: n_cycles=6, cycle_length=15, lr_1=0.001, lr_2=1e-06, cycle_patience=2
  Variante: se_trio  (include_base=False)
============================================================

Cargando features de /home/JKP6679/Patho-Ensemble/PARADIS/datos/features/bc_therapy/features_ctranspath...

Fold 0 (FGE): train=113, val=20, test=33
Fold 0: base convergido (val_auc=0.8026), iniciando ciclos FGE...
Fold 0: 2 snapshots FGE (val_auc por snapshot: 0.7763, 0.7237)
Cargando features de /home/JKP6679/Patho-Ensemble/PARADIS/datos/features/bc_therapy/features_ctranspath...

Fold 1 (FGE): train=113, val=20, test=33
Fold 1: base convergido (val_auc=0.7833), iniciando ciclos FGE...
Fold 1: 2 snapshots FGE (val_auc por snapshot: 0.6750, 0.5250)
Cargando features de /home/JKP6679/Patho-Ensemble/PARADIS/datos/features/bc_therapy/features_ctranspath...

Fold 2 (FGE): train=113, val=20, test=33
Fold 2: base convergido (val_auc=0.5980), iniciando ciclos FGE...
Fold 2: 2 snapshots FGE (val_auc por snapshot: 0.5392, 0.5000)
Cargando features de /home/JKP6679/Patho-Ensemble/PARADIS/datos/features/bc_therapy/features_ctranspath...

Fold 3 (FGE): train=113, val=20, test=33
Fold 3: base convergido (val_auc=0.6515), iniciando ciclos FGE...
Fold 3: 6 snapshots FGE (val_auc por snapshot: 0.5000, 0.5000, 0.5379, 0.5682, 0.5758, 0.4621)
Cargando features de /home/JKP6679/Patho-Ensemble/PARADIS/datos/features/bc_therapy/features_ctranspath...

Fold 4 (FGE): train=113, val=20, test=33
Fold 4: base convergido (val_auc=0.6917), iniciando ciclos FGE...
Fold 4: 2 snapshots FGE (val_auc por snapshot: 0.6167, 0.4667)
Cargando features de /home/JKP6679/Patho-Ensemble/PARADIS/datos/features/bc_therapy/features_ctranspath...

Fold 5 (FGE): train=113, val=20, test=33
Fold 5: base convergido (val_auc=0.8083), iniciando ciclos FGE...
Fold 5: 5 snapshots FGE (val_auc por snapshot: 0.6417, 0.7500, 0.7167, 0.7583, 0.7167)
Cargando features de /home/JKP6679/Patho-Ensemble/PARADIS/datos/features/bc_therapy/features_ctranspath...

Fold 6 (FGE): train=113, val=20, test=33
Fold 6: base convergido (val_auc=0.6176), iniciando ciclos FGE...
Fold 6: 3 snapshots FGE (val_auc por snapshot: 0.5784, 0.6275, 0.6078)
Cargando features de /home/JKP6679/Patho-Ensemble/PARADIS/datos/features/bc_therapy/features_ctranspath...

Fold 7 (FGE): train=113, val=20, test=33
Fold 7: base convergido (val_auc=0.8235), iniciando ciclos FGE...
Fold 7: 5 snapshots FGE (val_auc por snapshot: 0.7059, 0.7353, 0.7059, 0.8137, 0.7451)
Cargando features de /home/JKP6679/Patho-Ensemble/PARADIS/datos/features/bc_therapy/features_ctranspath...

Fold 8 (FGE): train=113, val=20, test=33
Fold 8: base convergido (val_auc=0.7647), iniciando ciclos FGE...
Fold 8: 4 snapshots FGE (val_auc por snapshot: 0.6373, 0.6961, 0.7745, 0.7255)
Cargando features de /home/JKP6679/Patho-Ensemble/PARADIS/datos/features/bc_therapy/features_ctranspath...

Fold 9 (FGE): train=113, val=20, test=33
Fold 9: base convergido (val_auc=0.6964), iniciando ciclos FGE...
Fold 9: 6 snapshots FGE (val_auc por snapshot: 0.4286, 0.4464, 0.4821, 0.4643, 0.4821, 0.3750)
Cargando features de /home/JKP6679/Patho-Ensemble/PARADIS/datos/features/bc_therapy/features_ctranspath...

Fold 10 (FGE): train=113, val=20, test=33
Fold 10: base convergido (val_auc=0.8947), iniciando ciclos FGE...
Fold 10: 2 snapshots FGE (val_auc por snapshot: 0.7895, 0.6842)
Cargando features de /home/JKP6679/Patho-Ensemble/PARADIS/datos/features/bc_therapy/features_ctranspath...

Fold 11 (FGE): train=113, val=20, test=33
Fold 11: base convergido (val_auc=0.7417), iniciando ciclos FGE...
Fold 11: 5 snapshots FGE (val_auc por snapshot: 0.5583, 0.6083, 0.6083, 0.7167, 0.6750)
Cargando features de /home/JKP6679/Patho-Ensemble/PARADIS/datos/features/bc_therapy/features_ctranspath...

Fold 12 (FGE): train=113, val=20, test=33
Fold 12: base convergido (val_auc=0.8482), iniciando ciclos FGE...
Fold 12: 2 snapshots FGE (val_auc por snapshot: 0.5179, 0.5089)
Cargando features de /home/JKP6679/Patho-Ensemble/PARADIS/datos/features/bc_therapy/features_ctranspath...

Fold 13 (FGE): train=113, val=20, test=33
Fold 13: base convergido (val_auc=0.5778), iniciando ciclos FGE...
Fold 13: 6 snapshots FGE (val_auc por snapshot: 0.5778, 0.6333, 0.6556, 0.7000, 0.7000, 0.7222)
Cargando features de /home/JKP6679/Patho-Ensemble/PARADIS/datos/features/bc_therapy/features_ctranspath...

Fold 14 (FGE): train=113, val=20, test=33
Fold 14: base convergido (val_auc=0.7833), iniciando ciclos FGE...
Fold 14: 2 snapshots FGE (val_auc por snapshot: 0.7583, 0.6583)
Cargando features de /home/JKP6679/Patho-Ensemble/PARADIS/datos/features/bc_therapy/features_ctranspath...

Fold 15 (FGE): train=113, val=20, test=33
Fold 15: base convergido (val_auc=0.7417), iniciando ciclos FGE...
Fold 15: 3 snapshots FGE (val_auc por snapshot: 0.6750, 0.6917, 0.5417)
Cargando features de /home/JKP6679/Patho-Ensemble/PARADIS/datos/features/bc_therapy/features_ctranspath...

Fold 16 (FGE): train=113, val=20, test=33
Fold 16: base convergido (val_auc=0.8833), iniciando ciclos FGE...
Fold 16: 2 snapshots FGE (val_auc por snapshot: 0.7333, 0.6250)
Cargando features de /home/JKP6679/Patho-Ensemble/PARADIS/datos/features/bc_therapy/features_ctranspath...

Fold 17 (FGE): train=113, val=20, test=33
Fold 17: base convergido (val_auc=0.7231), iniciando ciclos FGE...
Fold 17: 3 snapshots FGE (val_auc por snapshot: 0.5692, 0.6000, 0.5923)
Cargando features de /home/JKP6679/Patho-Ensemble/PARADIS/datos/features/bc_therapy/features_ctranspath...

Fold 18 (FGE): train=113, val=20, test=33
Fold 18: base convergido (val_auc=0.6863), iniciando ciclos FGE...
Fold 18: 2 snapshots FGE (val_auc por snapshot: 0.7059, 0.6176)
Cargando features de /home/JKP6679/Patho-Ensemble/PARADIS/datos/features/bc_therapy/features_ctranspath...

Fold 19 (FGE): train=113, val=20, test=33
Fold 19: base convergido (val_auc=0.7381), iniciando ciclos FGE...
Fold 19: 5 snapshots FGE (val_auc por snapshot: 0.6270, 0.6429, 0.6032, 0.6825, 0.6667)
Cargando features de /home/JKP6679/Patho-Ensemble/PARADIS/datos/features/bc_therapy/features_ctranspath...

Fold 20 (FGE): train=113, val=20, test=33
Fold 20: base convergido (val_auc=0.7417), iniciando ciclos FGE...
Fold 20: 4 snapshots FGE (val_auc por snapshot: 0.6917, 0.6750, 0.7250, 0.6833)
Cargando features de /home/JKP6679/Patho-Ensemble/PARADIS/datos/features/bc_therapy/features_ctranspath...

Fold 21 (FGE): train=113, val=20, test=33
Fold 21: base convergido (val_auc=0.7000), iniciando ciclos FGE...
Fold 21: 3 snapshots FGE (val_auc por snapshot: 0.5692, 0.7000, 0.6923)
Cargando features de /home/JKP6679/Patho-Ensemble/PARADIS/datos/features/bc_therapy/features_ctranspath...

Fold 22 (FGE): train=113, val=20, test=33
Fold 22: base convergido (val_auc=0.6961), iniciando ciclos FGE...
Fold 22: 5 snapshots FGE (val_auc por snapshot: 0.6471, 0.6569, 0.7157, 0.7353, 0.6961)
Cargando features de /home/JKP6679/Patho-Ensemble/PARADIS/datos/features/bc_therapy/features_ctranspath...

Fold 23 (FGE): train=113, val=20, test=33
Fold 23: base convergido (val_auc=0.8154), iniciando ciclos FGE...
Fold 23: 2 snapshots FGE (val_auc por snapshot: 0.8000, 0.7923)
Cargando features de /home/JKP6679/Patho-Ensemble/PARADIS/datos/features/bc_therapy/features_ctranspath...

Fold 24 (FGE): train=113, val=20, test=33
Fold 24: base convergido (val_auc=0.7667), iniciando ciclos FGE...
Fold 24: 3 snapshots FGE (val_auc por snapshot: 0.6250, 0.7167, 0.6833)
Cargando features de /home/JKP6679/Patho-Ensemble/PARADIS/datos/features/bc_therapy/features_ctranspath...

Fold 25 (FGE): train=113, val=20, test=33
Fold 25: base convergido (val_auc=0.8529), iniciando ciclos FGE...
Fold 25: 5 snapshots FGE (val_auc por snapshot: 0.7157, 0.7255, 0.6961, 0.8137, 0.7255)
Cargando features de /home/JKP6679/Patho-Ensemble/PARADIS/datos/features/bc_therapy/features_ctranspath...

Fold 26 (FGE): train=113, val=20, test=33
Fold 26: base convergido (val_auc=0.8137), iniciando ciclos FGE...
Fold 26: 5 snapshots FGE (val_auc por snapshot: 0.6373, 0.7255, 0.6863, 0.7549, 0.7255)
Cargando features de /home/JKP6679/Patho-Ensemble/PARADIS/datos/features/bc_therapy/features_ctranspath...

Fold 27 (FGE): train=113, val=20, test=33
Fold 27: base convergido (val_auc=0.6786), iniciando ciclos FGE...
Fold 27: 3 snapshots FGE (val_auc por snapshot: 0.4464, 0.5268, 0.5000)
Cargando features de /home/JKP6679/Patho-Ensemble/PARADIS/datos/features/bc_therapy/features_ctranspath...

Fold 28 (FGE): train=113, val=20, test=33
Fold 28: base convergido (val_auc=0.7667), iniciando ciclos FGE...
Fold 28: 6 snapshots FGE (val_auc por snapshot: 0.5778, 0.6444, 0.6667, 0.6111, 0.7111, 0.5667)
Cargando features de /home/JKP6679/Patho-Ensemble/PARADIS/datos/features/bc_therapy/features_ctranspath...

Fold 29 (FGE): train=113, val=20, test=33
Fold 29: base convergido (val_auc=0.7583), iniciando ciclos FGE...
Fold 29: 3 snapshots FGE (val_auc por snapshot: 0.6417, 0.7167, 0.7167)
Cargando features de /home/JKP6679/Patho-Ensemble/PARADIS/datos/features/bc_therapy/features_ctranspath...

Fold 30 (FGE): train=113, val=20, test=33
Fold 30: base convergido (val_auc=0.6692), iniciando ciclos FGE...
Fold 30: 2 snapshots FGE (val_auc por snapshot: 0.6615, 0.6385)
Cargando features de /home/JKP6679/Patho-Ensemble/PARADIS/datos/features/bc_therapy/features_ctranspath...

Fold 31 (FGE): train=113, val=20, test=33
Fold 31: base convergido (val_auc=0.5750), iniciando ciclos FGE...
Fold 31: 3 snapshots FGE (val_auc por snapshot: 0.4333, 0.4500, 0.3917)
Cargando features de /home/JKP6679/Patho-Ensemble/PARADIS/datos/features/bc_therapy/features_ctranspath...

Fold 32 (FGE): train=113, val=20, test=33
Fold 32: base convergido (val_auc=0.8026), iniciando ciclos FGE...
Fold 32: 2 snapshots FGE (val_auc por snapshot: 0.7500, 0.7368)
Cargando features de /home/JKP6679/Patho-Ensemble/PARADIS/datos/features/bc_therapy/features_ctranspath...

Fold 33 (FGE): train=113, val=20, test=33
Fold 33: base convergido (val_auc=0.7255), iniciando ciclos FGE...
Fold 33: 2 snapshots FGE (val_auc por snapshot: 0.6373, 0.6373)
Cargando features de /home/JKP6679/Patho-Ensemble/PARADIS/datos/features/bc_therapy/features_ctranspath...

Fold 34 (FGE): train=113, val=20, test=33
Fold 34: base convergido (val_auc=0.5538), iniciando ciclos FGE...
Fold 34: 3 snapshots FGE (val_auc por snapshot: 0.5077, 0.5692, 0.5692)
Cargando features de /home/JKP6679/Patho-Ensemble/PARADIS/datos/features/bc_therapy/features_ctranspath...

Fold 35 (FGE): train=113, val=20, test=33
Fold 35: base convergido (val_auc=0.5417), iniciando ciclos FGE...
Fold 35: 2 snapshots FGE (val_auc por snapshot: 0.5750, 0.5333)
Cargando features de /home/JKP6679/Patho-Ensemble/PARADIS/datos/features/bc_therapy/features_ctranspath...

Fold 36 (FGE): train=113, val=20, test=33
Fold 36: base convergido (val_auc=0.8667), iniciando ciclos FGE...
Fold 36: 2 snapshots FGE (val_auc por snapshot: 0.8417, 0.8333)
Cargando features de /home/JKP6679/Patho-Ensemble/PARADIS/datos/features/bc_therapy/features_ctranspath...

Fold 37 (FGE): train=113, val=20, test=33
Fold 37: base convergido (val_auc=0.6786), iniciando ciclos FGE...
Fold 37: 2 snapshots FGE (val_auc por snapshot: 0.6786, 0.4643)
Cargando features de /home/JKP6679/Patho-Ensemble/PARADIS/datos/features/bc_therapy/features_ctranspath...

Fold 38 (FGE): train=113, val=20, test=33
Fold 38: base convergido (val_auc=0.6364), iniciando ciclos FGE...
Fold 38: 2 snapshots FGE (val_auc por snapshot: 0.7045, 0.6667)
Cargando features de /home/JKP6679/Patho-Ensemble/PARADIS/datos/features/bc_therapy/features_ctranspath...

Fold 39 (FGE): train=113, val=20, test=33
Fold 39: base convergido (val_auc=0.8769), iniciando ciclos FGE...
Fold 39: 2 snapshots FGE (val_auc por snapshot: 0.7462, 0.6231)
Cargando features de /home/JKP6679/Patho-Ensemble/PARADIS/datos/features/bc_therapy/features_ctranspath...

Fold 40 (FGE): train=113, val=20, test=33
Fold 40: base convergido (val_auc=0.5921), iniciando ciclos FGE...
Fold 40: 6 snapshots FGE (val_auc por snapshot: 0.3421, 0.4079, 0.3553, 0.4211, 0.4342, 0.5000)
Cargando features de /home/JKP6679/Patho-Ensemble/PARADIS/datos/features/bc_therapy/features_ctranspath...

Fold 41 (FGE): train=113, val=20, test=33
Fold 41: base convergido (val_auc=0.8627), iniciando ciclos FGE...
Fold 41: 6 snapshots FGE (val_auc por snapshot: 0.7255, 0.7451, 0.8137, 0.8039, 0.8235, 0.7451)
Cargando features de /home/JKP6679/Patho-Ensemble/PARADIS/datos/features/bc_therapy/features_ctranspath...

Fold 42 (FGE): train=113, val=20, test=33
Fold 42: base convergido (val_auc=0.7083), iniciando ciclos FGE...
Fold 42: 2 snapshots FGE (val_auc por snapshot: 0.7000, 0.5333)
Cargando features de /home/JKP6679/Patho-Ensemble/PARADIS/datos/features/bc_therapy/features_ctranspath...

Fold 43 (FGE): train=113, val=20, test=33
Fold 43: base convergido (val_auc=0.6000), iniciando ciclos FGE...
Fold 43: 2 snapshots FGE (val_auc por snapshot: 0.6250, 0.5833)
Cargando features de /home/JKP6679/Patho-Ensemble/PARADIS/datos/features/bc_therapy/features_ctranspath...

Fold 44 (FGE): train=113, val=20, test=33
Fold 44: base convergido (val_auc=0.5538), iniciando ciclos FGE...
Fold 44: 3 snapshots FGE (val_auc por snapshot: 0.4846, 0.5692, 0.5692)
Cargando features de /home/JKP6679/Patho-Ensemble/PARADIS/datos/features/bc_therapy/features_ctranspath...

Fold 45 (FGE): train=113, val=20, test=33
Fold 45: base convergido (val_auc=0.6905), iniciando ciclos FGE...
Fold 45: 6 snapshots FGE (val_auc por snapshot: 0.5873, 0.6508, 0.6032, 0.7937, 0.8095, 0.7857)
Cargando features de /home/JKP6679/Patho-Ensemble/PARADIS/datos/features/bc_therapy/features_ctranspath...

Fold 46 (FGE): train=113, val=20, test=33
Fold 46: base convergido (val_auc=0.8769), iniciando ciclos FGE...
Fold 46: 3 snapshots FGE (val_auc por snapshot: 0.7385, 0.7692, 0.7000)
Cargando features de /home/JKP6679/Patho-Ensemble/PARADIS/datos/features/bc_therapy/features_ctranspath...

Fold 47 (FGE): train=113, val=20, test=33
Fold 47: base convergido (val_auc=0.9020), iniciando ciclos FGE...
Fold 47: 2 snapshots FGE (val_auc por snapshot: 0.9020, 0.8333)
Cargando features de /home/JKP6679/Patho-Ensemble/PARADIS/datos/features/bc_therapy/features_ctranspath...

Fold 48 (FGE): train=113, val=20, test=33
Fold 48: base convergido (val_auc=0.7923), iniciando ciclos FGE...
Fold 48: 2 snapshots FGE (val_auc por snapshot: 0.5692, 0.5538)
Cargando features de /home/JKP6679/Patho-Ensemble/PARADIS/datos/features/bc_therapy/features_ctranspath...

Fold 49 (FGE): train=113, val=20, test=33
Fold 49: base convergido (val_auc=0.7083), iniciando ciclos FGE...
Fold 49: 5 snapshots FGE (val_auc por snapshot: 0.7000, 0.7167, 0.7250, 0.7500, 0.7083)

Calculando métricas de validación (FGE, promedio de snapshots)...

Calculando métricas de test (FGE, promedio de snapshots)...
✅ Métricas FGE de test completadas (50 folds con datos)

✅ FGE training completed
--- [se_trio] meta-features: ctranspath --- Mon Aug 31 06:10:04 CEST 2026
  latent_dim auto-detectado: 768  (de features_ctranspath)

============================================================
ABMIL-FGE Test (predicciones sobre train): ctranspath
  Dataset: bc_therapy/er_status
  Latent dim: 768, Num classes: 2, Folds: 50
  Variante FGE: se_trio
============================================================

Cargando features de /home/JKP6679/Patho-Ensemble/PARADIS/datos/features/bc_therapy/features_ctranspath...

✅ Predicciones FGE de train generadas para 50/50 folds (0 omitidos por falta de snapshots/datos).
--- [se_trio] ciclos: uni_v2 --- Mon Aug 31 06:12:36 CEST 2026
  latent_dim auto-detectado: 1536  (de features_uni_v2)

============================================================
ABMIL-FGE Training: uni_v2
  Dataset: bc_therapy/er_status
  Latent dim: 1536, Num classes: 2
  Epochs (convergencia): 100, Fold: all
  Schedule: se  (coseno con reinicios, Huang et al.)
  Ciclos: n_cycles=6, cycle_length=15, lr_1=0.001, lr_2=1e-06, cycle_patience=2
  Variante: se_trio  (include_base=False)
============================================================

Cargando features de /home/JKP6679/Patho-Ensemble/PARADIS/datos/features/bc_therapy/features_uni_v2...

Fold 0 (FGE): train=113, val=20, test=33
Fold 0: base convergido (val_auc=0.8684), iniciando ciclos FGE...
Fold 0: 5 snapshots FGE (val_auc por snapshot: 0.7763, 0.8158, 0.8421, 0.8553, 0.5921)
Cargando features de /home/JKP6679/Patho-Ensemble/PARADIS/datos/features/bc_therapy/features_uni_v2...

Fold 1 (FGE): train=113, val=20, test=33
Fold 1: base convergido (val_auc=0.8583), iniciando ciclos FGE...
Fold 1: 5 snapshots FGE (val_auc por snapshot: 0.7083, 0.8250, 0.8167, 0.8417, 0.8083)
Cargando features de /home/JKP6679/Patho-Ensemble/PARADIS/datos/features/bc_therapy/features_uni_v2...

Fold 2 (FGE): train=113, val=20, test=33
Fold 2: base convergido (val_auc=0.6078), iniciando ciclos FGE...
Fold 2: 4 snapshots FGE (val_auc por snapshot: 0.4804, 0.4412, 0.4902, 0.4412)
Cargando features de /home/JKP6679/Patho-Ensemble/PARADIS/datos/features/bc_therapy/features_uni_v2...

Fold 3 (FGE): train=113, val=20, test=33
Fold 3: base convergido (val_auc=0.7727), iniciando ciclos FGE...
Fold 3: 2 snapshots FGE (val_auc por snapshot: 0.6439, 0.5606)
Cargando features de /home/JKP6679/Patho-Ensemble/PARADIS/datos/features/bc_therapy/features_uni_v2...

Fold 4 (FGE): train=113, val=20, test=33
Fold 4: base convergido (val_auc=0.8000), iniciando ciclos FGE...
Fold 4: 4 snapshots FGE (val_auc por snapshot: 0.6250, 0.7833, 0.8333, 0.8083)
Cargando features de /home/JKP6679/Patho-Ensemble/PARADIS/datos/features/bc_therapy/features_uni_v2...

Fold 5 (FGE): train=113, val=20, test=33
Fold 5: base convergido (val_auc=0.6583), iniciando ciclos FGE...
Fold 5: 2 snapshots FGE (val_auc por snapshot: 0.7000, 0.6500)
Cargando features de /home/JKP6679/Patho-Ensemble/PARADIS/datos/features/bc_therapy/features_uni_v2...

Fold 6 (FGE): train=113, val=20, test=33
Fold 6: base convergido (val_auc=0.7353), iniciando ciclos FGE...
Fold 6: 5 snapshots FGE (val_auc por snapshot: 0.6863, 0.6961, 0.7059, 0.7255, 0.6765)
Cargando features de /home/JKP6679/Patho-Ensemble/PARADIS/datos/features/bc_therapy/features_uni_v2...

Fold 7 (FGE): train=113, val=20, test=33
Fold 7: base convergido (val_auc=0.8529), iniciando ciclos FGE...
Fold 7: 2 snapshots FGE (val_auc por snapshot: 0.7843, 0.7353)
Cargando features de /home/JKP6679/Patho-Ensemble/PARADIS/datos/features/bc_therapy/features_uni_v2...

Fold 8 (FGE): train=113, val=20, test=33
Fold 8: base convergido (val_auc=0.7745), iniciando ciclos FGE...
Fold 8: 2 snapshots FGE (val_auc por snapshot: 0.7941, 0.7157)
Cargando features de /home/JKP6679/Patho-Ensemble/PARADIS/datos/features/bc_therapy/features_uni_v2...

Fold 9 (FGE): train=113, val=20, test=33
Fold 9: base convergido (val_auc=0.7411), iniciando ciclos FGE...
Fold 9: 4 snapshots FGE (val_auc por snapshot: 0.5714, 0.5893, 0.6161, 0.5982)
Cargando features de /home/JKP6679/Patho-Ensemble/PARADIS/datos/features/bc_therapy/features_uni_v2...

Fold 10 (FGE): train=113, val=20, test=33
Fold 10: base convergido (val_auc=0.9342), iniciando ciclos FGE...
Fold 10: 3 snapshots FGE (val_auc por snapshot: 0.9079, 0.9737, 0.7895)
Cargando features de /home/JKP6679/Patho-Ensemble/PARADIS/datos/features/bc_therapy/features_uni_v2...

Fold 11 (FGE): train=113, val=20, test=33
Fold 11: base convergido (val_auc=0.8417), iniciando ciclos FGE...
Fold 11: 2 snapshots FGE (val_auc por snapshot: 0.8583, 0.8000)
Cargando features de /home/JKP6679/Patho-Ensemble/PARADIS/datos/features/bc_therapy/features_uni_v2...

Fold 12 (FGE): train=113, val=20, test=33
Fold 12: base convergido (val_auc=0.7946), iniciando ciclos FGE...
Fold 12: 2 snapshots FGE (val_auc por snapshot: 0.7054, 0.6429)
Cargando features de /home/JKP6679/Patho-Ensemble/PARADIS/datos/features/bc_therapy/features_uni_v2...

Fold 13 (FGE): train=113, val=20, test=33
Fold 13: base convergido (val_auc=0.7556), iniciando ciclos FGE...
Fold 13: 2 snapshots FGE (val_auc por snapshot: 0.6222, 0.5889)
Cargando features de /home/JKP6679/Patho-Ensemble/PARADIS/datos/features/bc_therapy/features_uni_v2...

Fold 14 (FGE): train=113, val=20, test=33
Fold 14: base convergido (val_auc=0.8250), iniciando ciclos FGE...
Fold 14: 2 snapshots FGE (val_auc por snapshot: 0.7583, 0.7083)
Cargando features de /home/JKP6679/Patho-Ensemble/PARADIS/datos/features/bc_therapy/features_uni_v2...

Fold 15 (FGE): train=113, val=20, test=33
Fold 15: base convergido (val_auc=0.8500), iniciando ciclos FGE...
Fold 15: 2 snapshots FGE (val_auc por snapshot: 0.6667, 0.4917)
Cargando features de /home/JKP6679/Patho-Ensemble/PARADIS/datos/features/bc_therapy/features_uni_v2...

Fold 16 (FGE): train=113, val=20, test=33
Fold 16: base convergido (val_auc=0.8167), iniciando ciclos FGE...
Fold 16: 2 snapshots FGE (val_auc por snapshot: 0.7667, 0.6750)
Cargando features de /home/JKP6679/Patho-Ensemble/PARADIS/datos/features/bc_therapy/features_uni_v2...

Fold 17 (FGE): train=113, val=20, test=33
Fold 17: base convergido (val_auc=0.7692), iniciando ciclos FGE...
Fold 17: 2 snapshots FGE (val_auc por snapshot: 0.6077, 0.5154)
Cargando features de /home/JKP6679/Patho-Ensemble/PARADIS/datos/features/bc_therapy/features_uni_v2...

Fold 18 (FGE): train=113, val=20, test=33
Fold 18: base convergido (val_auc=0.6667), iniciando ciclos FGE...
Fold 18: 6 snapshots FGE (val_auc por snapshot: 0.6569, 0.7059, 0.7157, 0.7549, 0.7843, 0.6667)
Cargando features de /home/JKP6679/Patho-Ensemble/PARADIS/datos/features/bc_therapy/features_uni_v2...

Fold 19 (FGE): train=113, val=20, test=33
Fold 19: base convergido (val_auc=0.6587), iniciando ciclos FGE...
Fold 19: 6 snapshots FGE (val_auc por snapshot: 0.5397, 0.5873, 0.5952, 0.6032, 0.6429, 0.6270)
Cargando features de /home/JKP6679/Patho-Ensemble/PARADIS/datos/features/bc_therapy/features_uni_v2...

Fold 20 (FGE): train=113, val=20, test=33
Fold 20: base convergido (val_auc=0.8250), iniciando ciclos FGE...
Fold 20: 6 snapshots FGE (val_auc por snapshot: 0.7500, 0.7583, 0.7583, 0.7667, 0.7833, 0.7500)
Cargando features de /home/JKP6679/Patho-Ensemble/PARADIS/datos/features/bc_therapy/features_uni_v2...

Fold 21 (FGE): train=113, val=20, test=33
Fold 21: base convergido (val_auc=0.8385), iniciando ciclos FGE...
Fold 21: 4 snapshots FGE (val_auc por snapshot: 0.6846, 0.6846, 0.7538, 0.7462)
Cargando features de /home/JKP6679/Patho-Ensemble/PARADIS/datos/features/bc_therapy/features_uni_v2...

Fold 22 (FGE): train=113, val=20, test=33
Fold 22: base convergido (val_auc=0.7549), iniciando ciclos FGE...
Fold 22: 5 snapshots FGE (val_auc por snapshot: 0.6667, 0.7059, 0.7255, 0.7451, 0.6373)
Cargando features de /home/JKP6679/Patho-Ensemble/PARADIS/datos/features/bc_therapy/features_uni_v2...

Fold 23 (FGE): train=113, val=20, test=33
Fold 23: base convergido (val_auc=0.7462), iniciando ciclos FGE...
Fold 23: 2 snapshots FGE (val_auc por snapshot: 0.5385, 0.4923)
Cargando features de /home/JKP6679/Patho-Ensemble/PARADIS/datos/features/bc_therapy/features_uni_v2...

Fold 24 (FGE): train=113, val=20, test=33
Fold 24: base convergido (val_auc=0.7667), iniciando ciclos FGE...
Fold 24: 3 snapshots FGE (val_auc por snapshot: 0.5917, 0.6000, 0.5500)
Cargando features de /home/JKP6679/Patho-Ensemble/PARADIS/datos/features/bc_therapy/features_uni_v2...

Fold 25 (FGE): train=113, val=20, test=33
Fold 25: base convergido (val_auc=0.9412), iniciando ciclos FGE...
Fold 25: 4 snapshots FGE (val_auc por snapshot: 0.8137, 0.7941, 0.8431, 0.8235)
Cargando features de /home/JKP6679/Patho-Ensemble/PARADIS/datos/features/bc_therapy/features_uni_v2...

Fold 26 (FGE): train=113, val=20, test=33
Fold 26: base convergido (val_auc=0.7549), iniciando ciclos FGE...
Fold 26: 2 snapshots FGE (val_auc por snapshot: 0.5980, 0.5000)
Cargando features de /home/JKP6679/Patho-Ensemble/PARADIS/datos/features/bc_therapy/features_uni_v2...

Fold 27 (FGE): train=113, val=20, test=33
Fold 27: base convergido (val_auc=0.6161), iniciando ciclos FGE...
Fold 27: 5 snapshots FGE (val_auc por snapshot: 0.4821, 0.5804, 0.5804, 0.5982, 0.5982)
Cargando features de /home/JKP6679/Patho-Ensemble/PARADIS/datos/features/bc_therapy/features_uni_v2...

Fold 28 (FGE): train=113, val=20, test=33
Fold 28: base convergido (val_auc=0.7667), iniciando ciclos FGE...
Fold 28: 3 snapshots FGE (val_auc por snapshot: 0.6889, 0.8333, 0.8222)
Cargando features de /home/JKP6679/Patho-Ensemble/PARADIS/datos/features/bc_therapy/features_uni_v2...

Fold 29 (FGE): train=113, val=20, test=33
Fold 29: base convergido (val_auc=0.7750), iniciando ciclos FGE...
Fold 29: 6 snapshots FGE (val_auc por snapshot: 0.6833, 0.6750, 0.7083, 0.7167, 0.7583, 0.7667)
Cargando features de /home/JKP6679/Patho-Ensemble/PARADIS/datos/features/bc_therapy/features_uni_v2...

Fold 30 (FGE): train=113, val=20, test=33
Fold 30: base convergido (val_auc=0.7385), iniciando ciclos FGE...
Fold 30: 2 snapshots FGE (val_auc por snapshot: 0.7538, 0.6769)
Cargando features de /home/JKP6679/Patho-Ensemble/PARADIS/datos/features/bc_therapy/features_uni_v2...

Fold 31 (FGE): train=113, val=20, test=33
Fold 31: base convergido (val_auc=0.7333), iniciando ciclos FGE...
Fold 31: 4 snapshots FGE (val_auc por snapshot: 0.5250, 0.5500, 0.6083, 0.5833)
Cargando features de /home/JKP6679/Patho-Ensemble/PARADIS/datos/features/bc_therapy/features_uni_v2...

Fold 32 (FGE): train=113, val=20, test=33
Fold 32: base convergido (val_auc=0.7763), iniciando ciclos FGE...
Fold 32: 5 snapshots FGE (val_auc por snapshot: 0.5789, 0.5921, 0.6316, 0.6579, 0.6447)
Cargando features de /home/JKP6679/Patho-Ensemble/PARADIS/datos/features/bc_therapy/features_uni_v2...

Fold 33 (FGE): train=113, val=20, test=33
Fold 33: base convergido (val_auc=0.7451), iniciando ciclos FGE...
Fold 33: 2 snapshots FGE (val_auc por snapshot: 0.5490, 0.5490)
Cargando features de /home/JKP6679/Patho-Ensemble/PARADIS/datos/features/bc_therapy/features_uni_v2...

Fold 34 (FGE): train=113, val=20, test=33
Fold 34: base convergido (val_auc=0.7308), iniciando ciclos FGE...
Fold 34: 3 snapshots FGE (val_auc por snapshot: 0.5923, 0.6077, 0.5385)
Cargando features de /home/JKP6679/Patho-Ensemble/PARADIS/datos/features/bc_therapy/features_uni_v2...

Fold 35 (FGE): train=113, val=20, test=33
Fold 35: base convergido (val_auc=0.5917), iniciando ciclos FGE...
Fold 35: 2 snapshots FGE (val_auc por snapshot: 0.4833, 0.4500)
Cargando features de /home/JKP6679/Patho-Ensemble/PARADIS/datos/features/bc_therapy/features_uni_v2...

Fold 36 (FGE): train=113, val=20, test=33
Fold 36: base convergido (val_auc=0.9167), iniciando ciclos FGE...
Fold 36: 3 snapshots FGE (val_auc por snapshot: 0.8167, 0.8250, 0.8083)
Cargando features de /home/JKP6679/Patho-Ensemble/PARADIS/datos/features/bc_therapy/features_uni_v2...

Fold 37 (FGE): train=113, val=20, test=33
Fold 37: base convergido (val_auc=0.8036), iniciando ciclos FGE...
Fold 37: 2 snapshots FGE (val_auc por snapshot: 0.7321, 0.6875)
Cargando features de /home/JKP6679/Patho-Ensemble/PARADIS/datos/features/bc_therapy/features_uni_v2...

Fold 38 (FGE): train=113, val=20, test=33
Fold 38: base convergido (val_auc=0.6212), iniciando ciclos FGE...
Fold 38: 2 snapshots FGE (val_auc por snapshot: 0.6061, 0.5303)
Cargando features de /home/JKP6679/Patho-Ensemble/PARADIS/datos/features/bc_therapy/features_uni_v2...

Fold 39 (FGE): train=113, val=20, test=33
Fold 39: base convergido (val_auc=0.8769), iniciando ciclos FGE...
Fold 39: 2 snapshots FGE (val_auc por snapshot: 0.7615, 0.6846)
Cargando features de /home/JKP6679/Patho-Ensemble/PARADIS/datos/features/bc_therapy/features_uni_v2...

Fold 40 (FGE): train=113, val=20, test=33
Fold 40: base convergido (val_auc=0.6974), iniciando ciclos FGE...
Fold 40: 3 snapshots FGE (val_auc por snapshot: 0.3158, 0.4079, 0.4079)
Cargando features de /home/JKP6679/Patho-Ensemble/PARADIS/datos/features/bc_therapy/features_uni_v2...

Fold 41 (FGE): train=113, val=20, test=33
Fold 41: base convergido (val_auc=0.7941), iniciando ciclos FGE...
Fold 41: 6 snapshots FGE (val_auc por snapshot: 0.6667, 0.6667, 0.6863, 0.6275, 0.7059, 0.6863)
Cargando features de /home/JKP6679/Patho-Ensemble/PARADIS/datos/features/bc_therapy/features_uni_v2...

Fold 42 (FGE): train=113, val=20, test=33
Fold 42: base convergido (val_auc=0.8583), iniciando ciclos FGE...
Fold 42: 3 snapshots FGE (val_auc por snapshot: 0.7417, 0.8000, 0.7917)
Cargando features de /home/JKP6679/Patho-Ensemble/PARADIS/datos/features/bc_therapy/features_uni_v2...

Fold 43 (FGE): train=113, val=20, test=33
Fold 43: base convergido (val_auc=0.7833), iniciando ciclos FGE...
Fold 43: 3 snapshots FGE (val_auc por snapshot: 0.5833, 0.6333, 0.6250)
Cargando features de /home/JKP6679/Patho-Ensemble/PARADIS/datos/features/bc_therapy/features_uni_v2...

Fold 44 (FGE): train=113, val=20, test=33
Fold 44: base convergido (val_auc=0.5769), iniciando ciclos FGE...
Fold 44: 2 snapshots FGE (val_auc por snapshot: 0.5615, 0.5231)
Cargando features de /home/JKP6679/Patho-Ensemble/PARADIS/datos/features/bc_therapy/features_uni_v2...

Fold 45 (FGE): train=113, val=20, test=33
Fold 45: base convergido (val_auc=0.7698), iniciando ciclos FGE...
Fold 45: 2 snapshots FGE (val_auc por snapshot: 0.7619, 0.7460)
Cargando features de /home/JKP6679/Patho-Ensemble/PARADIS/datos/features/bc_therapy/features_uni_v2...

Fold 46 (FGE): train=113, val=20, test=33
Fold 46: base convergido (val_auc=0.7769), iniciando ciclos FGE...
Fold 46: 6 snapshots FGE (val_auc por snapshot: 0.6000, 0.6154, 0.6231, 0.6308, 0.6154, 0.6462)
Cargando features de /home/JKP6679/Patho-Ensemble/PARADIS/datos/features/bc_therapy/features_uni_v2...

Fold 47 (FGE): train=113, val=20, test=33
Fold 47: base convergido (val_auc=0.8725), iniciando ciclos FGE...
Fold 47: 3 snapshots FGE (val_auc por snapshot: 0.8039, 0.8431, 0.7941)
Cargando features de /home/JKP6679/Patho-Ensemble/PARADIS/datos/features/bc_therapy/features_uni_v2...

Fold 48 (FGE): train=113, val=20, test=33
Fold 48: base convergido (val_auc=0.8000), iniciando ciclos FGE...
Fold 48: 2 snapshots FGE (val_auc por snapshot: 0.7154, 0.5615)
Cargando features de /home/JKP6679/Patho-Ensemble/PARADIS/datos/features/bc_therapy/features_uni_v2...

Fold 49 (FGE): train=113, val=20, test=33
Fold 49: base convergido (val_auc=0.7417), iniciando ciclos FGE...
Fold 49: 2 snapshots FGE (val_auc por snapshot: 0.6667, 0.6167)

Calculando métricas de validación (FGE, promedio de snapshots)...

Calculando métricas de test (FGE, promedio de snapshots)...
✅ Métricas FGE de test completadas (50 folds con datos)

✅ FGE training completed
--- [se_trio] meta-features: uni_v2 --- Mon Aug 31 09:03:35 CEST 2026
  latent_dim auto-detectado: 1536  (de features_uni_v2)

============================================================
ABMIL-FGE Test (predicciones sobre train): uni_v2
  Dataset: bc_therapy/er_status
  Latent dim: 1536, Num classes: 2, Folds: 50
  Variante FGE: se_trio
============================================================

Cargando features de /home/JKP6679/Patho-Ensemble/PARADIS/datos/features/bc_therapy/features_uni_v2...

✅ Predicciones FGE de train generadas para 50/50 folds (0 omitidos por falta de snapshots/datos).
--- [se_trio] ciclos: conch_v1_5 --- Mon Aug 31 09:08:00 CEST 2026
  latent_dim auto-detectado: 768  (de features_conch_v1_5)

============================================================
ABMIL-FGE Training: conch_v1_5
  Dataset: bc_therapy/er_status
  Latent dim: 768, Num classes: 2
  Epochs (convergencia): 100, Fold: all
  Schedule: se  (coseno con reinicios, Huang et al.)
  Ciclos: n_cycles=6, cycle_length=15, lr_1=0.001, lr_2=1e-06, cycle_patience=2
  Variante: se_trio  (include_base=False)
============================================================

Cargando features de /home/JKP6679/Patho-Ensemble/PARADIS/datos/features/bc_therapy/features_conch_v1_5...

Fold 0 (FGE): train=113, val=20, test=33
Fold 0: base convergido (val_auc=0.9211), iniciando ciclos FGE...
Fold 0: 2 snapshots FGE (val_auc por snapshot: 0.8158, 0.8158)
Cargando features de /home/JKP6679/Patho-Ensemble/PARADIS/datos/features/bc_therapy/features_conch_v1_5...

Fold 1 (FGE): train=113, val=20, test=33
Fold 1: base convergido (val_auc=0.6750), iniciando ciclos FGE...
Fold 1: 6 snapshots FGE (val_auc por snapshot: 0.5917, 0.5917, 0.6917, 0.7333, 0.7750, 0.8000)
Cargando features de /home/JKP6679/Patho-Ensemble/PARADIS/datos/features/bc_therapy/features_conch_v1_5...

Fold 2 (FGE): train=113, val=20, test=33
Fold 2: base convergido (val_auc=0.6471), iniciando ciclos FGE...
Fold 2: 4 snapshots FGE (val_auc por snapshot: 0.5294, 0.6765, 0.7353, 0.6667)
Cargando features de /home/JKP6679/Patho-Ensemble/PARADIS/datos/features/bc_therapy/features_conch_v1_5...

Fold 3 (FGE): train=113, val=20, test=33
Fold 3: base convergido (val_auc=0.8333), iniciando ciclos FGE...
Fold 3: 4 snapshots FGE (val_auc por snapshot: 0.7424, 0.7652, 0.8030, 0.7424)
Cargando features de /home/JKP6679/Patho-Ensemble/PARADIS/datos/features/bc_therapy/features_conch_v1_5...

Fold 4 (FGE): train=113, val=20, test=33
Fold 4: base convergido (val_auc=0.8000), iniciando ciclos FGE...
Fold 4: 4 snapshots FGE (val_auc por snapshot: 0.6500, 0.6583, 0.7583, 0.7250)
Cargando features de /home/JKP6679/Patho-Ensemble/PARADIS/datos/features/bc_therapy/features_conch_v1_5...

Fold 5 (FGE): train=113, val=20, test=33
Fold 5: base convergido (val_auc=0.6917), iniciando ciclos FGE...
Fold 5: 2 snapshots FGE (val_auc por snapshot: 0.6250, 0.5083)
Cargando features de /home/JKP6679/Patho-Ensemble/PARADIS/datos/features/bc_therapy/features_conch_v1_5...

Fold 6 (FGE): train=113, val=20, test=33
Fold 6: base convergido (val_auc=0.6961), iniciando ciclos FGE...
Fold 6: 2 snapshots FGE (val_auc por snapshot: 0.6765, 0.6471)
Cargando features de /home/JKP6679/Patho-Ensemble/PARADIS/datos/features/bc_therapy/features_conch_v1_5...

Fold 7 (FGE): train=113, val=20, test=33
Fold 7: base convergido (val_auc=0.8627), iniciando ciclos FGE...
Fold 7: 2 snapshots FGE (val_auc por snapshot: 0.6863, 0.5882)
Cargando features de /home/JKP6679/Patho-Ensemble/PARADIS/datos/features/bc_therapy/features_conch_v1_5...

Fold 8 (FGE): train=113, val=20, test=33
Fold 8: base convergido (val_auc=0.8137), iniciando ciclos FGE...
Fold 8: 3 snapshots FGE (val_auc por snapshot: 0.7941, 0.8137, 0.7255)
Cargando features de /home/JKP6679/Patho-Ensemble/PARADIS/datos/features/bc_therapy/features_conch_v1_5...

Fold 9 (FGE): train=113, val=20, test=33
Fold 9: base convergido (val_auc=0.7321), iniciando ciclos FGE...
Fold 9: 6 snapshots FGE (val_auc por snapshot: 0.6161, 0.6696, 0.7232, 0.7500, 0.7679, 0.7500)
Cargando features de /home/JKP6679/Patho-Ensemble/PARADIS/datos/features/bc_therapy/features_conch_v1_5...

Fold 10 (FGE): train=113, val=20, test=33
Fold 10: base convergido (val_auc=0.8947), iniciando ciclos FGE...
Fold 10: 2 snapshots FGE (val_auc por snapshot: 0.8816, 0.6316)
Cargando features de /home/JKP6679/Patho-Ensemble/PARADIS/datos/features/bc_therapy/features_conch_v1_5...

Fold 11 (FGE): train=113, val=20, test=33
Fold 11: base convergido (val_auc=0.8833), iniciando ciclos FGE...
Fold 11: 3 snapshots FGE (val_auc por snapshot: 0.8167, 0.8750, 0.8250)
Cargando features de /home/JKP6679/Patho-Ensemble/PARADIS/datos/features/bc_therapy/features_conch_v1_5...

Fold 12 (FGE): train=113, val=20, test=33
Fold 12: base convergido (val_auc=0.8839), iniciando ciclos FGE...
Fold 12: 4 snapshots FGE (val_auc por snapshot: 0.7857, 0.9286, 0.9464, 0.8661)
Cargando features de /home/JKP6679/Patho-Ensemble/PARADIS/datos/features/bc_therapy/features_conch_v1_5...

Fold 13 (FGE): train=113, val=20, test=33
Fold 13: base convergido (val_auc=0.7111), iniciando ciclos FGE...
Fold 13: 6 snapshots FGE (val_auc por snapshot: 0.6556, 0.5556, 0.6556, 0.6333, 0.8556, 0.7111)
Cargando features de /home/JKP6679/Patho-Ensemble/PARADIS/datos/features/bc_therapy/features_conch_v1_5...

Fold 14 (FGE): train=113, val=20, test=33
Fold 14: base convergido (val_auc=0.8000), iniciando ciclos FGE...
Fold 14: 2 snapshots FGE (val_auc por snapshot: 0.7583, 0.6417)
Cargando features de /home/JKP6679/Patho-Ensemble/PARADIS/datos/features/bc_therapy/features_conch_v1_5...

Fold 15 (FGE): train=113, val=20, test=33
Fold 15: base convergido (val_auc=0.8583), iniciando ciclos FGE...
Fold 15: 2 snapshots FGE (val_auc por snapshot: 0.8250, 0.7750)
Cargando features de /home/JKP6679/Patho-Ensemble/PARADIS/datos/features/bc_therapy/features_conch_v1_5...

Fold 16 (FGE): train=113, val=20, test=33
Fold 16: base convergido (val_auc=0.7667), iniciando ciclos FGE...
Fold 16: 5 snapshots FGE (val_auc por snapshot: 0.7083, 0.7167, 0.7500, 0.7667, 0.6000)
Cargando features de /home/JKP6679/Patho-Ensemble/PARADIS/datos/features/bc_therapy/features_conch_v1_5...

Fold 17 (FGE): train=113, val=20, test=33
Fold 17: base convergido (val_auc=0.8538), iniciando ciclos FGE...
Fold 17: 2 snapshots FGE (val_auc por snapshot: 0.6000, 0.5769)
Cargando features de /home/JKP6679/Patho-Ensemble/PARADIS/datos/features/bc_therapy/features_conch_v1_5...

Fold 18 (FGE): train=113, val=20, test=33
Fold 18: base convergido (val_auc=0.8529), iniciando ciclos FGE...
Fold 18: 2 snapshots FGE (val_auc por snapshot: 0.8333, 0.7549)
Cargando features de /home/JKP6679/Patho-Ensemble/PARADIS/datos/features/bc_therapy/features_conch_v1_5...

Fold 19 (FGE): train=113, val=20, test=33
Fold 19: base convergido (val_auc=0.7619), iniciando ciclos FGE...
Fold 19: 5 snapshots FGE (val_auc por snapshot: 0.6032, 0.6825, 0.6984, 0.7063, 0.6270)
Cargando features de /home/JKP6679/Patho-Ensemble/PARADIS/datos/features/bc_therapy/features_conch_v1_5...

Fold 20 (FGE): train=113, val=20, test=33
Fold 20: base convergido (val_auc=0.7500), iniciando ciclos FGE...
Fold 20: 2 snapshots FGE (val_auc por snapshot: 0.6833, 0.6167)
Cargando features de /home/JKP6679/Patho-Ensemble/PARADIS/datos/features/bc_therapy/features_conch_v1_5...

Fold 21 (FGE): train=113, val=20, test=33
Fold 21: base convergido (val_auc=0.8692), iniciando ciclos FGE...
Fold 21: 2 snapshots FGE (val_auc por snapshot: 0.8077, 0.7154)
Cargando features de /home/JKP6679/Patho-Ensemble/PARADIS/datos/features/bc_therapy/features_conch_v1_5...

Fold 22 (FGE): train=113, val=20, test=33
Fold 22: base convergido (val_auc=0.7843), iniciando ciclos FGE...
Fold 22: 2 snapshots FGE (val_auc por snapshot: 0.7843, 0.7647)
Cargando features de /home/JKP6679/Patho-Ensemble/PARADIS/datos/features/bc_therapy/features_conch_v1_5...

Fold 23 (FGE): train=113, val=20, test=33
Fold 23: base convergido (val_auc=0.7154), iniciando ciclos FGE...
Fold 23: 3 snapshots FGE (val_auc por snapshot: 0.6615, 0.7154, 0.7077)
Cargando features de /home/JKP6679/Patho-Ensemble/PARADIS/datos/features/bc_therapy/features_conch_v1_5...

Fold 24 (FGE): train=113, val=20, test=33
Fold 24: base convergido (val_auc=0.8417), iniciando ciclos FGE...
Fold 24: 2 snapshots FGE (val_auc por snapshot: 0.8083, 0.7750)
Cargando features de /home/JKP6679/Patho-Ensemble/PARADIS/datos/features/bc_therapy/features_conch_v1_5...

Fold 25 (FGE): train=113, val=20, test=33
Fold 25: base convergido (val_auc=0.7059), iniciando ciclos FGE...
Fold 25: 4 snapshots FGE (val_auc por snapshot: 0.6275, 0.6765, 0.7843, 0.7843)
Cargando features de /home/JKP6679/Patho-Ensemble/PARADIS/datos/features/bc_therapy/features_conch_v1_5...

Fold 26 (FGE): train=113, val=20, test=33
Fold 26: base convergido (val_auc=0.8235), iniciando ciclos FGE...
Fold 26: 2 snapshots FGE (val_auc por snapshot: 0.8333, 0.8235)
Cargando features de /home/JKP6679/Patho-Ensemble/PARADIS/datos/features/bc_therapy/features_conch_v1_5...

Fold 27 (FGE): train=113, val=20, test=33
Fold 27: base convergido (val_auc=0.7232), iniciando ciclos FGE...
Fold 27: 2 snapshots FGE (val_auc por snapshot: 0.5982, 0.5625)
Cargando features de /home/JKP6679/Patho-Ensemble/PARADIS/datos/features/bc_therapy/features_conch_v1_5...

Fold 28 (FGE): train=113, val=20, test=33
Fold 28: base convergido (val_auc=0.8000), iniciando ciclos FGE...
Fold 28: 3 snapshots FGE (val_auc por snapshot: 0.7667, 0.7778, 0.7556)
Cargando features de /home/JKP6679/Patho-Ensemble/PARADIS/datos/features/bc_therapy/features_conch_v1_5...

Fold 29 (FGE): train=113, val=20, test=33
Fold 29: base convergido (val_auc=0.7667), iniciando ciclos FGE...
Fold 29: 2 snapshots FGE (val_auc por snapshot: 0.6917, 0.6417)
Cargando features de /home/JKP6679/Patho-Ensemble/PARADIS/datos/features/bc_therapy/features_conch_v1_5...

Fold 30 (FGE): train=113, val=20, test=33
Fold 30: base convergido (val_auc=0.8231), iniciando ciclos FGE...
Fold 30: 3 snapshots FGE (val_auc por snapshot: 0.6385, 0.7154, 0.7000)
Cargando features de /home/JKP6679/Patho-Ensemble/PARADIS/datos/features/bc_therapy/features_conch_v1_5...

Fold 31 (FGE): train=113, val=20, test=33
Fold 31: base convergido (val_auc=0.8750), iniciando ciclos FGE...
Fold 31: 2 snapshots FGE (val_auc por snapshot: 0.7750, 0.7083)
Cargando features de /home/JKP6679/Patho-Ensemble/PARADIS/datos/features/bc_therapy/features_conch_v1_5...

Fold 32 (FGE): train=113, val=20, test=33
Fold 32: base convergido (val_auc=0.8421), iniciando ciclos FGE...
Fold 32: 2 snapshots FGE (val_auc por snapshot: 0.6842, 0.6711)
Cargando features de /home/JKP6679/Patho-Ensemble/PARADIS/datos/features/bc_therapy/features_conch_v1_5...

Fold 33 (FGE): train=113, val=20, test=33
Fold 33: base convergido (val_auc=0.7451), iniciando ciclos FGE...
Fold 33: 2 snapshots FGE (val_auc por snapshot: 0.7549, 0.6765)
Cargando features de /home/JKP6679/Patho-Ensemble/PARADIS/datos/features/bc_therapy/features_conch_v1_5...

Fold 34 (FGE): train=113, val=20, test=33
Fold 34: base convergido (val_auc=0.6385), iniciando ciclos FGE...
Fold 34: 6 snapshots FGE (val_auc por snapshot: 0.5923, 0.5923, 0.6308, 0.6615, 0.6923, 0.7462)
Cargando features de /home/JKP6679/Patho-Ensemble/PARADIS/datos/features/bc_therapy/features_conch_v1_5...

Fold 35 (FGE): train=113, val=20, test=33
Fold 35: base convergido (val_auc=0.7833), iniciando ciclos FGE...
Fold 35: 2 snapshots FGE (val_auc por snapshot: 0.7667, 0.7583)
Cargando features de /home/JKP6679/Patho-Ensemble/PARADIS/datos/features/bc_therapy/features_conch_v1_5...

Fold 36 (FGE): train=113, val=20, test=33
Fold 36: base convergido (val_auc=0.8417), iniciando ciclos FGE...
Fold 36: 2 snapshots FGE (val_auc por snapshot: 0.7667, 0.6750)
Cargando features de /home/JKP6679/Patho-Ensemble/PARADIS/datos/features/bc_therapy/features_conch_v1_5...

Fold 37 (FGE): train=113, val=20, test=33
Fold 37: base convergido (val_auc=0.8393), iniciando ciclos FGE...
Fold 37: 2 snapshots FGE (val_auc por snapshot: 0.7857, 0.7232)
Cargando features de /home/JKP6679/Patho-Ensemble/PARADIS/datos/features/bc_therapy/features_conch_v1_5...

Fold 38 (FGE): train=113, val=20, test=33
Fold 38: base convergido (val_auc=0.6288), iniciando ciclos FGE...
Fold 38: 4 snapshots FGE (val_auc por snapshot: 0.5606, 0.5833, 0.6364, 0.5909)
Cargando features de /home/JKP6679/Patho-Ensemble/PARADIS/datos/features/bc_therapy/features_conch_v1_5...

Fold 39 (FGE): train=113, val=20, test=33
Fold 39: base convergido (val_auc=0.9308), iniciando ciclos FGE...
Fold 39: 3 snapshots FGE (val_auc por snapshot: 0.7308, 0.8846, 0.7308)
Cargando features de /home/JKP6679/Patho-Ensemble/PARADIS/datos/features/bc_therapy/features_conch_v1_5...

Fold 40 (FGE): train=113, val=20, test=33
Fold 40: base convergido (val_auc=0.8026), iniciando ciclos FGE...
Fold 40: 3 snapshots FGE (val_auc por snapshot: 0.7105, 0.7500, 0.7105)
Cargando features de /home/JKP6679/Patho-Ensemble/PARADIS/datos/features/bc_therapy/features_conch_v1_5...

Fold 41 (FGE): train=113, val=20, test=33
Fold 41: base convergido (val_auc=0.8922), iniciando ciclos FGE...
Fold 41: 4 snapshots FGE (val_auc por snapshot: 0.7843, 0.7941, 0.8235, 0.7451)
Cargando features de /home/JKP6679/Patho-Ensemble/PARADIS/datos/features/bc_therapy/features_conch_v1_5...

Fold 42 (FGE): train=113, val=20, test=33
Fold 42: base convergido (val_auc=0.7917), iniciando ciclos FGE...
Fold 42: 2 snapshots FGE (val_auc por snapshot: 0.7000, 0.6750)
Cargando features de /home/JKP6679/Patho-Ensemble/PARADIS/datos/features/bc_therapy/features_conch_v1_5...

Fold 43 (FGE): train=113, val=20, test=33
Fold 43: base convergido (val_auc=0.7167), iniciando ciclos FGE...
Fold 43: 2 snapshots FGE (val_auc por snapshot: 0.6833, 0.6417)
Cargando features de /home/JKP6679/Patho-Ensemble/PARADIS/datos/features/bc_therapy/features_conch_v1_5...

Fold 44 (FGE): train=113, val=20, test=33
Fold 44: base convergido (val_auc=0.7692), iniciando ciclos FGE...
Fold 44: 3 snapshots FGE (val_auc por snapshot: 0.5231, 0.5846, 0.5231)
Cargando features de /home/JKP6679/Patho-Ensemble/PARADIS/datos/features/bc_therapy/features_conch_v1_5...

Fold 45 (FGE): train=113, val=20, test=33
Fold 45: base convergido (val_auc=0.7143), iniciando ciclos FGE...
Fold 45: 3 snapshots FGE (val_auc por snapshot: 0.7143, 0.7222, 0.6429)
Cargando features de /home/JKP6679/Patho-Ensemble/PARADIS/datos/features/bc_therapy/features_conch_v1_5...

Fold 46 (FGE): train=113, val=20, test=33
Fold 46: base convergido (val_auc=0.8308), iniciando ciclos FGE...
Fold 46: 3 snapshots FGE (val_auc por snapshot: 0.6769, 0.7154, 0.6769)
Cargando features de /home/JKP6679/Patho-Ensemble/PARADIS/datos/features/bc_therapy/features_conch_v1_5...

Fold 47 (FGE): train=113, val=20, test=33
Fold 47: base convergido (val_auc=0.7451), iniciando ciclos FGE...
Fold 47: 3 snapshots FGE (val_auc por snapshot: 0.6961, 0.7941, 0.7451)
Cargando features de /home/JKP6679/Patho-Ensemble/PARADIS/datos/features/bc_therapy/features_conch_v1_5...

Fold 48 (FGE): train=113, val=20, test=33
Fold 48: base convergido (val_auc=0.8000), iniciando ciclos FGE...
Fold 48: 2 snapshots FGE (val_auc por snapshot: 0.7154, 0.6846)
Cargando features de /home/JKP6679/Patho-Ensemble/PARADIS/datos/features/bc_therapy/features_conch_v1_5...

Fold 49 (FGE): train=113, val=20, test=33
Fold 49: base convergido (val_auc=0.6500), iniciando ciclos FGE...
Fold 49: 2 snapshots FGE (val_auc por snapshot: 0.6417, 0.6000)

Calculando métricas de validación (FGE, promedio de snapshots)...

Calculando métricas de test (FGE, promedio de snapshots)...
✅ Métricas FGE de test completadas (50 folds con datos)

✅ FGE training completed
--- [se_trio] meta-features: conch_v1_5 --- Mon Aug 31 11:22:42 CEST 2026
  latent_dim auto-detectado: 768  (de features_conch_v1_5)

============================================================
ABMIL-FGE Test (predicciones sobre train): conch_v1_5
  Dataset: bc_therapy/er_status
  Latent dim: 768, Num classes: 2, Folds: 50
  Variante FGE: se_trio
============================================================

Cargando features de /home/JKP6679/Patho-Ensemble/PARADIS/datos/features/bc_therapy/features_conch_v1_5...

✅ Predicciones FGE de train generadas para 50/50 folds (0 omitidos por falta de snapshots/datos).

### FASE 5 — suite de metaclasificadores (50 folds)
========================================================================================================
SUITE DE METACLASIFICADORES — trío ganador
========================================================================================================
Modelos base : ctranspath + uni_v2 + conch_v1_5
Dataset/tarea: bc_therapy / er_status
Folds        : 50
Espacios     : ['emb', 'fge_trio', 'prob', 'se_trio']
Dispositivo  : cpu

Cargando espacio 'emb' ...
  ✓ alineado. Columnas por modelo: {'ctranspath': 512, 'uni_v2': 512, 'conch_v1_5': 512}
  ✓ filas fold_0: train=113 val=20 test=33

Cargando espacio 'fge_trio' ...
  ✓ alineado. Columnas por modelo: {'ctranspath': 2, 'uni_v2': 2, 'conch_v1_5': 2}
  ✓ filas fold_0: train=113 val=20 test=33

Cargando espacio 'prob' ...
  ✓ alineado. Columnas por modelo: {'ctranspath': 2, 'uni_v2': 2, 'conch_v1_5': 2}
  ✓ filas fold_0: train=113 val=20 test=33

Cargando espacio 'se_trio' ...
  ✓ alineado. Columnas por modelo: {'ctranspath': 2, 'uni_v2': 2, 'conch_v1_5': 2}
  ✓ filas fold_0: train=113 val=20 test=33

✓ Todos los brazos comparten exactamente los mismos folds y filas de train/val/test.

Clases         : K=2 [0, 1] (binaria)
Reparto en test: {0: 500, 1: 1150}  →  mayoritaria=1 (69.7%)

acc=accuracy · bacc=balanced accuracy · macro_f1=F1 macro · f1_pos=F1 de la clase positiva · kappa=Cohen.
REFERENCIA DEGENERADA (predecir siempre la mayoritaria del train): acc=0.697, bacc=0.500, macro_f1=0.411, kappa=0.000.
Cualquier accuracy que no supere claramente ese valor no dice nada.

>>> prob:logreg
    fold 10/50
    fold 20/50
    fold 30/50
    fold 40/50
    fold 50/50
    AUC=0.6703  bacc=0.6047  macro-F1=0.5995

>>> prob:mlp
    fold 10/50
    fold 20/50
    fold 30/50
    fold 40/50
    fold 50/50
    AUC=0.5643  bacc=0.5020  macro-F1=0.3661

>>> prob:mlp_snapshot
    fold 10/50
    fold 20/50
    fold 30/50
    fold 40/50
    fold 50/50
    AUC=0.6684  bacc=0.5217  macro-F1=0.4594

>>> prob:svm
    fold 10/50
    fold 20/50
    fold 30/50
    fold 40/50
    fold 50/50
    AUC=0.6703  bacc=0.6071  macro-F1=0.6047

>>> prob:knn
    fold 10/50
    fold 20/50
    fold 30/50
    fold 40/50
    fold 50/50
    AUC=0.6478  bacc=0.6130  macro-F1=0.6085

>>> prob:nb
    fold 10/50
    fold 20/50
    fold 30/50
    fold 40/50
    fold 50/50
    AUC=0.6663  bacc=0.6233  macro-F1=0.6165

>>> emb:logreg
    fold 10/50
    fold 20/50
    fold 30/50
    fold 40/50
    fold 50/50
    AUC=0.6999  bacc=0.6210  macro-F1=0.6209

>>> emb:mlp
    fold 10/50
    fold 20/50
    fold 30/50
    fold 40/50
    fold 50/50
    AUC=0.6563  bacc=0.5280  macro-F1=0.4670

>>> emb:mlp_snapshot
    fold 10/50
    fold 20/50
    fold 30/50
    fold 40/50
    fold 50/50
    AUC=0.6714  bacc=0.5906  macro-F1=0.5716

>>> emb:mlp_fge
    fold 10/50
    fold 20/50
    fold 30/50
    fold 40/50
    fold 50/50
    AUC=0.6593  bacc=0.5410  macro-F1=0.4977

>>> fge_trio:logreg
    fold 10/50
    fold 20/50
    fold 30/50
    fold 40/50
    fold 50/50
    AUC=0.6967  bacc=0.6131  macro-F1=0.6098

>>> fge_trio:mlp_snapshot
    fold 10/50
    fold 20/50
    fold 30/50
    fold 40/50
    fold 50/50
    AUC=0.6997  bacc=0.5507  macro-F1=0.5158

>>> se_trio:logreg
    fold 10/50
    fold 20/50
    fold 30/50
    fold 40/50
    fold 50/50
    AUC=0.6981  bacc=0.6145  macro-F1=0.6128

>>> se_trio:mlp_snapshot
    fold 10/50
    fold 20/50
    fold 30/50
    fold 40/50
    fold 50/50
    AUC=0.6999  bacc=0.5544  macro-F1=0.5279

======================================================
RESUMEN A — capacidad de ORDENACIÓN (independiente del umbral)
======================================================
Configuración                          auc          ap
------------------------------------------------------
prob:logreg                         0.6703      0.8242
prob:mlp                            0.5643      0.7505
prob:mlp_snapshot                   0.6684      0.8243
prob:svm                            0.6703      0.8256
prob:knn                            0.6478      0.7866
prob:nb                             0.6663      0.8134
emb:logreg                          0.6999      0.8445
emb:mlp                             0.6563      0.8191
emb:mlp_snapshot                    0.6714      0.8275
emb:mlp_fge                         0.6593      0.8206
fge_trio:logreg                     0.6967      0.8511
fge_trio:mlp_snapshot               0.6997      0.8513
se_trio:logreg                      0.6981      0.8536
se_trio:mlp_snapshot                0.6999      0.8538
------------------------------------------------------
auc=macro-OvR AUC · ap=average precision (PR-AUC, la métrica de ordenación
que más pesa bajo desbalance porque ignora los verdaderos negativos)

==========================================================================================
RESUMEN B — DECISIÓN con umbral 0.5 (argmax; el criterio de ensemble4.py)
==========================================================================================
Configuración                          acc        bacc    macro_f1      f1_pos       kappa
------------------------------------------------------------------------------------------
prob:logreg                         0.7067      0.6047      0.5995      0.8023      0.2267
prob:mlp                            0.5382      0.5020      0.3661      0.5139      0.0046
prob:mlp_snapshot                   0.6933      0.5217      0.4594      0.8119      0.0496
prob:svm                            0.6903      0.6071      0.6047      0.7847      0.2232
prob:knn                            0.6842      0.6130      0.6085      0.7756      0.2294
prob:nb                             0.6782      0.6233      0.6165      0.7654      0.2423
emb:logreg                          0.7018      0.6210      0.6209      0.7930      0.2533
emb:mlp                             0.7006      0.5280      0.4670      0.8173      0.0654
emb:mlp_snapshot                    0.7042      0.5906      0.5716      0.8036      0.1949
emb:mlp_fge                         0.7036      0.5410      0.4977      0.8169      0.0988
fge_trio:logreg                     0.6994      0.6131      0.6098      0.7934      0.2348
fge_trio:mlp_snapshot               0.6952      0.5507      0.5158      0.8065      0.1121
se_trio:logreg                      0.7006      0.6145      0.6128      0.7936      0.2409
se_trio:mlp_snapshot                0.6885      0.5544      0.5279      0.7984      0.1207
------------------------------------------------------------------------------------------
acc=accuracy · bacc=balanced accuracy · macro_f1=F1 macro · f1_pos=F1 de la clase positiva · kappa=Cohen.
REFERENCIA DEGENERADA (predecir siempre la mayoritaria del train): acc=0.697, bacc=0.500, macro_f1=0.411, kappa=0.000.
Cualquier accuracy que no supere claramente ese valor no dice nada.

==========================================================================================
RESUMEN C — DECISIÓN con umbral ajustado en VALIDACIÓN (máx. bacc)
==========================================================================================
Configuración                        acc_t      bacc_t  macro_f1_t    f1_pos_t     kappa_t
------------------------------------------------------------------------------------------
prob:logreg                         0.5927      0.6021      0.5523      0.6358      0.1816
prob:mlp                            0.5758      0.5640      0.5079      0.6164      0.1189
prob:mlp_snapshot                   0.5836      0.5979      0.5483      0.6283      0.1710
prob:svm                            0.5964      0.6008      0.5536      0.6421      0.1815
prob:knn                            0.6406      0.6048      0.5854      0.7207      0.1979
prob:nb                             0.6024      0.6097      0.5694      0.6591      0.1921
emb:logreg                          0.6103      0.6193      0.5766      0.6572      0.2147
emb:mlp                             0.6000      0.5983      0.5552      0.6520      0.1751
emb:mlp_snapshot                    0.6170      0.6122      0.5681      0.6719      0.2006
emb:mlp_fge                         0.5867      0.5978      0.5493      0.6332      0.1699
fge_trio:logreg                     0.6382      0.6234      0.5894      0.6993      0.2267
fge_trio:mlp_snapshot               0.6352      0.6190      0.5862      0.6993      0.2163
se_trio:logreg                      0.6152      0.6374      0.5883      0.6593      0.2371
se_trio:mlp_snapshot                0.6176      0.6335      0.5892      0.6662      0.2330
------------------------------------------------------------------------------------------
Mismas métricas, con el umbral elegido en val en vez de fijado a 0.5.
La diferencia B→C separa un fallo de ORDENACIÓN de un fallo de CORTE.

Umbral medio elegido en validación:
  prob:logreg                    0.760  (mediana 0.751)
  prob:mlp                       0.517  (mediana 0.504)
  prob:mlp_snapshot              0.675  (mediana 0.681)
  prob:svm                       0.752  (mediana 0.807)
  prob:knn                       0.682  (mediana 0.657)
  prob:nb                        0.802  (mediana 0.995)
  emb:logreg                     0.784  (mediana 0.860)
  emb:mlp                        0.702  (mediana 0.707)
  emb:mlp_snapshot               0.772  (mediana 0.814)
  emb:mlp_fge                    0.714  (mediana 0.715)
  fge_trio:logreg                0.701  (mediana 0.763)
  fge_trio:mlp_snapshot          0.640  (mediana 0.643)
  se_trio:logreg                 0.794  (mediana 0.845)
  se_trio:mlp_snapshot           0.669  (mediana 0.663)

========================================================================================================
PAREADO: prob:mlp  vs  prob:logreg  (baseline recalculado en esta misma pasada)
========================================================================================================
Métrica        Δ medio                  IC 95%       G/E/P        p   p Holm      MDE
--------------------------------------------------------------------------------------------------------
auc            -0.1061      [-0.1518, -0.0637]      9/0/41   0.0000   0.0000   0.0627 *
ap             -0.0737      [-0.1026, -0.0464]      9/0/41   0.0000   0.0000   0.0405 *
acc            -0.1685      [-0.2200, -0.1182]      5/7/38   0.0000   0.0000   0.0748 *
bacc           -0.1028      [-0.1255, -0.0806]      4/1/45   0.0000   0.0000   0.0317 *
macro_f1       -0.2334      [-0.2695, -0.1967]      2/0/48   0.0000   0.0000   0.0532 *
f1_pos         -0.2884      [-0.3915, -0.1854]     15/0/35   0.0001   0.0008   0.1501 *
kappa          -0.2221      [-0.2671, -0.1768]      4/1/45   0.0000   0.0000   0.0646 *
acc_t          -0.0170      [-0.0648, +0.0315]     18/7/25   0.5619   1.0000   0.0700
bacc_t         -0.0382      [-0.0696, -0.0096]     20/2/28   0.0231   0.1154   0.0430
macro_f1_t     -0.0443      [-0.0882, -0.0019]     18/2/30   0.0695   0.2084   0.0618
f1_pos_t       -0.0194      [-0.0986, +0.0567]     21/2/27   0.6444   1.0000   0.1112
kappa_t        -0.0627      [-0.1176, -0.0106]     18/2/30   0.0329   0.1316   0.0777
--------------------------------------------------------------------------------------------------------

========================================================================================================
PAREADO: prob:mlp_snapshot  vs  prob:logreg  (baseline recalculado en esta misma pasada)
========================================================================================================
Métrica        Δ medio                  IC 95%       G/E/P        p   p Holm      MDE
--------------------------------------------------------------------------------------------------------
auc            -0.0019      [-0.0103, +0.0061]     20/7/23   0.9134   1.0000   0.0117
ap             +0.0001      [-0.0062, +0.0065]     24/2/24   0.9591   1.0000   0.0090
acc            -0.0133      [-0.0285, +0.0024]    14/12/24   0.3106   1.0000   0.0223
bacc           -0.0830      [-0.1053, -0.0617]      5/4/41   0.0000   0.0000   0.0315 *
macro_f1       -0.1401      [-0.1694, -0.1105]      3/4/43   0.0000   0.0000   0.0425 *
f1_pos         +0.0096      [-0.0029, +0.0223]     25/4/21   0.1636   1.0000   0.0181
kappa          -0.1772      [-0.2240, -0.1327]      5/4/41   0.0000   0.0000   0.0658 *
acc_t          -0.0091      [-0.0315, +0.0127]    14/19/17   0.3084   1.0000   0.0322
bacc_t         -0.0043      [-0.0198, +0.0102]    18/17/15   0.7341   1.0000   0.0216
macro_f1_t     -0.0040      [-0.0240, +0.0163]    15/17/18   0.6043   1.0000   0.0288
f1_pos_t       -0.0075      [-0.0384, +0.0234]    16/17/17   0.3528   1.0000   0.0439
kappa_t        -0.0106      [-0.0401, +0.0164]    16/17/17   0.6295   1.0000   0.0410
--------------------------------------------------------------------------------------------------------

========================================================================================================
PAREADO: prob:svm  vs  prob:logreg  (baseline recalculado en esta misma pasada)
========================================================================================================
Métrica        Δ medio                  IC 95%       G/E/P        p   p Holm      MDE
--------------------------------------------------------------------------------------------------------
auc            +0.0000      [-0.0046, +0.0046]     21/9/20   0.7211   1.0000   0.0067
ap             +0.0014      [-0.0017, +0.0044]     27/4/19   0.2628   1.0000   0.0044
acc            -0.0164      [-0.0273, -0.0061]     8/21/21   0.0021   0.0226   0.0154 *
bacc           +0.0024      [-0.0107, +0.0160]    17/15/18   0.6227   1.0000   0.0190
macro_f1       +0.0053      [-0.0111, +0.0218]    17/15/18   0.7064   1.0000   0.0235
f1_pos         -0.0176      [-0.0260, -0.0097]     7/15/28   0.0001   0.0012   0.0118 *
kappa          -0.0035      [-0.0312, +0.0241]    15/15/20   0.8442   1.0000   0.0402
acc_t          +0.0036      [-0.0152, +0.0242]    14/21/15   0.9472   1.0000   0.0288
bacc_t         -0.0013      [-0.0165, +0.0131]    13/20/17   0.8289   1.0000   0.0214
macro_f1_t     +0.0013      [-0.0183, +0.0225]    15/20/15   0.8936   1.0000   0.0293
f1_pos_t       +0.0063      [-0.0250, +0.0413]    15/20/15   0.9754   1.0000   0.0483
kappa_t        -0.0001      [-0.0257, +0.0256]    15/20/15   0.8774   1.0000   0.0371
--------------------------------------------------------------------------------------------------------

========================================================================================================
PAREADO: prob:knn  vs  prob:logreg  (baseline recalculado en esta misma pasada)
========================================================================================================
Métrica        Δ medio                  IC 95%       G/E/P        p   p Holm      MDE
--------------------------------------------------------------------------------------------------------
auc            -0.0225      [-0.0382, -0.0053]     15/0/35   0.0026   0.0255   0.0235 *
ap             -0.0376      [-0.0519, -0.0228]     10/0/40   0.0000   0.0000   0.0207 *
acc            -0.0224      [-0.0364, -0.0085]     9/13/28   0.0051   0.0405   0.0203 *
bacc           +0.0082      [-0.0081, +0.0250]     21/5/24   0.4358   1.0000   0.0240
macro_f1       +0.0090      [-0.0106, +0.0301]     21/5/24   0.7778   1.0000   0.0297
f1_pos         -0.0268      [-0.0391, -0.0152]     10/5/35   0.0001   0.0011   0.0171 *
kappa          +0.0027      [-0.0318, +0.0371]     21/5/24   0.7692   1.0000   0.0499
acc_t          +0.0479      [+0.0164, +0.0806]     29/6/15   0.0114   0.0797   0.0464
bacc_t         +0.0027      [-0.0163, +0.0226]     23/3/24   0.9157   1.0000   0.0278
macro_f1_t     +0.0331      [+0.0059, +0.0615]     28/3/19   0.0664   0.3981   0.0397
f1_pos_t       +0.0849      [+0.0378, +0.1353]     33/3/14   0.0028   0.0255   0.0704 *
kappa_t        +0.0163      [-0.0192, +0.0522]     26/3/21   0.5931   1.0000   0.0520
--------------------------------------------------------------------------------------------------------

========================================================================================================
PAREADO: prob:nb  vs  prob:logreg  (baseline recalculado en esta misma pasada)
========================================================================================================
Métrica        Δ medio                  IC 95%       G/E/P        p   p Holm      MDE
--------------------------------------------------------------------------------------------------------
auc            -0.0041      [-0.0123, +0.0043]     20/3/27   0.2825   1.0000   0.0119
ap             -0.0108      [-0.0179, -0.0038]     16/0/34   0.0112   0.1120   0.0104
acc            -0.0285      [-0.0430, -0.0139]     12/6/32   0.0003   0.0034   0.0211 *
bacc           +0.0186      [+0.0029, +0.0345]     30/2/18   0.0402   0.3616   0.0229
macro_f1       +0.0171      [-0.0014, +0.0359]     26/2/22   0.1316   1.0000   0.0264
f1_pos         -0.0369      [-0.0492, -0.0248]     12/2/36   0.0000   0.0000   0.0179 *
kappa          +0.0155      [-0.0162, +0.0487]     25/2/23   0.4178   1.0000   0.0469
acc_t          +0.0097      [-0.0127, +0.0339]    15/16/19   0.7642   1.0000   0.0337
bacc_t         +0.0075      [-0.0074, +0.0223]    20/12/18   0.4463   1.0000   0.0214
macro_f1_t     +0.0171      [-0.0034, +0.0397]    19/12/19   0.4464   1.0000   0.0311
f1_pos_t       +0.0233      [-0.0136, +0.0623]    18/12/20   0.6583   1.0000   0.0547
kappa_t        +0.0105      [-0.0149, +0.0371]    19/12/19   0.6067   1.0000   0.0379
--------------------------------------------------------------------------------------------------------

========================================================================================================
PAREADO: emb:logreg  vs  prob:logreg  (baseline recalculado en esta misma pasada)
========================================================================================================
Métrica        Δ medio                  IC 95%       G/E/P        p   p Holm      MDE
--------------------------------------------------------------------------------------------------------
auc            +0.0296      [+0.0073, +0.0530]     30/1/19   0.0320   0.3524   0.0333
ap             +0.0203      [+0.0048, +0.0359]     31/0/19   0.0119   0.1424   0.0226
acc            -0.0048      [-0.0194, +0.0103]    17/12/21   0.2395   1.0000   0.0215
bacc           +0.0163      [-0.0018, +0.0363]     27/7/16   0.1487   1.0000   0.0275
macro_f1       +0.0215      [+0.0003, +0.0465]     25/7/18   0.1724   1.0000   0.0333
f1_pos         -0.0094      [-0.0206, +0.0021]     17/7/26   0.0769   0.7689   0.0161
kappa          +0.0265      [-0.0111, +0.0698]     23/7/20   0.3401   1.0000   0.0581
acc_t          +0.0176      [-0.0164, +0.0527]     24/7/19   0.5215   1.0000   0.0494
bacc_t         +0.0171      [-0.0062, +0.0419]     29/1/20   0.2939   1.0000   0.0350
macro_f1_t     +0.0243      [-0.0053, +0.0549]     28/1/21   0.2465   1.0000   0.0428
f1_pos_t       +0.0215      [-0.0285, +0.0742]     25/1/24   0.8345   1.0000   0.0742
kappa_t        +0.0331      [-0.0095, +0.0762]     30/1/19   0.2307   1.0000   0.0632
--------------------------------------------------------------------------------------------------------

========================================================================================================
PAREADO: emb:mlp  vs  prob:logreg  (baseline recalculado en esta misma pasada)
========================================================================================================
Métrica        Δ medio                  IC 95%       G/E/P        p   p Holm      MDE
--------------------------------------------------------------------------------------------------------
auc            -0.0140      [-0.0267, -0.0016]     18/0/32   0.0353   0.2821   0.0177
ap             -0.0051      [-0.0137, +0.0036]     21/0/29   0.0876   0.6132   0.0124
acc            -0.0061      [-0.0212, +0.0085]    17/12/21   0.9592   1.0000   0.0213
bacc           -0.0767      [-0.1003, -0.0544]      9/2/39   0.0000   0.0000   0.0332 *
macro_f1       -0.1324      [-0.1634, -0.1017]      5/2/43   0.0000   0.0000   0.0438 *
f1_pos         +0.0149      [+0.0041, +0.0256]     29/2/19   0.0173   0.1560   0.0155
kappa          -0.1613      [-0.2108, -0.1136]      9/2/39   0.0000   0.0000   0.0690 *
acc_t          +0.0073      [-0.0218, +0.0376]     20/9/21   0.7112   1.0000   0.0425
bacc_t         -0.0038      [-0.0248, +0.0167]     21/4/25   0.6191   1.0000   0.0297
macro_f1_t     +0.0029      [-0.0232, +0.0308]     24/4/22   0.8441   1.0000   0.0389
f1_pos_t       +0.0162      [-0.0249, +0.0618]     23/4/23   0.6000   1.0000   0.0625
kappa_t        -0.0065      [-0.0455, +0.0327]     21/4/25   0.5774   1.0000   0.0556
--------------------------------------------------------------------------------------------------------

========================================================================================================
PAREADO: emb:mlp_snapshot  vs  prob:logreg  (baseline recalculado en esta misma pasada)
========================================================================================================
Métrica        Δ medio                  IC 95%       G/E/P        p   p Holm      MDE
--------------------------------------------------------------------------------------------------------
auc            +0.0011      [-0.0098, +0.0119]     28/2/20   0.5691   1.0000   0.0157
ap             +0.0033      [-0.0042, +0.0103]     29/0/21   0.1877   1.0000   0.0105
acc            -0.0024      [-0.0139, +0.0085]    16/15/19   0.7213   1.0000   0.0164
bacc           -0.0142      [-0.0290, -0.0002]    16/10/24   0.1475   1.0000   0.0209
macro_f1       -0.0279      [-0.0508, -0.0068]    15/10/25   0.0537   0.6450   0.0317
f1_pos         +0.0012      [-0.0085, +0.0116]    18/10/22   0.8560   1.0000   0.0143
kappa          -0.0318      [-0.0646, +0.0000]    15/10/25   0.1082   1.0000   0.0459
acc_t          +0.0242      [-0.0012, +0.0527]     26/4/20   0.1287   1.0000   0.0394
bacc_t         +0.0100      [-0.0076, +0.0277]     28/2/20   0.3886   1.0000   0.0255
macro_f1_t     +0.0158      [-0.0098, +0.0435]     25/3/22   0.4336   1.0000   0.0382
f1_pos_t       +0.0361      [-0.0046, +0.0806]     27/2/21   0.1725   1.0000   0.0614
kappa_t        +0.0190      [-0.0131, +0.0523]     26/2/22   0.3889   1.0000   0.0478
--------------------------------------------------------------------------------------------------------

========================================================================================================
PAREADO: emb:mlp_fge  vs  prob:logreg  (baseline recalculado en esta misma pasada)
========================================================================================================
Métrica        Δ medio                  IC 95%       G/E/P        p   p Holm      MDE
--------------------------------------------------------------------------------------------------------
auc            -0.0110      [-0.0210, -0.0019]     20/3/27   0.1233   0.9861   0.0138
ap             -0.0036      [-0.0100, +0.0031]     24/0/26   0.2695   1.0000   0.0094
acc            -0.0030      [-0.0158, +0.0103]    16/14/20   0.8241   1.0000   0.0190
bacc           -0.0638      [-0.0820, -0.0457]      9/1/40   0.0000   0.0000   0.0260 *
macro_f1       -0.1017      [-0.1260, -0.0777]      7/1/42   0.0000   0.0000   0.0348 *
f1_pos         +0.0146      [+0.0050, +0.0249]     30/1/19   0.0131   0.1176   0.0145
kappa          -0.1280      [-0.1668, -0.0904]     11/1/38   0.0000   0.0000   0.0554 *
acc_t          -0.0061      [-0.0352, +0.0248]     19/9/22   0.5900   1.0000   0.0426
bacc_t         -0.0043      [-0.0220, +0.0137]     20/1/29   0.6189   1.0000   0.0260
macro_f1_t     -0.0029      [-0.0273, +0.0243]     23/1/26   0.4175   1.0000   0.0371
f1_pos_t       -0.0026      [-0.0436, +0.0421]     22/1/27   0.4647   1.0000   0.0613
kappa_t        -0.0117      [-0.0473, +0.0251]     23/1/26   0.4894   1.0000   0.0528
--------------------------------------------------------------------------------------------------------

========================================================================================================
PAREADO: fge_trio:logreg  vs  prob:logreg  (baseline recalculado en esta misma pasada)
========================================================================================================
Métrica        Δ medio                  IC 95%       G/E/P        p   p Holm      MDE
--------------------------------------------------------------------------------------------------------
auc            +0.0263      [+0.0081, +0.0444]     34/0/16   0.0116   0.1002   0.0263
ap             +0.0269      [+0.0144, +0.0393]     36/0/14   0.0002   0.0027   0.0181 *
acc            -0.0073      [-0.0206, +0.0061]    15/17/18   0.1479   0.6100   0.0189
bacc           +0.0083      [-0.0074, +0.0240]     26/5/19   0.4664   1.0000   0.0225
macro_f1       +0.0103      [-0.0078, +0.0292]     26/5/19   0.5054   1.0000   0.0267
f1_pos         -0.0089      [-0.0194, +0.0012]     17/5/28   0.1220   0.6100   0.0152
kappa          +0.0081      [-0.0237, +0.0411]     27/5/18   0.8833   1.0000   0.0466
acc_t          +0.0455      [+0.0139, +0.0776]     30/6/14   0.0039   0.0430   0.0463 *
bacc_t         +0.0213      [+0.0040, +0.0398]     30/2/18   0.0477   0.2864   0.0256
macro_f1_t     +0.0371      [+0.0130, +0.0631]     32/2/16   0.0111   0.1002   0.0365
f1_pos_t       +0.0635      [+0.0185, +0.1107]     29/2/19   0.0096   0.0960   0.0667
kappa_t        +0.0451      [+0.0118, +0.0796]     31/2/17   0.0153   0.1070   0.0501
--------------------------------------------------------------------------------------------------------

========================================================================================================
PAREADO: fge_trio:mlp_snapshot  vs  prob:logreg  (baseline recalculado en esta misma pasada)
========================================================================================================
Métrica        Δ medio                  IC 95%       G/E/P        p   p Holm      MDE
--------------------------------------------------------------------------------------------------------
auc            +0.0294      [+0.0124, +0.0466]     31/2/17   0.0031   0.0246   0.0247 *
ap             +0.0271      [+0.0157, +0.0384]     39/0/11   0.0000   0.0004   0.0167 *
acc            -0.0115      [-0.0261, +0.0030]    15/10/25   0.1418   0.4569   0.0209
bacc           -0.0540      [-0.0756, -0.0327]     10/4/36   0.0000   0.0003   0.0312 *
macro_f1       -0.0836      [-0.1132, -0.0547]     10/4/36   0.0000   0.0000   0.0421 *
f1_pos         +0.0042      [-0.0074, +0.0167]     23/4/23   0.7847   0.7847   0.0172
kappa          -0.1147      [-0.1595, -0.0708]     10/4/36   0.0000   0.0003   0.0639 *
acc_t          +0.0424      [+0.0109, +0.0752]     30/7/13   0.0154   0.0922   0.0469
bacc_t         +0.0169      [-0.0022, +0.0371]     26/2/22   0.2861   0.5721   0.0283
macro_f1_t     +0.0339      [+0.0061, +0.0625]     29/2/19   0.0313   0.1563   0.0405
f1_pos_t       +0.0635      [+0.0155, +0.1120]     31/2/17   0.0089   0.0624   0.0705
kappa_t        +0.0347      [-0.0011, +0.0728]     29/2/19   0.1142   0.4569   0.0535
--------------------------------------------------------------------------------------------------------

========================================================================================================
PAREADO: se_trio:logreg  vs  prob:logreg  (baseline recalculado en esta misma pasada)
========================================================================================================
Métrica        Δ medio                  IC 95%       G/E/P        p   p Holm      MDE
--------------------------------------------------------------------------------------------------------
auc            +0.0277      [+0.0093, +0.0474]     29/3/18   0.0193   0.1933   0.0280
ap             +0.0294      [+0.0160, +0.0434]     38/0/12   0.0000   0.0002   0.0196 *
acc            -0.0061      [-0.0224, +0.0097]    15/13/22   0.6384   1.0000   0.0228
bacc           +0.0098      [-0.0077, +0.0269]     26/3/21   0.3172   1.0000   0.0250
macro_f1       +0.0133      [-0.0076, +0.0340]     26/3/21   0.2688   1.0000   0.0297
f1_pos         -0.0087      [-0.0220, +0.0044]     19/3/28   0.1877   1.0000   0.0189
kappa          +0.0142      [-0.0230, +0.0499]     24/3/23   0.4121   1.0000   0.0526
acc_t          +0.0224      [-0.0103, +0.0564]    20/14/16   0.2317   1.0000   0.0483
bacc_t         +0.0353      [+0.0117, +0.0596]     30/3/17   0.0127   0.1396   0.0340
macro_f1_t     +0.0360      [+0.0052, +0.0675]     27/3/20   0.0343   0.2745   0.0448
f1_pos_t       +0.0235      [-0.0285, +0.0774]     26/3/21   0.5606   1.0000   0.0771
kappa_t        +0.0555      [+0.0160, +0.0958]     30/3/17   0.0194   0.1933   0.0577
--------------------------------------------------------------------------------------------------------

========================================================================================================
PAREADO: se_trio:mlp_snapshot  vs  prob:logreg  (baseline recalculado en esta misma pasada)
========================================================================================================
Métrica        Δ medio                  IC 95%       G/E/P        p   p Holm      MDE
--------------------------------------------------------------------------------------------------------
auc            +0.0296      [+0.0128, +0.0467]     33/0/17   0.0019   0.0155   0.0249 *
ap             +0.0296      [+0.0159, +0.0437]     38/0/12   0.0000   0.0004   0.0200 *
acc            -0.0182      [-0.0345, -0.0030]    16/14/20   0.0797   0.3187   0.0229
bacc           -0.0503      [-0.0748, -0.0272]     11/4/35   0.0002   0.0022   0.0347 *
macro_f1       -0.0715      [-0.1039, -0.0413]     11/4/35   0.0001   0.0013   0.0451 *
f1_pos         -0.0039      [-0.0176, +0.0089]     23/4/23   0.7555   0.7555   0.0193
kappa          -0.1061      [-0.1560, -0.0593]     13/4/33   0.0002   0.0020   0.0700 *
acc_t          +0.0248      [-0.0091, +0.0588]    25/10/15   0.1425   0.4276   0.0498
bacc_t         +0.0314      [+0.0087, +0.0544]     29/3/18   0.0217   0.1516   0.0337
macro_f1_t     +0.0369      [+0.0067, +0.0673]     28/4/18   0.0277   0.1662   0.0438
f1_pos_t       +0.0304      [-0.0228, +0.0827]     28/3/19   0.2277   0.4554   0.0761
kappa_t        +0.0514      [+0.0110, +0.0906]     28/3/19   0.0334   0.1671   0.0587
--------------------------------------------------------------------------------------------------------

✅ Resultados escritos en /home/JKP6679/Patho-Ensemble/results_campaign_bc_therapy_er_status.json

================================================================================
✅ COMPLETADO — bc_therapy / er_status — Mon Aug 31 11:29:14 CEST 2026
   Resultados: results_campaign_bc_therapy_er_status.json
================================================================================
