================================================================================
SNAPSHOT ENSEMBLE A NIVEL BASE — trío ganador
Job 70292 — Sat Aug 22 23:04:38 CEST 2026
================================================================================

################################################################################
# VARIANTE fge_trio  (schedule=fge lr_1=2e-4 lr_2=2e-5 cycle_length=4)
################################################################################

--- [fge_trio] entrenando ciclos: ctranspath --- Sat Aug 22 23:04:38 CEST 2026
  latent_dim auto-detectado: 768  (de features_ctranspath_monai)

============================================================
ABMIL-FGE Training: ctranspath
  Dataset: cptac_brca/TP53_mutation
  Latent dim: 768, Num classes: 2
  Epochs (convergencia): 100, Fold: all
  Schedule: fge  (piecewise-linear, Garipov et al.)
  Ciclos: n_cycles=6, cycle_length=4, lr_1=0.0002, lr_2=2e-05, cycle_patience=2
  Variante: fge_trio  (include_base=False)
============================================================

Cargando features de /home/JKP6679/Patho-Ensemble/PARADIS/datos/features/cptac_brca/features_ctranspath_monai...

Fold 0 (FGE): train=75, val=15, test=22
Fold 0: base convergido (val_auc=1.0000), iniciando ciclos FGE...
Fold 0: 2 snapshots FGE (val_auc por snapshot: 0.9259, 0.9259)
Cargando features de /home/JKP6679/Patho-Ensemble/PARADIS/datos/features/cptac_brca/features_ctranspath_monai...

Fold 1 (FGE): train=76, val=13, test=23
Fold 1: base convergido (val_auc=0.9792), iniciando ciclos FGE...
Fold 1: 2 snapshots FGE (val_auc por snapshot: 0.9375, 0.8333)
Cargando features de /home/JKP6679/Patho-Ensemble/PARADIS/datos/features/cptac_brca/features_ctranspath_monai...

Fold 2 (FGE): train=76, val=16, test=20
Fold 2: base convergido (val_auc=0.7143), iniciando ciclos FGE...
Fold 2: 4 snapshots FGE (val_auc por snapshot: 0.6429, 0.6429, 0.6786, 0.6786)
Cargando features de /home/JKP6679/Patho-Ensemble/PARADIS/datos/features/cptac_brca/features_ctranspath_monai...

Fold 3 (FGE): train=76, val=16, test=20
Fold 3: base convergido (val_auc=0.9206), iniciando ciclos FGE...
Fold 3: 2 snapshots FGE (val_auc por snapshot: 0.8889, 0.8413)
Cargando features de /home/JKP6679/Patho-Ensemble/PARADIS/datos/features/cptac_brca/features_ctranspath_monai...

Fold 4 (FGE): train=77, val=15, test=20
Fold 4: base convergido (val_auc=0.9365), iniciando ciclos FGE...
Fold 4: 2 snapshots FGE (val_auc por snapshot: 0.9365, 0.9048)
Cargando features de /home/JKP6679/Patho-Ensemble/PARADIS/datos/features/cptac_brca/features_ctranspath_monai...

Fold 5 (FGE): train=76, val=15, test=21
Fold 5: base convergido (val_auc=0.6825), iniciando ciclos FGE...
Fold 5: 6 snapshots FGE (val_auc por snapshot: 0.5714, 0.5556, 0.5873, 0.5714, 0.6032, 0.6032)
Cargando features de /home/JKP6679/Patho-Ensemble/PARADIS/datos/features/cptac_brca/features_ctranspath_monai...

Fold 6 (FGE): train=74, val=16, test=22
Fold 6: base convergido (val_auc=0.7800), iniciando ciclos FGE...
Fold 6: 4 snapshots FGE (val_auc por snapshot: 0.6400, 0.6400, 0.6800, 0.6400)
Cargando features de /home/JKP6679/Patho-Ensemble/PARADIS/datos/features/cptac_brca/features_ctranspath_monai...

Fold 7 (FGE): train=78, val=13, test=21
Fold 7: base convergido (val_auc=1.0000), iniciando ciclos FGE...
Fold 7: 2 snapshots FGE (val_auc por snapshot: 0.9688, 0.9531)
Cargando features de /home/JKP6679/Patho-Ensemble/PARADIS/datos/features/cptac_brca/features_ctranspath_monai...

Fold 8 (FGE): train=77, val=14, test=21
Fold 8: base convergido (val_auc=0.9455), iniciando ciclos FGE...
Fold 8: 2 snapshots FGE (val_auc por snapshot: 0.8182, 0.7818)
Cargando features de /home/JKP6679/Patho-Ensemble/PARADIS/datos/features/cptac_brca/features_ctranspath_monai...

Fold 9 (FGE): train=77, val=14, test=21
Fold 9: base convergido (val_auc=0.9048), iniciando ciclos FGE...
Fold 9: 3 snapshots FGE (val_auc por snapshot: 0.8571, 0.8730, 0.8730)
Cargando features de /home/JKP6679/Patho-Ensemble/PARADIS/datos/features/cptac_brca/features_ctranspath_monai...

Fold 10 (FGE): train=75, val=16, test=21
Fold 10: base convergido (val_auc=0.7778), iniciando ciclos FGE...
Fold 10: 3 snapshots FGE (val_auc por snapshot: 0.7222, 0.7222, 0.7222)
Cargando features de /home/JKP6679/Patho-Ensemble/PARADIS/datos/features/cptac_brca/features_ctranspath_monai...

Fold 11 (FGE): train=74, val=15, test=23
Fold 11: base convergido (val_auc=0.6389), iniciando ciclos FGE...
Fold 11: 2 snapshots FGE (val_auc por snapshot: 0.6389, 0.5000)
Cargando features de /home/JKP6679/Patho-Ensemble/PARADIS/datos/features/cptac_brca/features_ctranspath_monai...

Fold 12 (FGE): train=76, val=16, test=20
Fold 12: base convergido (val_auc=0.6667), iniciando ciclos FGE...
Fold 12: 2 snapshots FGE (val_auc por snapshot: 0.6667, 0.6349)
Cargando features de /home/JKP6679/Patho-Ensemble/PARADIS/datos/features/cptac_brca/features_ctranspath_monai...

Fold 13 (FGE): train=75, val=17, test=20
Fold 13: base convergido (val_auc=0.8929), iniciando ciclos FGE...
Fold 13: 2 snapshots FGE (val_auc por snapshot: 0.8929, 0.8929)
Cargando features de /home/JKP6679/Patho-Ensemble/PARADIS/datos/features/cptac_brca/features_ctranspath_monai...

Fold 14 (FGE): train=77, val=14, test=21
Fold 14: base convergido (val_auc=0.6190), iniciando ciclos FGE...
Fold 14: 3 snapshots FGE (val_auc por snapshot: 0.5714, 0.6032, 0.6032)
Cargando features de /home/JKP6679/Patho-Ensemble/PARADIS/datos/features/cptac_brca/features_ctranspath_monai...

Fold 15 (FGE): train=76, val=14, test=22
Fold 15: base convergido (val_auc=0.8571), iniciando ciclos FGE...
Fold 15: 2 snapshots FGE (val_auc por snapshot: 0.7500, 0.5714)
Cargando features de /home/JKP6679/Patho-Ensemble/PARADIS/datos/features/cptac_brca/features_ctranspath_monai...

Fold 16 (FGE): train=77, val=13, test=22
Fold 16: base convergido (val_auc=0.8182), iniciando ciclos FGE...
Fold 16: 2 snapshots FGE (val_auc por snapshot: 0.8182, 0.8000)
Cargando features de /home/JKP6679/Patho-Ensemble/PARADIS/datos/features/cptac_brca/features_ctranspath_monai...

Fold 17 (FGE): train=75, val=16, test=21
Fold 17: base convergido (val_auc=0.8800), iniciando ciclos FGE...
Fold 17: 2 snapshots FGE (val_auc por snapshot: 0.7800, 0.7200)
Cargando features de /home/JKP6679/Patho-Ensemble/PARADIS/datos/features/cptac_brca/features_ctranspath_monai...

Fold 18 (FGE): train=75, val=16, test=21
Fold 18: base convergido (val_auc=0.7857), iniciando ciclos FGE...
Fold 18: 2 snapshots FGE (val_auc por snapshot: 0.6964, 0.6964)
Cargando features de /home/JKP6679/Patho-Ensemble/PARADIS/datos/features/cptac_brca/features_ctranspath_monai...

Fold 19 (FGE): train=73, val=16, test=23
Fold 19: base convergido (val_auc=0.7222), iniciando ciclos FGE...
Fold 19: 2 snapshots FGE (val_auc por snapshot: 0.7222, 0.6667)
Cargando features de /home/JKP6679/Patho-Ensemble/PARADIS/datos/features/cptac_brca/features_ctranspath_monai...

Fold 20 (FGE): train=76, val=15, test=21
Fold 20: base convergido (val_auc=0.8281), iniciando ciclos FGE...
Fold 20: 2 snapshots FGE (val_auc por snapshot: 0.8125, 0.8125)
Cargando features de /home/JKP6679/Patho-Ensemble/PARADIS/datos/features/cptac_brca/features_ctranspath_monai...

Fold 21 (FGE): train=75, val=13, test=24
Fold 21: base convergido (val_auc=0.9074), iniciando ciclos FGE...
Fold 21: 2 snapshots FGE (val_auc por snapshot: 0.8704, 0.8333)
Cargando features de /home/JKP6679/Patho-Ensemble/PARADIS/datos/features/cptac_brca/features_ctranspath_monai...

Fold 22 (FGE): train=74, val=15, test=23
Fold 22: base convergido (val_auc=0.9600), iniciando ciclos FGE...
Fold 22: 2 snapshots FGE (val_auc por snapshot: 0.9400, 0.9200)
Cargando features de /home/JKP6679/Patho-Ensemble/PARADIS/datos/features/cptac_brca/features_ctranspath_monai...

Fold 23 (FGE): train=75, val=15, test=22
Fold 23: base convergido (val_auc=0.7800), iniciando ciclos FGE...
Fold 23: 3 snapshots FGE (val_auc por snapshot: 0.7800, 0.8200, 0.6800)
Cargando features de /home/JKP6679/Patho-Ensemble/PARADIS/datos/features/cptac_brca/features_ctranspath_monai...

Fold 24 (FGE): train=76, val=14, test=22
Fold 24: base convergido (val_auc=0.7833), iniciando ciclos FGE...
Fold 24: 4 snapshots FGE (val_auc por snapshot: 0.7500, 0.7333, 0.7667, 0.7333)
Cargando features de /home/JKP6679/Patho-Ensemble/PARADIS/datos/features/cptac_brca/features_ctranspath_monai...

Fold 25 (FGE): train=77, val=14, test=21
Fold 25: base convergido (val_auc=0.6727), iniciando ciclos FGE...
Fold 25: 2 snapshots FGE (val_auc por snapshot: 0.5636, 0.5455)
Cargando features de /home/JKP6679/Patho-Ensemble/PARADIS/datos/features/cptac_brca/features_ctranspath_monai...

Fold 26 (FGE): train=77, val=13, test=22
Fold 26: base convergido (val_auc=0.9636), iniciando ciclos FGE...
Fold 26: 2 snapshots FGE (val_auc por snapshot: 0.9818, 0.9455)
Cargando features de /home/JKP6679/Patho-Ensemble/PARADIS/datos/features/cptac_brca/features_ctranspath_monai...

Fold 27 (FGE): train=77, val=14, test=21
Fold 27: base convergido (val_auc=0.9167), iniciando ciclos FGE...
Fold 27: 4 snapshots FGE (val_auc por snapshot: 0.8750, 0.8542, 0.9375, 0.8542)
Cargando features de /home/JKP6679/Patho-Ensemble/PARADIS/datos/features/cptac_brca/features_ctranspath_monai...

Fold 28 (FGE): train=79, val=13, test=20
Fold 28: base convergido (val_auc=0.8906), iniciando ciclos FGE...
Fold 28: 2 snapshots FGE (val_auc por snapshot: 0.8750, 0.8281)
Cargando features de /home/JKP6679/Patho-Ensemble/PARADIS/datos/features/cptac_brca/features_ctranspath_monai...

Fold 29 (FGE): train=77, val=13, test=22
Fold 29: base convergido (val_auc=0.9667), iniciando ciclos FGE...
Fold 29: 2 snapshots FGE (val_auc por snapshot: 0.9000, 0.8833)
Cargando features de /home/JKP6679/Patho-Ensemble/PARADIS/datos/features/cptac_brca/features_ctranspath_monai...

Fold 30 (FGE): train=75, val=16, test=21
Fold 30: base convergido (val_auc=0.9259), iniciando ciclos FGE...
Fold 30: 4 snapshots FGE (val_auc por snapshot: 0.9074, 0.8704, 0.9259, 0.9074)
Cargando features de /home/JKP6679/Patho-Ensemble/PARADIS/datos/features/cptac_brca/features_ctranspath_monai...

Fold 31 (FGE): train=77, val=14, test=21
Fold 31: base convergido (val_auc=0.8364), iniciando ciclos FGE...
Fold 31: 3 snapshots FGE (val_auc por snapshot: 0.7636, 0.8000, 0.7818)
Cargando features de /home/JKP6679/Patho-Ensemble/PARADIS/datos/features/cptac_brca/features_ctranspath_monai...

Fold 32 (FGE): train=77, val=14, test=21
Fold 32: base convergido (val_auc=0.9455), iniciando ciclos FGE...
Fold 32: 2 snapshots FGE (val_auc por snapshot: 0.9091, 0.9091)
Cargando features de /home/JKP6679/Patho-Ensemble/PARADIS/datos/features/cptac_brca/features_ctranspath_monai...

Fold 33 (FGE): train=74, val=15, test=23
Fold 33: base convergido (val_auc=0.8333), iniciando ciclos FGE...
Fold 33: 2 snapshots FGE (val_auc por snapshot: 0.6481, 0.6296)
Cargando features de /home/JKP6679/Patho-Ensemble/PARADIS/datos/features/cptac_brca/features_ctranspath_monai...

Fold 34 (FGE): train=75, val=14, test=23
Fold 34: base convergido (val_auc=0.8393), iniciando ciclos FGE...
Fold 34: 2 snapshots FGE (val_auc por snapshot: 0.8036, 0.8036)
Cargando features de /home/JKP6679/Patho-Ensemble/PARADIS/datos/features/cptac_brca/features_ctranspath_monai...

Fold 35 (FGE): train=75, val=15, test=22
Fold 35: base convergido (val_auc=0.9630), iniciando ciclos FGE...
Fold 35: 6 snapshots FGE (val_auc por snapshot: 0.9259, 0.8889, 0.9444, 0.8704, 0.9630, 0.9444)
Cargando features de /home/JKP6679/Patho-Ensemble/PARADIS/datos/features/cptac_brca/features_ctranspath_monai...

Fold 36 (FGE): train=78, val=14, test=20
Fold 36: base convergido (val_auc=0.9048), iniciando ciclos FGE...
Fold 36: 3 snapshots FGE (val_auc por snapshot: 0.8730, 0.8889, 0.8730)
Cargando features de /home/JKP6679/Patho-Ensemble/PARADIS/datos/features/cptac_brca/features_ctranspath_monai...

Fold 37 (FGE): train=75, val=15, test=22
Fold 37: base convergido (val_auc=1.0000), iniciando ciclos FGE...
Fold 37: 2 snapshots FGE (val_auc por snapshot: 0.9464, 0.9107)
Cargando features de /home/JKP6679/Patho-Ensemble/PARADIS/datos/features/cptac_brca/features_ctranspath_monai...

Fold 38 (FGE): train=76, val=14, test=22
Fold 38: base convergido (val_auc=0.8500), iniciando ciclos FGE...
Fold 38: 2 snapshots FGE (val_auc por snapshot: 0.8167, 0.7833)
Cargando features de /home/JKP6679/Patho-Ensemble/PARADIS/datos/features/cptac_brca/features_ctranspath_monai...

Fold 39 (FGE): train=75, val=15, test=22
Fold 39: base convergido (val_auc=0.7963), iniciando ciclos FGE...
Fold 39: 2 snapshots FGE (val_auc por snapshot: 0.7963, 0.7778)
Cargando features de /home/JKP6679/Patho-Ensemble/PARADIS/datos/features/cptac_brca/features_ctranspath_monai...

Fold 40 (FGE): train=77, val=15, test=20
Fold 40: base convergido (val_auc=0.7917), iniciando ciclos FGE...
Fold 40: 2 snapshots FGE (val_auc por snapshot: 0.7917, 0.7500)
Cargando features de /home/JKP6679/Patho-Ensemble/PARADIS/datos/features/cptac_brca/features_ctranspath_monai...

Fold 41 (FGE): train=74, val=16, test=22
Fold 41: base convergido (val_auc=1.0000), iniciando ciclos FGE...
Fold 41: 2 snapshots FGE (val_auc por snapshot: 1.0000, 1.0000)
Cargando features de /home/JKP6679/Patho-Ensemble/PARADIS/datos/features/cptac_brca/features_ctranspath_monai...

Fold 42 (FGE): train=76, val=16, test=20
Fold 42: base convergido (val_auc=0.8542), iniciando ciclos FGE...
Fold 42: 2 snapshots FGE (val_auc por snapshot: 0.7083, 0.6458)
Cargando features de /home/JKP6679/Patho-Ensemble/PARADIS/datos/features/cptac_brca/features_ctranspath_monai...

Fold 43 (FGE): train=77, val=14, test=21
Fold 43: base convergido (val_auc=0.8125), iniciando ciclos FGE...
Fold 43: 3 snapshots FGE (val_auc por snapshot: 0.7708, 0.7917, 0.7083)
Cargando features de /home/JKP6679/Patho-Ensemble/PARADIS/datos/features/cptac_brca/features_ctranspath_monai...

Fold 44 (FGE): train=78, val=14, test=20
Fold 44: base convergido (val_auc=0.9167), iniciando ciclos FGE...
Fold 44: 2 snapshots FGE (val_auc por snapshot: 0.8958, 0.8333)
Cargando features de /home/JKP6679/Patho-Ensemble/PARADIS/datos/features/cptac_brca/features_ctranspath_monai...

Fold 45 (FGE): train=75, val=15, test=22
Fold 45: base convergido (val_auc=0.9444), iniciando ciclos FGE...
Fold 45: 2 snapshots FGE (val_auc por snapshot: 0.8889, 0.8519)
Cargando features de /home/JKP6679/Patho-Ensemble/PARADIS/datos/features/cptac_brca/features_ctranspath_monai...

Fold 46 (FGE): train=77, val=14, test=21
Fold 46: base convergido (val_auc=0.8974), iniciando ciclos FGE...
Fold 46: 6 snapshots FGE (val_auc por snapshot: 0.7949, 0.8205, 0.8462, 0.8462, 0.9231, 0.8718)
Cargando features de /home/JKP6679/Patho-Ensemble/PARADIS/datos/features/cptac_brca/features_ctranspath_monai...

Fold 47 (FGE): train=75, val=13, test=24
Fold 47: base convergido (val_auc=0.9821), iniciando ciclos FGE...
Fold 47: 3 snapshots FGE (val_auc por snapshot: 0.8929, 0.9107, 0.8750)
Cargando features de /home/JKP6679/Patho-Ensemble/PARADIS/datos/features/cptac_brca/features_ctranspath_monai...

Fold 48 (FGE): train=76, val=14, test=22
Fold 48: base convergido (val_auc=0.6000), iniciando ciclos FGE...
Fold 48: 3 snapshots FGE (val_auc por snapshot: 0.5091, 0.5455, 0.5091)
Cargando features de /home/JKP6679/Patho-Ensemble/PARADIS/datos/features/cptac_brca/features_ctranspath_monai...

Fold 49 (FGE): train=77, val=13, test=22
Fold 49: base convergido (val_auc=0.9000), iniciando ciclos FGE...
Fold 49: 2 snapshots FGE (val_auc por snapshot: 0.8333, 0.8333)

Calculando métricas de validación (FGE, promedio de snapshots)...

Calculando métricas de test (FGE, promedio de snapshots)...
✅ Métricas FGE de test completadas (50 folds con datos)

✅ FGE training completed
--- [fge_trio] meta-features: ctranspath --- Sat Aug 22 23:13:34 CEST 2026
  latent_dim auto-detectado: 768  (de features_ctranspath_monai)

============================================================
ABMIL-FGE Test (predicciones sobre train): ctranspath
  Dataset: cptac_brca/TP53_mutation
  Latent dim: 768, Num classes: 2, Folds: 50
  Variante FGE: fge_trio
============================================================

Cargando features de /home/JKP6679/Patho-Ensemble/PARADIS/datos/features/cptac_brca/features_ctranspath_monai...

✅ Predicciones FGE de train generadas para 50/50 folds (0 omitidos por falta de snapshots/datos).

--- [fge_trio] entrenando ciclos: uni_v2 --- Sat Aug 22 23:14:07 CEST 2026
  latent_dim auto-detectado: 1536  (de features_uni_v2)

============================================================
ABMIL-FGE Training: uni_v2
  Dataset: cptac_brca/TP53_mutation
  Latent dim: 1536, Num classes: 2
  Epochs (convergencia): 100, Fold: all
  Schedule: fge  (piecewise-linear, Garipov et al.)
  Ciclos: n_cycles=6, cycle_length=4, lr_1=0.0002, lr_2=2e-05, cycle_patience=2
  Variante: fge_trio  (include_base=False)
============================================================

Cargando features de /home/JKP6679/Patho-Ensemble/PARADIS/datos/features/cptac_brca/features_uni_v2...

Fold 0 (FGE): train=75, val=15, test=22
Fold 0: base convergido (val_auc=0.9815), iniciando ciclos FGE...
Fold 0: 4 snapshots FGE (val_auc por snapshot: 0.9259, 0.8333, 0.9444, 0.9074)
Cargando features de /home/JKP6679/Patho-Ensemble/PARADIS/datos/features/cptac_brca/features_uni_v2...

Fold 1 (FGE): train=76, val=13, test=23
Fold 1: base convergido (val_auc=0.9167), iniciando ciclos FGE...
Fold 1: 2 snapshots FGE (val_auc por snapshot: 0.8542, 0.8125)
Cargando features de /home/JKP6679/Patho-Ensemble/PARADIS/datos/features/cptac_brca/features_uni_v2...

Fold 2 (FGE): train=76, val=16, test=20
Fold 2: base convergido (val_auc=0.7143), iniciando ciclos FGE...
Fold 2: 2 snapshots FGE (val_auc por snapshot: 0.5714, 0.4643)
Cargando features de /home/JKP6679/Patho-Ensemble/PARADIS/datos/features/cptac_brca/features_uni_v2...

Fold 3 (FGE): train=76, val=16, test=20
Fold 3: base convergido (val_auc=0.8571), iniciando ciclos FGE...
Fold 3: 2 snapshots FGE (val_auc por snapshot: 0.8095, 0.7143)
Cargando features de /home/JKP6679/Patho-Ensemble/PARADIS/datos/features/cptac_brca/features_uni_v2...

Fold 4 (FGE): train=77, val=15, test=20
Fold 4: base convergido (val_auc=0.9365), iniciando ciclos FGE...
Fold 4: 2 snapshots FGE (val_auc por snapshot: 0.9206, 0.8889)
Cargando features de /home/JKP6679/Patho-Ensemble/PARADIS/datos/features/cptac_brca/features_uni_v2...

Fold 5 (FGE): train=76, val=15, test=21
Fold 5: base convergido (val_auc=0.7302), iniciando ciclos FGE...
Fold 5: 4 snapshots FGE (val_auc por snapshot: 0.5238, 0.5397, 0.6825, 0.6032)
Cargando features de /home/JKP6679/Patho-Ensemble/PARADIS/datos/features/cptac_brca/features_uni_v2...

Fold 6 (FGE): train=74, val=16, test=22
Fold 6: base convergido (val_auc=0.6800), iniciando ciclos FGE...
Fold 6: 2 snapshots FGE (val_auc por snapshot: 0.6800, 0.6600)
Cargando features de /home/JKP6679/Patho-Ensemble/PARADIS/datos/features/cptac_brca/features_uni_v2...

Fold 7 (FGE): train=78, val=13, test=21
Fold 7: base convergido (val_auc=0.8906), iniciando ciclos FGE...
Fold 7: 3 snapshots FGE (val_auc por snapshot: 0.8281, 0.8594, 0.8438)
Cargando features de /home/JKP6679/Patho-Ensemble/PARADIS/datos/features/cptac_brca/features_uni_v2...

Fold 8 (FGE): train=77, val=14, test=21
Fold 8: base convergido (val_auc=0.8727), iniciando ciclos FGE...
Fold 8: 2 snapshots FGE (val_auc por snapshot: 0.8000, 0.8000)
Cargando features de /home/JKP6679/Patho-Ensemble/PARADIS/datos/features/cptac_brca/features_uni_v2...

Fold 9 (FGE): train=77, val=14, test=21
Fold 9: base convergido (val_auc=0.8413), iniciando ciclos FGE...
Fold 9: 3 snapshots FGE (val_auc por snapshot: 0.7619, 0.7778, 0.7143)
Cargando features de /home/JKP6679/Patho-Ensemble/PARADIS/datos/features/cptac_brca/features_uni_v2...

Fold 10 (FGE): train=75, val=16, test=21
Fold 10: base convergido (val_auc=0.8704), iniciando ciclos FGE...
Fold 10: 2 snapshots FGE (val_auc por snapshot: 0.8148, 0.7963)
Cargando features de /home/JKP6679/Patho-Ensemble/PARADIS/datos/features/cptac_brca/features_uni_v2...

Fold 11 (FGE): train=74, val=15, test=23
Fold 11: base convergido (val_auc=0.5833), iniciando ciclos FGE...
Fold 11: 4 snapshots FGE (val_auc por snapshot: 0.4444, 0.4167, 0.4722, 0.4444)
Cargando features de /home/JKP6679/Patho-Ensemble/PARADIS/datos/features/cptac_brca/features_uni_v2...

Fold 12 (FGE): train=76, val=16, test=20
Fold 12: base convergido (val_auc=0.6508), iniciando ciclos FGE...
Fold 12: 2 snapshots FGE (val_auc por snapshot: 0.6190, 0.5873)
Cargando features de /home/JKP6679/Patho-Ensemble/PARADIS/datos/features/cptac_brca/features_uni_v2...

Fold 13 (FGE): train=75, val=17, test=20
Fold 13: base convergido (val_auc=0.8929), iniciando ciclos FGE...
Fold 13: 2 snapshots FGE (val_auc por snapshot: 0.8750, 0.8750)
Cargando features de /home/JKP6679/Patho-Ensemble/PARADIS/datos/features/cptac_brca/features_uni_v2...

Fold 14 (FGE): train=77, val=14, test=21
Fold 14: base convergido (val_auc=0.5556), iniciando ciclos FGE...
Fold 14: 2 snapshots FGE (val_auc por snapshot: 0.5556, 0.5556)
Cargando features de /home/JKP6679/Patho-Ensemble/PARADIS/datos/features/cptac_brca/features_uni_v2...

Fold 15 (FGE): train=76, val=14, test=22
Fold 15: base convergido (val_auc=0.7143), iniciando ciclos FGE...
Fold 15: 2 snapshots FGE (val_auc por snapshot: 0.6786, 0.6071)
Cargando features de /home/JKP6679/Patho-Ensemble/PARADIS/datos/features/cptac_brca/features_uni_v2...

Fold 16 (FGE): train=77, val=13, test=22
Fold 16: base convergido (val_auc=0.8000), iniciando ciclos FGE...
Fold 16: 2 snapshots FGE (val_auc por snapshot: 0.8000, 0.7818)
Cargando features de /home/JKP6679/Patho-Ensemble/PARADIS/datos/features/cptac_brca/features_uni_v2...

Fold 17 (FGE): train=75, val=16, test=21
Fold 17: base convergido (val_auc=0.8800), iniciando ciclos FGE...
Fold 17: 2 snapshots FGE (val_auc por snapshot: 0.9000, 0.8800)
Cargando features de /home/JKP6679/Patho-Ensemble/PARADIS/datos/features/cptac_brca/features_uni_v2...

Fold 18 (FGE): train=75, val=16, test=21
Fold 18: base convergido (val_auc=0.6964), iniciando ciclos FGE...
Fold 18: 2 snapshots FGE (val_auc por snapshot: 0.6250, 0.5893)
Cargando features de /home/JKP6679/Patho-Ensemble/PARADIS/datos/features/cptac_brca/features_uni_v2...

Fold 19 (FGE): train=73, val=16, test=23
Fold 19: base convergido (val_auc=0.7222), iniciando ciclos FGE...
Fold 19: 4 snapshots FGE (val_auc por snapshot: 0.6296, 0.5926, 0.6481, 0.5741)
Cargando features de /home/JKP6679/Patho-Ensemble/PARADIS/datos/features/cptac_brca/features_uni_v2...

Fold 20 (FGE): train=76, val=15, test=21
Fold 20: base convergido (val_auc=0.8281), iniciando ciclos FGE...
Fold 20: 2 snapshots FGE (val_auc por snapshot: 0.7812, 0.7344)
Cargando features de /home/JKP6679/Patho-Ensemble/PARADIS/datos/features/cptac_brca/features_uni_v2...

Fold 21 (FGE): train=75, val=13, test=24
Fold 21: base convergido (val_auc=0.6667), iniciando ciclos FGE...
Fold 21: 3 snapshots FGE (val_auc por snapshot: 0.4815, 0.6667, 0.5926)
Cargando features de /home/JKP6679/Patho-Ensemble/PARADIS/datos/features/cptac_brca/features_uni_v2...

Fold 22 (FGE): train=74, val=15, test=23
Fold 22: base convergido (val_auc=0.9200), iniciando ciclos FGE...
Fold 22: 2 snapshots FGE (val_auc por snapshot: 0.9200, 0.9200)
Cargando features de /home/JKP6679/Patho-Ensemble/PARADIS/datos/features/cptac_brca/features_uni_v2...

Fold 23 (FGE): train=75, val=15, test=22
Fold 23: base convergido (val_auc=0.6800), iniciando ciclos FGE...
Fold 23: 4 snapshots FGE (val_auc por snapshot: 0.6000, 0.5400, 0.6800, 0.6000)
Cargando features de /home/JKP6679/Patho-Ensemble/PARADIS/datos/features/cptac_brca/features_uni_v2...

Fold 24 (FGE): train=76, val=14, test=22
Fold 24: base convergido (val_auc=0.7333), iniciando ciclos FGE...
Fold 24: 3 snapshots FGE (val_auc por snapshot: 0.6167, 0.6500, 0.5833)
Cargando features de /home/JKP6679/Patho-Ensemble/PARADIS/datos/features/cptac_brca/features_uni_v2...

Fold 25 (FGE): train=77, val=14, test=21
Fold 25: base convergido (val_auc=0.6000), iniciando ciclos FGE...
Fold 25: 2 snapshots FGE (val_auc por snapshot: 0.4000, 0.3273)
Cargando features de /home/JKP6679/Patho-Ensemble/PARADIS/datos/features/cptac_brca/features_uni_v2...

Fold 26 (FGE): train=77, val=13, test=22
Fold 26: base convergido (val_auc=0.9818), iniciando ciclos FGE...
Fold 26: 2 snapshots FGE (val_auc por snapshot: 0.9818, 0.9818)
Cargando features de /home/JKP6679/Patho-Ensemble/PARADIS/datos/features/cptac_brca/features_uni_v2...

Fold 27 (FGE): train=77, val=14, test=21
Fold 27: base convergido (val_auc=0.8542), iniciando ciclos FGE...
Fold 27: 2 snapshots FGE (val_auc por snapshot: 0.8125, 0.7917)
Cargando features de /home/JKP6679/Patho-Ensemble/PARADIS/datos/features/cptac_brca/features_uni_v2...

Fold 28 (FGE): train=79, val=13, test=20
Fold 28: base convergido (val_auc=0.8281), iniciando ciclos FGE...
Fold 28: 2 snapshots FGE (val_auc por snapshot: 0.8281, 0.8125)
Cargando features de /home/JKP6679/Patho-Ensemble/PARADIS/datos/features/cptac_brca/features_uni_v2...

Fold 29 (FGE): train=77, val=13, test=22
Fold 29: base convergido (val_auc=0.9667), iniciando ciclos FGE...
Fold 29: 2 snapshots FGE (val_auc por snapshot: 0.9000, 0.8833)
Cargando features de /home/JKP6679/Patho-Ensemble/PARADIS/datos/features/cptac_brca/features_uni_v2...

Fold 30 (FGE): train=75, val=16, test=21
Fold 30: base convergido (val_auc=0.7593), iniciando ciclos FGE...
Fold 30: 2 snapshots FGE (val_auc por snapshot: 0.7037, 0.6667)
Cargando features de /home/JKP6679/Patho-Ensemble/PARADIS/datos/features/cptac_brca/features_uni_v2...

Fold 31 (FGE): train=77, val=14, test=21
Fold 31: base convergido (val_auc=0.7636), iniciando ciclos FGE...
Fold 31: 4 snapshots FGE (val_auc por snapshot: 0.6364, 0.5636, 0.7455, 0.6545)
Cargando features de /home/JKP6679/Patho-Ensemble/PARADIS/datos/features/cptac_brca/features_uni_v2...

Fold 32 (FGE): train=77, val=14, test=21
Fold 32: base convergido (val_auc=0.9091), iniciando ciclos FGE...
Fold 32: 2 snapshots FGE (val_auc por snapshot: 0.8545, 0.7636)
Cargando features de /home/JKP6679/Patho-Ensemble/PARADIS/datos/features/cptac_brca/features_uni_v2...

Fold 33 (FGE): train=74, val=15, test=23
Fold 33: base convergido (val_auc=0.9074), iniciando ciclos FGE...
Fold 33: 2 snapshots FGE (val_auc por snapshot: 0.8889, 0.7407)
Cargando features de /home/JKP6679/Patho-Ensemble/PARADIS/datos/features/cptac_brca/features_uni_v2...

Fold 34 (FGE): train=75, val=14, test=23
Fold 34: base convergido (val_auc=0.8929), iniciando ciclos FGE...
Fold 34: 2 snapshots FGE (val_auc por snapshot: 0.8571, 0.8036)
Cargando features de /home/JKP6679/Patho-Ensemble/PARADIS/datos/features/cptac_brca/features_uni_v2...

Fold 35 (FGE): train=75, val=15, test=22
Fold 35: base convergido (val_auc=0.9444), iniciando ciclos FGE...
Fold 35: 2 snapshots FGE (val_auc por snapshot: 0.9074, 0.8704)
Cargando features de /home/JKP6679/Patho-Ensemble/PARADIS/datos/features/cptac_brca/features_uni_v2...

Fold 36 (FGE): train=78, val=14, test=20
Fold 36: base convergido (val_auc=1.0000), iniciando ciclos FGE...
Fold 36: 2 snapshots FGE (val_auc por snapshot: 0.9524, 0.8889)
Cargando features de /home/JKP6679/Patho-Ensemble/PARADIS/datos/features/cptac_brca/features_uni_v2...

Fold 37 (FGE): train=75, val=15, test=22
Fold 37: base convergido (val_auc=0.9286), iniciando ciclos FGE...
Fold 37: 2 snapshots FGE (val_auc por snapshot: 0.8929, 0.8750)
Cargando features de /home/JKP6679/Patho-Ensemble/PARADIS/datos/features/cptac_brca/features_uni_v2...

Fold 38 (FGE): train=76, val=14, test=22
Fold 38: base convergido (val_auc=0.8667), iniciando ciclos FGE...
Fold 38: 6 snapshots FGE (val_auc por snapshot: 0.8000, 0.8000, 0.8167, 0.8167, 0.8333, 0.8000)
Cargando features de /home/JKP6679/Patho-Ensemble/PARADIS/datos/features/cptac_brca/features_uni_v2...

Fold 39 (FGE): train=75, val=15, test=22
Fold 39: base convergido (val_auc=0.7037), iniciando ciclos FGE...
Fold 39: 2 snapshots FGE (val_auc por snapshot: 0.6852, 0.5556)
Cargando features de /home/JKP6679/Patho-Ensemble/PARADIS/datos/features/cptac_brca/features_uni_v2...

Fold 40 (FGE): train=77, val=15, test=20
Fold 40: base convergido (val_auc=0.8333), iniciando ciclos FGE...
Fold 40: 2 snapshots FGE (val_auc por snapshot: 0.8125, 0.7917)
Cargando features de /home/JKP6679/Patho-Ensemble/PARADIS/datos/features/cptac_brca/features_uni_v2...

Fold 41 (FGE): train=74, val=16, test=22
Fold 41: base convergido (val_auc=1.0000), iniciando ciclos FGE...
Fold 41: 2 snapshots FGE (val_auc por snapshot: 1.0000, 1.0000)
Cargando features de /home/JKP6679/Patho-Ensemble/PARADIS/datos/features/cptac_brca/features_uni_v2...

Fold 42 (FGE): train=76, val=16, test=20
Fold 42: base convergido (val_auc=0.6458), iniciando ciclos FGE...
Fold 42: 3 snapshots FGE (val_auc por snapshot: 0.5417, 0.5625, 0.4583)
Cargando features de /home/JKP6679/Patho-Ensemble/PARADIS/datos/features/cptac_brca/features_uni_v2...

Fold 43 (FGE): train=77, val=14, test=21
Fold 43: base convergido (val_auc=0.7708), iniciando ciclos FGE...
Fold 43: 2 snapshots FGE (val_auc por snapshot: 0.6875, 0.6458)
Cargando features de /home/JKP6679/Patho-Ensemble/PARADIS/datos/features/cptac_brca/features_uni_v2...

Fold 44 (FGE): train=78, val=14, test=20
Fold 44: base convergido (val_auc=0.8542), iniciando ciclos FGE...
Fold 44: 2 snapshots FGE (val_auc por snapshot: 0.7708, 0.7292)
Cargando features de /home/JKP6679/Patho-Ensemble/PARADIS/datos/features/cptac_brca/features_uni_v2...

Fold 45 (FGE): train=75, val=15, test=22
Fold 45: base convergido (val_auc=0.8704), iniciando ciclos FGE...
Fold 45: 2 snapshots FGE (val_auc por snapshot: 0.8704, 0.8519)
Cargando features de /home/JKP6679/Patho-Ensemble/PARADIS/datos/features/cptac_brca/features_uni_v2...

Fold 46 (FGE): train=77, val=14, test=21
Fold 46: base convergido (val_auc=0.8718), iniciando ciclos FGE...
Fold 46: 3 snapshots FGE (val_auc por snapshot: 0.8462, 0.8462, 0.8462)
Cargando features de /home/JKP6679/Patho-Ensemble/PARADIS/datos/features/cptac_brca/features_uni_v2...

Fold 47 (FGE): train=75, val=13, test=24
Fold 47: base convergido (val_auc=0.9107), iniciando ciclos FGE...
Fold 47: 2 snapshots FGE (val_auc por snapshot: 0.9107, 0.8571)
Cargando features de /home/JKP6679/Patho-Ensemble/PARADIS/datos/features/cptac_brca/features_uni_v2...

Fold 48 (FGE): train=76, val=14, test=22
Fold 48: base convergido (val_auc=0.6909), iniciando ciclos FGE...
Fold 48: 3 snapshots FGE (val_auc por snapshot: 0.6000, 0.6545, 0.6000)
Cargando features de /home/JKP6679/Patho-Ensemble/PARADIS/datos/features/cptac_brca/features_uni_v2...

Fold 49 (FGE): train=77, val=13, test=22
Fold 49: base convergido (val_auc=0.8333), iniciando ciclos FGE...
Fold 49: 6 snapshots FGE (val_auc por snapshot: 0.7167, 0.7333, 0.7667, 0.7500, 0.7833, 0.8000)

Calculando métricas de validación (FGE, promedio de snapshots)...

Calculando métricas de test (FGE, promedio de snapshots)...
✅ Métricas FGE de test completadas (50 folds con datos)

✅ FGE training completed
--- [fge_trio] meta-features: uni_v2 --- Sat Aug 22 23:36:53 CEST 2026
  latent_dim auto-detectado: 1536  (de features_uni_v2)

============================================================
ABMIL-FGE Test (predicciones sobre train): uni_v2
  Dataset: cptac_brca/TP53_mutation
  Latent dim: 1536, Num classes: 2, Folds: 50
  Variante FGE: fge_trio
============================================================

Cargando features de /home/JKP6679/Patho-Ensemble/PARADIS/datos/features/cptac_brca/features_uni_v2...

✅ Predicciones FGE de train generadas para 50/50 folds (0 omitidos por falta de snapshots/datos).

--- [fge_trio] entrenando ciclos: conch_v1_5 --- Sat Aug 22 23:38:33 CEST 2026
  latent_dim auto-detectado: 768  (de features_conch_v1_5_monai)

============================================================
ABMIL-FGE Training: conch_v1_5
  Dataset: cptac_brca/TP53_mutation
  Latent dim: 768, Num classes: 2
  Epochs (convergencia): 100, Fold: all
  Schedule: fge  (piecewise-linear, Garipov et al.)
  Ciclos: n_cycles=6, cycle_length=4, lr_1=0.0002, lr_2=2e-05, cycle_patience=2
  Variante: fge_trio  (include_base=False)
============================================================

Cargando features de /home/JKP6679/Patho-Ensemble/PARADIS/datos/features/cptac_brca/features_conch_v1_5_monai...

Fold 0 (FGE): train=75, val=15, test=22
Fold 0: base convergido (val_auc=0.9815), iniciando ciclos FGE...
Fold 0: 2 snapshots FGE (val_auc por snapshot: 0.9444, 0.9444)
Cargando features de /home/JKP6679/Patho-Ensemble/PARADIS/datos/features/cptac_brca/features_conch_v1_5_monai...

Fold 1 (FGE): train=76, val=13, test=23
Fold 1: base convergido (val_auc=0.9167), iniciando ciclos FGE...
Fold 1: 2 snapshots FGE (val_auc por snapshot: 0.8958, 0.7292)
Cargando features de /home/JKP6679/Patho-Ensemble/PARADIS/datos/features/cptac_brca/features_conch_v1_5_monai...

Fold 2 (FGE): train=76, val=16, test=20
Fold 2: base convergido (val_auc=1.0000), iniciando ciclos FGE...
Fold 2: 2 snapshots FGE (val_auc por snapshot: 0.9286, 0.8571)
Cargando features de /home/JKP6679/Patho-Ensemble/PARADIS/datos/features/cptac_brca/features_conch_v1_5_monai...

Fold 3 (FGE): train=76, val=16, test=20
Fold 3: base convergido (val_auc=0.8889), iniciando ciclos FGE...
Fold 3: 2 snapshots FGE (val_auc por snapshot: 0.8571, 0.7937)
Cargando features de /home/JKP6679/Patho-Ensemble/PARADIS/datos/features/cptac_brca/features_conch_v1_5_monai...

Fold 4 (FGE): train=77, val=15, test=20
Fold 4: base convergido (val_auc=0.9365), iniciando ciclos FGE...
Fold 4: 2 snapshots FGE (val_auc por snapshot: 0.9365, 0.9206)
Cargando features de /home/JKP6679/Patho-Ensemble/PARADIS/datos/features/cptac_brca/features_conch_v1_5_monai...

Fold 5 (FGE): train=76, val=15, test=21
Fold 5: base convergido (val_auc=0.7937), iniciando ciclos FGE...
Fold 5: 3 snapshots FGE (val_auc por snapshot: 0.7143, 0.7302, 0.7143)
Cargando features de /home/JKP6679/Patho-Ensemble/PARADIS/datos/features/cptac_brca/features_conch_v1_5_monai...

Fold 6 (FGE): train=74, val=16, test=22
Fold 6: base convergido (val_auc=0.8800), iniciando ciclos FGE...
Fold 6: 2 snapshots FGE (val_auc por snapshot: 0.7800, 0.7000)
Cargando features de /home/JKP6679/Patho-Ensemble/PARADIS/datos/features/cptac_brca/features_conch_v1_5_monai...

Fold 7 (FGE): train=78, val=13, test=21
Fold 7: base convergido (val_auc=1.0000), iniciando ciclos FGE...
Fold 7: 2 snapshots FGE (val_auc por snapshot: 1.0000, 1.0000)
Cargando features de /home/JKP6679/Patho-Ensemble/PARADIS/datos/features/cptac_brca/features_conch_v1_5_monai...

Fold 8 (FGE): train=77, val=14, test=21
Fold 8: base convergido (val_auc=0.9636), iniciando ciclos FGE...
Fold 8: 3 snapshots FGE (val_auc por snapshot: 0.8545, 0.9273, 0.9273)
Cargando features de /home/JKP6679/Patho-Ensemble/PARADIS/datos/features/cptac_brca/features_conch_v1_5_monai...

Fold 9 (FGE): train=77, val=14, test=21
Fold 9: base convergido (val_auc=0.9365), iniciando ciclos FGE...
Fold 9: 3 snapshots FGE (val_auc por snapshot: 0.8730, 0.8889, 0.7619)
Cargando features de /home/JKP6679/Patho-Ensemble/PARADIS/datos/features/cptac_brca/features_conch_v1_5_monai...

Fold 10 (FGE): train=75, val=16, test=21
Fold 10: base convergido (val_auc=0.8704), iniciando ciclos FGE...
Fold 10: 2 snapshots FGE (val_auc por snapshot: 0.7778, 0.7593)
Cargando features de /home/JKP6679/Patho-Ensemble/PARADIS/datos/features/cptac_brca/features_conch_v1_5_monai...

Fold 11 (FGE): train=74, val=15, test=23
Fold 11: base convergido (val_auc=0.8056), iniciando ciclos FGE...
Fold 11: 4 snapshots FGE (val_auc por snapshot: 0.5556, 0.6389, 0.6944, 0.6944)
Cargando features de /home/JKP6679/Patho-Ensemble/PARADIS/datos/features/cptac_brca/features_conch_v1_5_monai...

Fold 12 (FGE): train=76, val=16, test=20
Fold 12: base convergido (val_auc=0.7460), iniciando ciclos FGE...
Fold 12: 2 snapshots FGE (val_auc por snapshot: 0.7460, 0.6825)
Cargando features de /home/JKP6679/Patho-Ensemble/PARADIS/datos/features/cptac_brca/features_conch_v1_5_monai...

Fold 13 (FGE): train=75, val=17, test=20
Fold 13: base convergido (val_auc=0.9464), iniciando ciclos FGE...
Fold 13: 3 snapshots FGE (val_auc por snapshot: 0.8750, 0.9107, 0.9107)
Cargando features de /home/JKP6679/Patho-Ensemble/PARADIS/datos/features/cptac_brca/features_conch_v1_5_monai...

Fold 14 (FGE): train=77, val=14, test=21
Fold 14: base convergido (val_auc=0.7143), iniciando ciclos FGE...
Fold 14: 2 snapshots FGE (val_auc por snapshot: 0.6667, 0.6190)
Cargando features de /home/JKP6679/Patho-Ensemble/PARADIS/datos/features/cptac_brca/features_conch_v1_5_monai...

Fold 15 (FGE): train=76, val=14, test=22
Fold 15: base convergido (val_auc=0.8571), iniciando ciclos FGE...
Fold 15: 2 snapshots FGE (val_auc por snapshot: 0.7500, 0.6071)
Cargando features de /home/JKP6679/Patho-Ensemble/PARADIS/datos/features/cptac_brca/features_conch_v1_5_monai...

Fold 16 (FGE): train=77, val=13, test=22
Fold 16: base convergido (val_auc=0.8000), iniciando ciclos FGE...
Fold 16: 2 snapshots FGE (val_auc por snapshot: 0.7636, 0.7636)
Cargando features de /home/JKP6679/Patho-Ensemble/PARADIS/datos/features/cptac_brca/features_conch_v1_5_monai...

Fold 17 (FGE): train=75, val=16, test=21
Fold 17: base convergido (val_auc=0.9000), iniciando ciclos FGE...
Fold 17: 3 snapshots FGE (val_auc por snapshot: 0.8000, 0.8200, 0.7200)
Cargando features de /home/JKP6679/Patho-Ensemble/PARADIS/datos/features/cptac_brca/features_conch_v1_5_monai...

Fold 18 (FGE): train=75, val=16, test=21
Fold 18: base convergido (val_auc=0.6250), iniciando ciclos FGE...
Fold 18: 2 snapshots FGE (val_auc por snapshot: 0.5893, 0.5357)
Cargando features de /home/JKP6679/Patho-Ensemble/PARADIS/datos/features/cptac_brca/features_conch_v1_5_monai...

Fold 19 (FGE): train=73, val=16, test=23
Fold 19: base convergido (val_auc=0.9259), iniciando ciclos FGE...
Fold 19: 3 snapshots FGE (val_auc por snapshot: 0.8704, 0.9630, 0.9444)
Cargando features de /home/JKP6679/Patho-Ensemble/PARADIS/datos/features/cptac_brca/features_conch_v1_5_monai...

Fold 20 (FGE): train=76, val=15, test=21
Fold 20: base convergido (val_auc=0.8750), iniciando ciclos FGE...
Fold 20: 2 snapshots FGE (val_auc por snapshot: 0.8125, 0.7812)
Cargando features de /home/JKP6679/Patho-Ensemble/PARADIS/datos/features/cptac_brca/features_conch_v1_5_monai...

Fold 21 (FGE): train=75, val=13, test=24
Fold 21: base convergido (val_auc=0.7963), iniciando ciclos FGE...
Fold 21: 5 snapshots FGE (val_auc por snapshot: 0.6852, 0.7037, 0.6852, 0.7222, 0.7222)
Cargando features de /home/JKP6679/Patho-Ensemble/PARADIS/datos/features/cptac_brca/features_conch_v1_5_monai...

Fold 22 (FGE): train=74, val=15, test=23
Fold 22: base convergido (val_auc=0.9200), iniciando ciclos FGE...
Fold 22: 5 snapshots FGE (val_auc por snapshot: 0.8800, 0.8800, 0.8800, 0.9000, 0.8800)
Cargando features de /home/JKP6679/Patho-Ensemble/PARADIS/datos/features/cptac_brca/features_conch_v1_5_monai...

Fold 23 (FGE): train=75, val=15, test=22
Fold 23: base convergido (val_auc=1.0000), iniciando ciclos FGE...
Fold 23: 4 snapshots FGE (val_auc por snapshot: 0.9800, 0.9800, 1.0000, 1.0000)
Cargando features de /home/JKP6679/Patho-Ensemble/PARADIS/datos/features/cptac_brca/features_conch_v1_5_monai...

Fold 24 (FGE): train=76, val=14, test=22
Fold 24: base convergido (val_auc=0.7833), iniciando ciclos FGE...
Fold 24: 3 snapshots FGE (val_auc por snapshot: 0.6833, 0.7833, 0.7000)
Cargando features de /home/JKP6679/Patho-Ensemble/PARADIS/datos/features/cptac_brca/features_conch_v1_5_monai...

Fold 25 (FGE): train=77, val=14, test=21
Fold 25: base convergido (val_auc=0.6727), iniciando ciclos FGE...
Fold 25: 4 snapshots FGE (val_auc por snapshot: 0.5636, 0.5636, 0.6000, 0.6000)
Cargando features de /home/JKP6679/Patho-Ensemble/PARADIS/datos/features/cptac_brca/features_conch_v1_5_monai...

Fold 26 (FGE): train=77, val=13, test=22
Fold 26: base convergido (val_auc=0.9091), iniciando ciclos FGE...
Fold 26: 2 snapshots FGE (val_auc por snapshot: 0.8727, 0.8727)
Cargando features de /home/JKP6679/Patho-Ensemble/PARADIS/datos/features/cptac_brca/features_conch_v1_5_monai...

Fold 27 (FGE): train=77, val=14, test=21
Fold 27: base convergido (val_auc=0.7083), iniciando ciclos FGE...
Fold 27: 3 snapshots FGE (val_auc por snapshot: 0.6667, 0.7500, 0.7083)
Cargando features de /home/JKP6679/Patho-Ensemble/PARADIS/datos/features/cptac_brca/features_conch_v1_5_monai...

Fold 28 (FGE): train=79, val=13, test=20
Fold 28: base convergido (val_auc=0.8281), iniciando ciclos FGE...
Fold 28: 2 snapshots FGE (val_auc por snapshot: 0.7969, 0.7969)
Cargando features de /home/JKP6679/Patho-Ensemble/PARADIS/datos/features/cptac_brca/features_conch_v1_5_monai...

Fold 29 (FGE): train=77, val=13, test=22
Fold 29: base convergido (val_auc=0.9833), iniciando ciclos FGE...
Fold 29: 3 snapshots FGE (val_auc por snapshot: 0.9833, 1.0000, 0.9833)
Cargando features de /home/JKP6679/Patho-Ensemble/PARADIS/datos/features/cptac_brca/features_conch_v1_5_monai...

Fold 30 (FGE): train=75, val=16, test=21
Fold 30: base convergido (val_auc=0.8704), iniciando ciclos FGE...
Fold 30: 2 snapshots FGE (val_auc por snapshot: 0.7963, 0.7407)
Cargando features de /home/JKP6679/Patho-Ensemble/PARADIS/datos/features/cptac_brca/features_conch_v1_5_monai...

Fold 31 (FGE): train=77, val=14, test=21
Fold 31: base convergido (val_auc=0.7636), iniciando ciclos FGE...
Fold 31: 2 snapshots FGE (val_auc por snapshot: 0.7091, 0.7091)
Cargando features de /home/JKP6679/Patho-Ensemble/PARADIS/datos/features/cptac_brca/features_conch_v1_5_monai...

Fold 32 (FGE): train=77, val=14, test=21
Fold 32: base convergido (val_auc=0.9091), iniciando ciclos FGE...
Fold 32: 2 snapshots FGE (val_auc por snapshot: 0.9273, 0.8909)
Cargando features de /home/JKP6679/Patho-Ensemble/PARADIS/datos/features/cptac_brca/features_conch_v1_5_monai...

Fold 33 (FGE): train=74, val=15, test=23
Fold 33: base convergido (val_auc=1.0000), iniciando ciclos FGE...
Fold 33: 2 snapshots FGE (val_auc por snapshot: 1.0000, 0.9815)
Cargando features de /home/JKP6679/Patho-Ensemble/PARADIS/datos/features/cptac_brca/features_conch_v1_5_monai...

Fold 34 (FGE): train=75, val=14, test=23
Fold 34: base convergido (val_auc=0.9464), iniciando ciclos FGE...
Fold 34: 3 snapshots FGE (val_auc por snapshot: 0.8393, 0.9643, 0.9643)
Cargando features de /home/JKP6679/Patho-Ensemble/PARADIS/datos/features/cptac_brca/features_conch_v1_5_monai...

Fold 35 (FGE): train=75, val=15, test=22
Fold 35: base convergido (val_auc=1.0000), iniciando ciclos FGE...
Fold 35: 2 snapshots FGE (val_auc por snapshot: 0.9815, 0.9630)
Cargando features de /home/JKP6679/Patho-Ensemble/PARADIS/datos/features/cptac_brca/features_conch_v1_5_monai...

Fold 36 (FGE): train=78, val=14, test=20
Fold 36: base convergido (val_auc=1.0000), iniciando ciclos FGE...
Fold 36: 2 snapshots FGE (val_auc por snapshot: 1.0000, 1.0000)
Cargando features de /home/JKP6679/Patho-Ensemble/PARADIS/datos/features/cptac_brca/features_conch_v1_5_monai...

Fold 37 (FGE): train=75, val=15, test=22
Fold 37: base convergido (val_auc=0.9107), iniciando ciclos FGE...
Fold 37: 6 snapshots FGE (val_auc por snapshot: 0.8750, 0.9286, 0.9464, 0.9107, 0.9643, 0.9464)
Cargando features de /home/JKP6679/Patho-Ensemble/PARADIS/datos/features/cptac_brca/features_conch_v1_5_monai...

Fold 38 (FGE): train=76, val=14, test=22
Fold 38: base convergido (val_auc=0.8667), iniciando ciclos FGE...
Fold 38: 2 snapshots FGE (val_auc por snapshot: 0.8167, 0.8167)
Cargando features de /home/JKP6679/Patho-Ensemble/PARADIS/datos/features/cptac_brca/features_conch_v1_5_monai...

Fold 39 (FGE): train=75, val=15, test=22
Fold 39: base convergido (val_auc=0.8148), iniciando ciclos FGE...
Fold 39: 2 snapshots FGE (val_auc por snapshot: 0.8333, 0.8333)
Cargando features de /home/JKP6679/Patho-Ensemble/PARADIS/datos/features/cptac_brca/features_conch_v1_5_monai...

Fold 40 (FGE): train=77, val=15, test=20
Fold 40: base convergido (val_auc=0.8125), iniciando ciclos FGE...
Fold 40: 3 snapshots FGE (val_auc por snapshot: 0.7708, 0.7708, 0.7500)
Cargando features de /home/JKP6679/Patho-Ensemble/PARADIS/datos/features/cptac_brca/features_conch_v1_5_monai...

Fold 41 (FGE): train=74, val=16, test=22
Fold 41: base convergido (val_auc=1.0000), iniciando ciclos FGE...
Fold 41: 2 snapshots FGE (val_auc por snapshot: 1.0000, 1.0000)
Cargando features de /home/JKP6679/Patho-Ensemble/PARADIS/datos/features/cptac_brca/features_conch_v1_5_monai...

Fold 42 (FGE): train=76, val=16, test=20
Fold 42: base convergido (val_auc=0.8542), iniciando ciclos FGE...
Fold 42: 3 snapshots FGE (val_auc por snapshot: 0.6875, 0.7917, 0.6667)
Cargando features de /home/JKP6679/Patho-Ensemble/PARADIS/datos/features/cptac_brca/features_conch_v1_5_monai...

Fold 43 (FGE): train=77, val=14, test=21
Fold 43: base convergido (val_auc=0.8333), iniciando ciclos FGE...
Fold 43: 2 snapshots FGE (val_auc por snapshot: 0.7708, 0.6875)
Cargando features de /home/JKP6679/Patho-Ensemble/PARADIS/datos/features/cptac_brca/features_conch_v1_5_monai...

Fold 44 (FGE): train=78, val=14, test=20
Fold 44: base convergido (val_auc=0.9375), iniciando ciclos FGE...
Fold 44: 4 snapshots FGE (val_auc por snapshot: 0.8958, 0.9375, 0.9792, 0.9167)
Cargando features de /home/JKP6679/Patho-Ensemble/PARADIS/datos/features/cptac_brca/features_conch_v1_5_monai...

Fold 45 (FGE): train=75, val=15, test=22
Fold 45: base convergido (val_auc=0.8519), iniciando ciclos FGE...
Fold 45: 2 snapshots FGE (val_auc por snapshot: 0.8519, 0.7778)
Cargando features de /home/JKP6679/Patho-Ensemble/PARADIS/datos/features/cptac_brca/features_conch_v1_5_monai...

Fold 46 (FGE): train=77, val=14, test=21
Fold 46: base convergido (val_auc=0.9744), iniciando ciclos FGE...
Fold 46: 4 snapshots FGE (val_auc por snapshot: 0.9744, 0.9744, 1.0000, 0.9744)
Cargando features de /home/JKP6679/Patho-Ensemble/PARADIS/datos/features/cptac_brca/features_conch_v1_5_monai...

Fold 47 (FGE): train=75, val=13, test=24
Fold 47: base convergido (val_auc=0.9643), iniciando ciclos FGE...
Fold 47: 2 snapshots FGE (val_auc por snapshot: 0.9464, 0.8571)
Cargando features de /home/JKP6679/Patho-Ensemble/PARADIS/datos/features/cptac_brca/features_conch_v1_5_monai...

Fold 48 (FGE): train=76, val=14, test=22
Fold 48: base convergido (val_auc=0.7273), iniciando ciclos FGE...
Fold 48: 3 snapshots FGE (val_auc por snapshot: 0.5818, 0.6727, 0.6182)
Cargando features de /home/JKP6679/Patho-Ensemble/PARADIS/datos/features/cptac_brca/features_conch_v1_5_monai...

Fold 49 (FGE): train=77, val=13, test=22
Fold 49: base convergido (val_auc=0.9000), iniciando ciclos FGE...
Fold 49: 4 snapshots FGE (val_auc por snapshot: 0.8500, 0.8833, 0.9000, 0.9000)

Calculando métricas de validación (FGE, promedio de snapshots)...

Calculando métricas de test (FGE, promedio de snapshots)...
✅ Métricas FGE de test completadas (50 folds con datos)

✅ FGE training completed
--- [fge_trio] meta-features: conch_v1_5 --- Sat Aug 22 23:48:23 CEST 2026
  latent_dim auto-detectado: 768  (de features_conch_v1_5_monai)

============================================================
ABMIL-FGE Test (predicciones sobre train): conch_v1_5
  Dataset: cptac_brca/TP53_mutation
  Latent dim: 768, Num classes: 2, Folds: 50
  Variante FGE: fge_trio
============================================================

Cargando features de /home/JKP6679/Patho-Ensemble/PARADIS/datos/features/cptac_brca/features_conch_v1_5_monai...

✅ Predicciones FGE de train generadas para 50/50 folds (0 omitidos por falta de snapshots/datos).

################################################################################
# VARIANTE se_trio  (schedule=se lr_1=1e-3 lr_2=1e-6 cycle_length=15)
################################################################################

--- [se_trio] entrenando ciclos: ctranspath --- Sat Aug 22 23:49:05 CEST 2026
  latent_dim auto-detectado: 768  (de features_ctranspath_monai)

============================================================
ABMIL-FGE Training: ctranspath
  Dataset: cptac_brca/TP53_mutation
  Latent dim: 768, Num classes: 2
  Epochs (convergencia): 100, Fold: all
  Schedule: se  (coseno con reinicios, Huang et al.)
  Ciclos: n_cycles=6, cycle_length=15, lr_1=0.001, lr_2=1e-06, cycle_patience=2
  Variante: se_trio  (include_base=False)
============================================================

Cargando features de /home/JKP6679/Patho-Ensemble/PARADIS/datos/features/cptac_brca/features_ctranspath_monai...

Fold 0 (FGE): train=75, val=15, test=22
Fold 0: base convergido (val_auc=1.0000), iniciando ciclos FGE...
Fold 0: 2 snapshots FGE (val_auc por snapshot: 0.9074, 0.8889)
Cargando features de /home/JKP6679/Patho-Ensemble/PARADIS/datos/features/cptac_brca/features_ctranspath_monai...

Fold 1 (FGE): train=76, val=13, test=23
Fold 1: base convergido (val_auc=0.9792), iniciando ciclos FGE...
Fold 1: 2 snapshots FGE (val_auc por snapshot: 0.8542, 0.8333)
Cargando features de /home/JKP6679/Patho-Ensemble/PARADIS/datos/features/cptac_brca/features_ctranspath_monai...

Fold 2 (FGE): train=76, val=16, test=20
Fold 2: base convergido (val_auc=0.7143), iniciando ciclos FGE...
Fold 2: 2 snapshots FGE (val_auc por snapshot: 0.7143, 0.7143)
Cargando features de /home/JKP6679/Patho-Ensemble/PARADIS/datos/features/cptac_brca/features_ctranspath_monai...

Fold 3 (FGE): train=76, val=16, test=20
Fold 3: base convergido (val_auc=0.9206), iniciando ciclos FGE...
Fold 3: 3 snapshots FGE (val_auc por snapshot: 0.7937, 0.8571, 0.8413)
Cargando features de /home/JKP6679/Patho-Ensemble/PARADIS/datos/features/cptac_brca/features_ctranspath_monai...

Fold 4 (FGE): train=77, val=15, test=20
Fold 4: base convergido (val_auc=0.9365), iniciando ciclos FGE...
Fold 4: 3 snapshots FGE (val_auc por snapshot: 0.8095, 0.8571, 0.8571)
Cargando features de /home/JKP6679/Patho-Ensemble/PARADIS/datos/features/cptac_brca/features_ctranspath_monai...

Fold 5 (FGE): train=76, val=15, test=21
Fold 5: base convergido (val_auc=0.6825), iniciando ciclos FGE...
Fold 5: 4 snapshots FGE (val_auc por snapshot: 0.6508, 0.6508, 0.6984, 0.6825)
Cargando features de /home/JKP6679/Patho-Ensemble/PARADIS/datos/features/cptac_brca/features_ctranspath_monai...

Fold 6 (FGE): train=74, val=16, test=22
Fold 6: base convergido (val_auc=0.7800), iniciando ciclos FGE...
Fold 6: 2 snapshots FGE (val_auc por snapshot: 0.7800, 0.7600)
Cargando features de /home/JKP6679/Patho-Ensemble/PARADIS/datos/features/cptac_brca/features_ctranspath_monai...

Fold 7 (FGE): train=78, val=13, test=21
Fold 7: base convergido (val_auc=1.0000), iniciando ciclos FGE...
Fold 7: 6 snapshots FGE (val_auc por snapshot: 0.8750, 0.8594, 0.8906, 0.8906, 0.9375, 0.7656)
Cargando features de /home/JKP6679/Patho-Ensemble/PARADIS/datos/features/cptac_brca/features_ctranspath_monai...

Fold 8 (FGE): train=77, val=14, test=21
Fold 8: base convergido (val_auc=0.9455), iniciando ciclos FGE...
Fold 8: 3 snapshots FGE (val_auc por snapshot: 0.6727, 0.7091, 0.5818)
Cargando features de /home/JKP6679/Patho-Ensemble/PARADIS/datos/features/cptac_brca/features_ctranspath_monai...

Fold 9 (FGE): train=77, val=14, test=21
Fold 9: base convergido (val_auc=0.9048), iniciando ciclos FGE...
Fold 9: 3 snapshots FGE (val_auc por snapshot: 0.8413, 0.8730, 0.8413)
Cargando features de /home/JKP6679/Patho-Ensemble/PARADIS/datos/features/cptac_brca/features_ctranspath_monai...

Fold 10 (FGE): train=75, val=16, test=21
Fold 10: base convergido (val_auc=0.7778), iniciando ciclos FGE...
Fold 10: 3 snapshots FGE (val_auc por snapshot: 0.6852, 0.7407, 0.6852)
Cargando features de /home/JKP6679/Patho-Ensemble/PARADIS/datos/features/cptac_brca/features_ctranspath_monai...

Fold 11 (FGE): train=74, val=15, test=23
Fold 11: base convergido (val_auc=0.6389), iniciando ciclos FGE...
Fold 11: 3 snapshots FGE (val_auc por snapshot: 0.6667, 0.6944, 0.6944)
Cargando features de /home/JKP6679/Patho-Ensemble/PARADIS/datos/features/cptac_brca/features_ctranspath_monai...

Fold 12 (FGE): train=76, val=16, test=20
Fold 12: base convergido (val_auc=0.6667), iniciando ciclos FGE...
Fold 12: 2 snapshots FGE (val_auc por snapshot: 0.6984, 0.6984)
Cargando features de /home/JKP6679/Patho-Ensemble/PARADIS/datos/features/cptac_brca/features_ctranspath_monai...

Fold 13 (FGE): train=75, val=17, test=20
Fold 13: base convergido (val_auc=0.8929), iniciando ciclos FGE...
Fold 13: 2 snapshots FGE (val_auc por snapshot: 0.8750, 0.8393)
Cargando features de /home/JKP6679/Patho-Ensemble/PARADIS/datos/features/cptac_brca/features_ctranspath_monai...

Fold 14 (FGE): train=77, val=14, test=21
Fold 14: base convergido (val_auc=0.6190), iniciando ciclos FGE...
Fold 14: 2 snapshots FGE (val_auc por snapshot: 0.6032, 0.6032)
Cargando features de /home/JKP6679/Patho-Ensemble/PARADIS/datos/features/cptac_brca/features_ctranspath_monai...

Fold 15 (FGE): train=76, val=14, test=22
Fold 15: base convergido (val_auc=0.8571), iniciando ciclos FGE...
Fold 15: 4 snapshots FGE (val_auc por snapshot: 0.6429, 0.6429, 0.7143, 0.6786)
Cargando features de /home/JKP6679/Patho-Ensemble/PARADIS/datos/features/cptac_brca/features_ctranspath_monai...

Fold 16 (FGE): train=77, val=13, test=22
Fold 16: base convergido (val_auc=0.8182), iniciando ciclos FGE...
Fold 16: 2 snapshots FGE (val_auc por snapshot: 0.7818, 0.6909)
Cargando features de /home/JKP6679/Patho-Ensemble/PARADIS/datos/features/cptac_brca/features_ctranspath_monai...

Fold 17 (FGE): train=75, val=16, test=21
Fold 17: base convergido (val_auc=0.8800), iniciando ciclos FGE...
Fold 17: 3 snapshots FGE (val_auc por snapshot: 0.6800, 0.7000, 0.5800)
Cargando features de /home/JKP6679/Patho-Ensemble/PARADIS/datos/features/cptac_brca/features_ctranspath_monai...

Fold 18 (FGE): train=75, val=16, test=21
Fold 18: base convergido (val_auc=0.7857), iniciando ciclos FGE...
Fold 18: 2 snapshots FGE (val_auc por snapshot: 0.7679, 0.7143)
Cargando features de /home/JKP6679/Patho-Ensemble/PARADIS/datos/features/cptac_brca/features_ctranspath_monai...

Fold 19 (FGE): train=73, val=16, test=23
Fold 19: base convergido (val_auc=0.7222), iniciando ciclos FGE...
Fold 19: 2 snapshots FGE (val_auc por snapshot: 0.7222, 0.7222)
Cargando features de /home/JKP6679/Patho-Ensemble/PARADIS/datos/features/cptac_brca/features_ctranspath_monai...

Fold 20 (FGE): train=76, val=15, test=21
Fold 20: base convergido (val_auc=0.8281), iniciando ciclos FGE...
Fold 20: 2 snapshots FGE (val_auc por snapshot: 0.8125, 0.7969)
Cargando features de /home/JKP6679/Patho-Ensemble/PARADIS/datos/features/cptac_brca/features_ctranspath_monai...

Fold 21 (FGE): train=75, val=13, test=24
Fold 21: base convergido (val_auc=0.9074), iniciando ciclos FGE...
Fold 21: 2 snapshots FGE (val_auc por snapshot: 0.8889, 0.8333)
Cargando features de /home/JKP6679/Patho-Ensemble/PARADIS/datos/features/cptac_brca/features_ctranspath_monai...

Fold 22 (FGE): train=74, val=15, test=23
Fold 22: base convergido (val_auc=0.9600), iniciando ciclos FGE...
Fold 22: 3 snapshots FGE (val_auc por snapshot: 0.8800, 0.9400, 0.7800)
Cargando features de /home/JKP6679/Patho-Ensemble/PARADIS/datos/features/cptac_brca/features_ctranspath_monai...

Fold 23 (FGE): train=75, val=15, test=22
Fold 23: base convergido (val_auc=0.7800), iniciando ciclos FGE...
Fold 23: 2 snapshots FGE (val_auc por snapshot: 0.7800, 0.6000)
Cargando features de /home/JKP6679/Patho-Ensemble/PARADIS/datos/features/cptac_brca/features_ctranspath_monai...

Fold 24 (FGE): train=76, val=14, test=22
Fold 24: base convergido (val_auc=0.7833), iniciando ciclos FGE...
Fold 24: 3 snapshots FGE (val_auc por snapshot: 0.6500, 0.7167, 0.6833)
Cargando features de /home/JKP6679/Patho-Ensemble/PARADIS/datos/features/cptac_brca/features_ctranspath_monai...

Fold 25 (FGE): train=77, val=14, test=21
Fold 25: base convergido (val_auc=0.6727), iniciando ciclos FGE...
Fold 25: 2 snapshots FGE (val_auc por snapshot: 0.5091, 0.5091)
Cargando features de /home/JKP6679/Patho-Ensemble/PARADIS/datos/features/cptac_brca/features_ctranspath_monai...

Fold 26 (FGE): train=77, val=13, test=22
Fold 26: base convergido (val_auc=0.9636), iniciando ciclos FGE...
Fold 26: 3 snapshots FGE (val_auc por snapshot: 0.8364, 0.8727, 0.8545)
Cargando features de /home/JKP6679/Patho-Ensemble/PARADIS/datos/features/cptac_brca/features_ctranspath_monai...

Fold 27 (FGE): train=77, val=14, test=21
Fold 27: base convergido (val_auc=0.9167), iniciando ciclos FGE...
Fold 27: 2 snapshots FGE (val_auc por snapshot: 0.7292, 0.7083)
Cargando features de /home/JKP6679/Patho-Ensemble/PARADIS/datos/features/cptac_brca/features_ctranspath_monai...

Fold 28 (FGE): train=79, val=13, test=20
Fold 28: base convergido (val_auc=0.8906), iniciando ciclos FGE...
Fold 28: 2 snapshots FGE (val_auc por snapshot: 0.8281, 0.7500)
Cargando features de /home/JKP6679/Patho-Ensemble/PARADIS/datos/features/cptac_brca/features_ctranspath_monai...

Fold 29 (FGE): train=77, val=13, test=22
Fold 29: base convergido (val_auc=0.9667), iniciando ciclos FGE...
Fold 29: 5 snapshots FGE (val_auc por snapshot: 0.8667, 0.9000, 0.9500, 0.9667, 0.9167)
Cargando features de /home/JKP6679/Patho-Ensemble/PARADIS/datos/features/cptac_brca/features_ctranspath_monai...

Fold 30 (FGE): train=75, val=16, test=21
Fold 30: base convergido (val_auc=0.9259), iniciando ciclos FGE...
Fold 30: 5 snapshots FGE (val_auc por snapshot: 0.8889, 0.9074, 0.8889, 0.9259, 0.9259)
Cargando features de /home/JKP6679/Patho-Ensemble/PARADIS/datos/features/cptac_brca/features_ctranspath_monai...

Fold 31 (FGE): train=77, val=14, test=21
Fold 31: base convergido (val_auc=0.8364), iniciando ciclos FGE...
Fold 31: 2 snapshots FGE (val_auc por snapshot: 0.7455, 0.6364)
Cargando features de /home/JKP6679/Patho-Ensemble/PARADIS/datos/features/cptac_brca/features_ctranspath_monai...

Fold 32 (FGE): train=77, val=14, test=21
Fold 32: base convergido (val_auc=0.9455), iniciando ciclos FGE...
Fold 32: 3 snapshots FGE (val_auc por snapshot: 0.9273, 0.9636, 0.9455)
Cargando features de /home/JKP6679/Patho-Ensemble/PARADIS/datos/features/cptac_brca/features_ctranspath_monai...

Fold 33 (FGE): train=74, val=15, test=23
Fold 33: base convergido (val_auc=0.8333), iniciando ciclos FGE...
Fold 33: 2 snapshots FGE (val_auc por snapshot: 0.7963, 0.5000)
Cargando features de /home/JKP6679/Patho-Ensemble/PARADIS/datos/features/cptac_brca/features_ctranspath_monai...

Fold 34 (FGE): train=75, val=14, test=23
Fold 34: base convergido (val_auc=0.8393), iniciando ciclos FGE...
Fold 34: 2 snapshots FGE (val_auc por snapshot: 0.7500, 0.7500)
Cargando features de /home/JKP6679/Patho-Ensemble/PARADIS/datos/features/cptac_brca/features_ctranspath_monai...

Fold 35 (FGE): train=75, val=15, test=22
Fold 35: base convergido (val_auc=0.9630), iniciando ciclos FGE...
Fold 35: 4 snapshots FGE (val_auc por snapshot: 0.8519, 0.9259, 0.9444, 0.9259)
Cargando features de /home/JKP6679/Patho-Ensemble/PARADIS/datos/features/cptac_brca/features_ctranspath_monai...

Fold 36 (FGE): train=78, val=14, test=20
Fold 36: base convergido (val_auc=0.9048), iniciando ciclos FGE...
Fold 36: 2 snapshots FGE (val_auc por snapshot: 0.8413, 0.8413)
Cargando features de /home/JKP6679/Patho-Ensemble/PARADIS/datos/features/cptac_brca/features_ctranspath_monai...

Fold 37 (FGE): train=75, val=15, test=22
Fold 37: base convergido (val_auc=1.0000), iniciando ciclos FGE...
Fold 37: 4 snapshots FGE (val_auc por snapshot: 0.8036, 0.6964, 0.8929, 0.8750)
Cargando features de /home/JKP6679/Patho-Ensemble/PARADIS/datos/features/cptac_brca/features_ctranspath_monai...

Fold 38 (FGE): train=76, val=14, test=22
Fold 38: base convergido (val_auc=0.8500), iniciando ciclos FGE...
Fold 38: 4 snapshots FGE (val_auc por snapshot: 0.7167, 0.7500, 0.7667, 0.7500)
Cargando features de /home/JKP6679/Patho-Ensemble/PARADIS/datos/features/cptac_brca/features_ctranspath_monai...

Fold 39 (FGE): train=75, val=15, test=22
Fold 39: base convergido (val_auc=0.7963), iniciando ciclos FGE...
Fold 39: 3 snapshots FGE (val_auc por snapshot: 0.7222, 0.8148, 0.7778)
Cargando features de /home/JKP6679/Patho-Ensemble/PARADIS/datos/features/cptac_brca/features_ctranspath_monai...

Fold 40 (FGE): train=77, val=15, test=20
Fold 40: base convergido (val_auc=0.7917), iniciando ciclos FGE...
Fold 40: 4 snapshots FGE (val_auc por snapshot: 0.7292, 0.7500, 0.7917, 0.7708)
Cargando features de /home/JKP6679/Patho-Ensemble/PARADIS/datos/features/cptac_brca/features_ctranspath_monai...

Fold 41 (FGE): train=74, val=16, test=22
Fold 41: base convergido (val_auc=1.0000), iniciando ciclos FGE...
Fold 41: 2 snapshots FGE (val_auc por snapshot: 1.0000, 0.9545)
Cargando features de /home/JKP6679/Patho-Ensemble/PARADIS/datos/features/cptac_brca/features_ctranspath_monai...

Fold 42 (FGE): train=76, val=16, test=20
Fold 42: base convergido (val_auc=0.8542), iniciando ciclos FGE...
Fold 42: 2 snapshots FGE (val_auc por snapshot: 0.7708, 0.6667)
Cargando features de /home/JKP6679/Patho-Ensemble/PARADIS/datos/features/cptac_brca/features_ctranspath_monai...

Fold 43 (FGE): train=77, val=14, test=21
Fold 43: base convergido (val_auc=0.8125), iniciando ciclos FGE...
Fold 43: 3 snapshots FGE (val_auc por snapshot: 0.6875, 0.7708, 0.7292)
Cargando features de /home/JKP6679/Patho-Ensemble/PARADIS/datos/features/cptac_brca/features_ctranspath_monai...

Fold 44 (FGE): train=78, val=14, test=20
Fold 44: base convergido (val_auc=0.9167), iniciando ciclos FGE...
Fold 44: 2 snapshots FGE (val_auc por snapshot: 0.8542, 0.8125)
Cargando features de /home/JKP6679/Patho-Ensemble/PARADIS/datos/features/cptac_brca/features_ctranspath_monai...

Fold 45 (FGE): train=75, val=15, test=22
Fold 45: base convergido (val_auc=0.9444), iniciando ciclos FGE...
Fold 45: 2 snapshots FGE (val_auc por snapshot: 0.8889, 0.7963)
Cargando features de /home/JKP6679/Patho-Ensemble/PARADIS/datos/features/cptac_brca/features_ctranspath_monai...

Fold 46 (FGE): train=77, val=14, test=21
Fold 46: base convergido (val_auc=0.8974), iniciando ciclos FGE...
Fold 46: 3 snapshots FGE (val_auc por snapshot: 0.8718, 0.8974, 0.8462)
Cargando features de /home/JKP6679/Patho-Ensemble/PARADIS/datos/features/cptac_brca/features_ctranspath_monai...

Fold 47 (FGE): train=75, val=13, test=24
Fold 47: base convergido (val_auc=0.9821), iniciando ciclos FGE...
Fold 47: 2 snapshots FGE (val_auc por snapshot: 0.9107, 0.7857)
Cargando features de /home/JKP6679/Patho-Ensemble/PARADIS/datos/features/cptac_brca/features_ctranspath_monai...

Fold 48 (FGE): train=76, val=14, test=22
Fold 48: base convergido (val_auc=0.6000), iniciando ciclos FGE...
Fold 48: 3 snapshots FGE (val_auc por snapshot: 0.3818, 0.5273, 0.4909)
Cargando features de /home/JKP6679/Patho-Ensemble/PARADIS/datos/features/cptac_brca/features_ctranspath_monai...

Fold 49 (FGE): train=77, val=13, test=22
Fold 49: base convergido (val_auc=0.9000), iniciando ciclos FGE...
Fold 49: 2 snapshots FGE (val_auc por snapshot: 0.8667, 0.8500)

Calculando métricas de validación (FGE, promedio de snapshots)...

Calculando métricas de test (FGE, promedio de snapshots)...
✅ Métricas FGE de test completadas (50 folds con datos)

✅ FGE training completed
--- [se_trio] meta-features: ctranspath --- Sun Aug 23 00:07:49 CEST 2026
  latent_dim auto-detectado: 768  (de features_ctranspath_monai)

============================================================
ABMIL-FGE Test (predicciones sobre train): ctranspath
  Dataset: cptac_brca/TP53_mutation
  Latent dim: 768, Num classes: 2, Folds: 50
  Variante FGE: se_trio
============================================================

Cargando features de /home/JKP6679/Patho-Ensemble/PARADIS/datos/features/cptac_brca/features_ctranspath_monai...

✅ Predicciones FGE de train generadas para 50/50 folds (0 omitidos por falta de snapshots/datos).

--- [se_trio] entrenando ciclos: uni_v2 --- Sun Aug 23 00:08:42 CEST 2026
  latent_dim auto-detectado: 1536  (de features_uni_v2)

============================================================
ABMIL-FGE Training: uni_v2
  Dataset: cptac_brca/TP53_mutation
  Latent dim: 1536, Num classes: 2
  Epochs (convergencia): 100, Fold: all
  Schedule: se  (coseno con reinicios, Huang et al.)
  Ciclos: n_cycles=6, cycle_length=15, lr_1=0.001, lr_2=1e-06, cycle_patience=2
  Variante: se_trio  (include_base=False)
============================================================

Cargando features de /home/JKP6679/Patho-Ensemble/PARADIS/datos/features/cptac_brca/features_uni_v2...

Fold 0 (FGE): train=75, val=15, test=22
Fold 0: base convergido (val_auc=0.9815), iniciando ciclos FGE...
Fold 0: 6 snapshots FGE (val_auc por snapshot: 0.9259, 0.9444, 0.9259, 0.9630, 0.9815, 0.9444)
Cargando features de /home/JKP6679/Patho-Ensemble/PARADIS/datos/features/cptac_brca/features_uni_v2...

Fold 1 (FGE): train=76, val=13, test=23
Fold 1: base convergido (val_auc=0.9167), iniciando ciclos FGE...
Fold 1: 4 snapshots FGE (val_auc por snapshot: 0.7500, 0.7292, 0.8542, 0.8542)
Cargando features de /home/JKP6679/Patho-Ensemble/PARADIS/datos/features/cptac_brca/features_uni_v2...

Fold 2 (FGE): train=76, val=16, test=20
Fold 2: base convergido (val_auc=0.7143), iniciando ciclos FGE...
Fold 2: 3 snapshots FGE (val_auc por snapshot: 0.6071, 0.6786, 0.6786)
Cargando features de /home/JKP6679/Patho-Ensemble/PARADIS/datos/features/cptac_brca/features_uni_v2...

Fold 3 (FGE): train=76, val=16, test=20
Fold 3: base convergido (val_auc=0.8571), iniciando ciclos FGE...
Fold 3: 2 snapshots FGE (val_auc por snapshot: 0.6984, 0.6667)
Cargando features de /home/JKP6679/Patho-Ensemble/PARADIS/datos/features/cptac_brca/features_uni_v2...

Fold 4 (FGE): train=77, val=15, test=20
Fold 4: base convergido (val_auc=0.9365), iniciando ciclos FGE...
Fold 4: 2 snapshots FGE (val_auc por snapshot: 0.8889, 0.8095)
Cargando features de /home/JKP6679/Patho-Ensemble/PARADIS/datos/features/cptac_brca/features_uni_v2...

Fold 5 (FGE): train=76, val=15, test=21
Fold 5: base convergido (val_auc=0.7302), iniciando ciclos FGE...
Fold 5: 4 snapshots FGE (val_auc por snapshot: 0.4127, 0.6349, 0.7143, 0.6349)
Cargando features de /home/JKP6679/Patho-Ensemble/PARADIS/datos/features/cptac_brca/features_uni_v2...

Fold 6 (FGE): train=74, val=16, test=22
Fold 6: base convergido (val_auc=0.6800), iniciando ciclos FGE...
Fold 6: 4 snapshots FGE (val_auc por snapshot: 0.5400, 0.6000, 0.6400, 0.6400)
Cargando features de /home/JKP6679/Patho-Ensemble/PARADIS/datos/features/cptac_brca/features_uni_v2...

Fold 7 (FGE): train=78, val=13, test=21
Fold 7: base convergido (val_auc=0.8906), iniciando ciclos FGE...
Fold 7: 2 snapshots FGE (val_auc por snapshot: 0.8281, 0.6094)
Cargando features de /home/JKP6679/Patho-Ensemble/PARADIS/datos/features/cptac_brca/features_uni_v2...

Fold 8 (FGE): train=77, val=14, test=21
Fold 8: base convergido (val_auc=0.8727), iniciando ciclos FGE...
Fold 8: 2 snapshots FGE (val_auc por snapshot: 0.8182, 0.7455)
Cargando features de /home/JKP6679/Patho-Ensemble/PARADIS/datos/features/cptac_brca/features_uni_v2...

Fold 9 (FGE): train=77, val=14, test=21
Fold 9: base convergido (val_auc=0.8413), iniciando ciclos FGE...
Fold 9: 6 snapshots FGE (val_auc por snapshot: 0.6984, 0.7143, 0.6349, 0.7778, 0.7778, 0.7619)
Cargando features de /home/JKP6679/Patho-Ensemble/PARADIS/datos/features/cptac_brca/features_uni_v2...

Fold 10 (FGE): train=75, val=16, test=21
Fold 10: base convergido (val_auc=0.8704), iniciando ciclos FGE...
Fold 10: 2 snapshots FGE (val_auc por snapshot: 0.7778, 0.7222)
Cargando features de /home/JKP6679/Patho-Ensemble/PARADIS/datos/features/cptac_brca/features_uni_v2...

Fold 11 (FGE): train=74, val=15, test=23
Fold 11: base convergido (val_auc=0.5833), iniciando ciclos FGE...
Fold 11: 2 snapshots FGE (val_auc por snapshot: 0.4167, 0.4167)
Cargando features de /home/JKP6679/Patho-Ensemble/PARADIS/datos/features/cptac_brca/features_uni_v2...

Fold 12 (FGE): train=76, val=16, test=20
Fold 12: base convergido (val_auc=0.6508), iniciando ciclos FGE...
Fold 12: 3 snapshots FGE (val_auc por snapshot: 0.5714, 0.5873, 0.5873)
Cargando features de /home/JKP6679/Patho-Ensemble/PARADIS/datos/features/cptac_brca/features_uni_v2...

Fold 13 (FGE): train=75, val=17, test=20
Fold 13: base convergido (val_auc=0.8929), iniciando ciclos FGE...
Fold 13: 2 snapshots FGE (val_auc por snapshot: 0.8571, 0.8393)
Cargando features de /home/JKP6679/Patho-Ensemble/PARADIS/datos/features/cptac_brca/features_uni_v2...

Fold 14 (FGE): train=77, val=14, test=21
Fold 14: base convergido (val_auc=0.5556), iniciando ciclos FGE...
Fold 14: 3 snapshots FGE (val_auc por snapshot: 0.5556, 0.5714, 0.5714)
Cargando features de /home/JKP6679/Patho-Ensemble/PARADIS/datos/features/cptac_brca/features_uni_v2...

Fold 15 (FGE): train=76, val=14, test=22
Fold 15: base convergido (val_auc=0.7143), iniciando ciclos FGE...
Fold 15: 3 snapshots FGE (val_auc por snapshot: 0.4643, 0.5714, 0.5000)
Cargando features de /home/JKP6679/Patho-Ensemble/PARADIS/datos/features/cptac_brca/features_uni_v2...

Fold 16 (FGE): train=77, val=13, test=22
Fold 16: base convergido (val_auc=0.8000), iniciando ciclos FGE...
Fold 16: 2 snapshots FGE (val_auc por snapshot: 0.7636, 0.7636)
Cargando features de /home/JKP6679/Patho-Ensemble/PARADIS/datos/features/cptac_brca/features_uni_v2...

Fold 17 (FGE): train=75, val=16, test=21
Fold 17: base convergido (val_auc=0.8800), iniciando ciclos FGE...
Fold 17: 4 snapshots FGE (val_auc por snapshot: 0.8800, 0.8400, 0.8800, 0.8800)
Cargando features de /home/JKP6679/Patho-Ensemble/PARADIS/datos/features/cptac_brca/features_uni_v2...

Fold 18 (FGE): train=75, val=16, test=21
Fold 18: base convergido (val_auc=0.6964), iniciando ciclos FGE...
Fold 18: 3 snapshots FGE (val_auc por snapshot: 0.5357, 0.5536, 0.5536)
Cargando features de /home/JKP6679/Patho-Ensemble/PARADIS/datos/features/cptac_brca/features_uni_v2...

Fold 19 (FGE): train=73, val=16, test=23
Fold 19: base convergido (val_auc=0.7222), iniciando ciclos FGE...
Fold 19: 3 snapshots FGE (val_auc por snapshot: 0.4444, 0.4815, 0.4444)
Cargando features de /home/JKP6679/Patho-Ensemble/PARADIS/datos/features/cptac_brca/features_uni_v2...

Fold 20 (FGE): train=76, val=15, test=21
Fold 20: base convergido (val_auc=0.8281), iniciando ciclos FGE...
Fold 20: 2 snapshots FGE (val_auc por snapshot: 0.7812, 0.7500)
Cargando features de /home/JKP6679/Patho-Ensemble/PARADIS/datos/features/cptac_brca/features_uni_v2...

Fold 21 (FGE): train=75, val=13, test=24
Fold 21: base convergido (val_auc=0.6667), iniciando ciclos FGE...
Fold 21: 2 snapshots FGE (val_auc por snapshot: 0.5185, 0.5000)
Cargando features de /home/JKP6679/Patho-Ensemble/PARADIS/datos/features/cptac_brca/features_uni_v2...

Fold 22 (FGE): train=74, val=15, test=23
Fold 22: base convergido (val_auc=0.9200), iniciando ciclos FGE...
Fold 22: 2 snapshots FGE (val_auc por snapshot: 0.9000, 0.7400)
Cargando features de /home/JKP6679/Patho-Ensemble/PARADIS/datos/features/cptac_brca/features_uni_v2...

Fold 23 (FGE): train=75, val=15, test=22
Fold 23: base convergido (val_auc=0.6800), iniciando ciclos FGE...
Fold 23: 6 snapshots FGE (val_auc por snapshot: 0.6000, 0.5800, 0.6000, 0.6400, 0.6600, 0.5600)
Cargando features de /home/JKP6679/Patho-Ensemble/PARADIS/datos/features/cptac_brca/features_uni_v2...

Fold 24 (FGE): train=76, val=14, test=22
Fold 24: base convergido (val_auc=0.7333), iniciando ciclos FGE...
Fold 24: 6 snapshots FGE (val_auc por snapshot: 0.5667, 0.5333, 0.6000, 0.6000, 0.6500, 0.6167)
Cargando features de /home/JKP6679/Patho-Ensemble/PARADIS/datos/features/cptac_brca/features_uni_v2...

Fold 25 (FGE): train=77, val=14, test=21
Fold 25: base convergido (val_auc=0.6000), iniciando ciclos FGE...
Fold 25: 2 snapshots FGE (val_auc por snapshot: 0.4364, 0.3818)
Cargando features de /home/JKP6679/Patho-Ensemble/PARADIS/datos/features/cptac_brca/features_uni_v2...

Fold 26 (FGE): train=77, val=13, test=22
Fold 26: base convergido (val_auc=0.9818), iniciando ciclos FGE...
Fold 26: 3 snapshots FGE (val_auc por snapshot: 0.8727, 0.8727, 0.8182)
Cargando features de /home/JKP6679/Patho-Ensemble/PARADIS/datos/features/cptac_brca/features_uni_v2...

Fold 27 (FGE): train=77, val=14, test=21
Fold 27: base convergido (val_auc=0.8542), iniciando ciclos FGE...
Fold 27: 2 snapshots FGE (val_auc por snapshot: 0.7917, 0.6458)
Cargando features de /home/JKP6679/Patho-Ensemble/PARADIS/datos/features/cptac_brca/features_uni_v2...

Fold 28 (FGE): train=79, val=13, test=20
Fold 28: base convergido (val_auc=0.8281), iniciando ciclos FGE...
Fold 28: 2 snapshots FGE (val_auc por snapshot: 0.7500, 0.7500)
Cargando features de /home/JKP6679/Patho-Ensemble/PARADIS/datos/features/cptac_brca/features_uni_v2...

Fold 29 (FGE): train=77, val=13, test=22
Fold 29: base convergido (val_auc=0.9667), iniciando ciclos FGE...
Fold 29: 2 snapshots FGE (val_auc por snapshot: 0.8500, 0.7667)
Cargando features de /home/JKP6679/Patho-Ensemble/PARADIS/datos/features/cptac_brca/features_uni_v2...

Fold 30 (FGE): train=75, val=16, test=21
Fold 30: base convergido (val_auc=0.7593), iniciando ciclos FGE...
Fold 30: 2 snapshots FGE (val_auc por snapshot: 0.8148, 0.8148)
Cargando features de /home/JKP6679/Patho-Ensemble/PARADIS/datos/features/cptac_brca/features_uni_v2...

Fold 31 (FGE): train=77, val=14, test=21
Fold 31: base convergido (val_auc=0.7636), iniciando ciclos FGE...
Fold 31: 2 snapshots FGE (val_auc por snapshot: 0.5455, 0.4909)
Cargando features de /home/JKP6679/Patho-Ensemble/PARADIS/datos/features/cptac_brca/features_uni_v2...

Fold 32 (FGE): train=77, val=14, test=21
Fold 32: base convergido (val_auc=0.9091), iniciando ciclos FGE...
Fold 32: 3 snapshots FGE (val_auc por snapshot: 0.8000, 0.8727, 0.8727)
Cargando features de /home/JKP6679/Patho-Ensemble/PARADIS/datos/features/cptac_brca/features_uni_v2...

Fold 33 (FGE): train=74, val=15, test=23
Fold 33: base convergido (val_auc=0.9074), iniciando ciclos FGE...
Fold 33: 2 snapshots FGE (val_auc por snapshot: 0.8333, 0.7407)
Cargando features de /home/JKP6679/Patho-Ensemble/PARADIS/datos/features/cptac_brca/features_uni_v2...

Fold 34 (FGE): train=75, val=14, test=23
Fold 34: base convergido (val_auc=0.8929), iniciando ciclos FGE...
Fold 34: 2 snapshots FGE (val_auc por snapshot: 0.7143, 0.6250)
Cargando features de /home/JKP6679/Patho-Ensemble/PARADIS/datos/features/cptac_brca/features_uni_v2...

Fold 35 (FGE): train=75, val=15, test=22
Fold 35: base convergido (val_auc=0.9444), iniciando ciclos FGE...
Fold 35: 4 snapshots FGE (val_auc por snapshot: 0.7963, 0.8704, 0.8889, 0.8704)
Cargando features de /home/JKP6679/Patho-Ensemble/PARADIS/datos/features/cptac_brca/features_uni_v2...

Fold 36 (FGE): train=78, val=14, test=20
Fold 36: base convergido (val_auc=1.0000), iniciando ciclos FGE...
Fold 36: 5 snapshots FGE (val_auc por snapshot: 0.7937, 0.8095, 0.8571, 0.9048, 0.8730)
Cargando features de /home/JKP6679/Patho-Ensemble/PARADIS/datos/features/cptac_brca/features_uni_v2...

Fold 37 (FGE): train=75, val=15, test=22
Fold 37: base convergido (val_auc=0.9286), iniciando ciclos FGE...
Fold 37: 3 snapshots FGE (val_auc por snapshot: 0.8929, 0.9286, 0.8393)
Cargando features de /home/JKP6679/Patho-Ensemble/PARADIS/datos/features/cptac_brca/features_uni_v2...

Fold 38 (FGE): train=76, val=14, test=22
Fold 38: base convergido (val_auc=0.8667), iniciando ciclos FGE...
Fold 38: 3 snapshots FGE (val_auc por snapshot: 0.7500, 0.8000, 0.8000)
Cargando features de /home/JKP6679/Patho-Ensemble/PARADIS/datos/features/cptac_brca/features_uni_v2...

Fold 39 (FGE): train=75, val=15, test=22
Fold 39: base convergido (val_auc=0.7037), iniciando ciclos FGE...
Fold 39: 2 snapshots FGE (val_auc por snapshot: 0.7407, 0.5926)
Cargando features de /home/JKP6679/Patho-Ensemble/PARADIS/datos/features/cptac_brca/features_uni_v2...

Fold 40 (FGE): train=77, val=15, test=20
Fold 40: base convergido (val_auc=0.8333), iniciando ciclos FGE...
Fold 40: 3 snapshots FGE (val_auc por snapshot: 0.7500, 0.7500, 0.7292)
Cargando features de /home/JKP6679/Patho-Ensemble/PARADIS/datos/features/cptac_brca/features_uni_v2...

Fold 41 (FGE): train=74, val=16, test=22
Fold 41: base convergido (val_auc=1.0000), iniciando ciclos FGE...
Fold 41: 3 snapshots FGE (val_auc por snapshot: 0.9545, 0.9773, 0.9773)
Cargando features de /home/JKP6679/Patho-Ensemble/PARADIS/datos/features/cptac_brca/features_uni_v2...

Fold 42 (FGE): train=76, val=16, test=20
Fold 42: base convergido (val_auc=0.6458), iniciando ciclos FGE...
Fold 42: 2 snapshots FGE (val_auc por snapshot: 0.6042, 0.4375)
Cargando features de /home/JKP6679/Patho-Ensemble/PARADIS/datos/features/cptac_brca/features_uni_v2...

Fold 43 (FGE): train=77, val=14, test=21
Fold 43: base convergido (val_auc=0.7708), iniciando ciclos FGE...
Fold 43: 2 snapshots FGE (val_auc por snapshot: 0.7500, 0.5833)
Cargando features de /home/JKP6679/Patho-Ensemble/PARADIS/datos/features/cptac_brca/features_uni_v2...

Fold 44 (FGE): train=78, val=14, test=20
Fold 44: base convergido (val_auc=0.8542), iniciando ciclos FGE...
Fold 44: 2 snapshots FGE (val_auc por snapshot: 0.7708, 0.7292)
Cargando features de /home/JKP6679/Patho-Ensemble/PARADIS/datos/features/cptac_brca/features_uni_v2...

Fold 45 (FGE): train=75, val=15, test=22
Fold 45: base convergido (val_auc=0.8704), iniciando ciclos FGE...
Fold 45: 2 snapshots FGE (val_auc por snapshot: 0.7593, 0.6852)
Cargando features de /home/JKP6679/Patho-Ensemble/PARADIS/datos/features/cptac_brca/features_uni_v2...

Fold 46 (FGE): train=77, val=14, test=21
Fold 46: base convergido (val_auc=0.8718), iniciando ciclos FGE...
Fold 46: 3 snapshots FGE (val_auc por snapshot: 0.7692, 0.8205, 0.8205)
Cargando features de /home/JKP6679/Patho-Ensemble/PARADIS/datos/features/cptac_brca/features_uni_v2...

Fold 47 (FGE): train=75, val=13, test=24
Fold 47: base convergido (val_auc=0.9107), iniciando ciclos FGE...
Fold 47: 2 snapshots FGE (val_auc por snapshot: 0.8393, 0.6786)
Cargando features de /home/JKP6679/Patho-Ensemble/PARADIS/datos/features/cptac_brca/features_uni_v2...

Fold 48 (FGE): train=76, val=14, test=22
Fold 48: base convergido (val_auc=0.6909), iniciando ciclos FGE...
Fold 48: 2 snapshots FGE (val_auc por snapshot: 0.6182, 0.5636)
Cargando features de /home/JKP6679/Patho-Ensemble/PARADIS/datos/features/cptac_brca/features_uni_v2...

Fold 49 (FGE): train=77, val=13, test=22
Fold 49: base convergido (val_auc=0.8333), iniciando ciclos FGE...
Fold 49: 2 snapshots FGE (val_auc por snapshot: 0.7667, 0.7667)

Calculando métricas de validación (FGE, promedio de snapshots)...

Calculando métricas de test (FGE, promedio de snapshots)...
✅ Métricas FGE de test completadas (50 folds con datos)

✅ FGE training completed
--- [se_trio] meta-features: uni_v2 --- Sun Aug 23 00:53:10 CEST 2026
  latent_dim auto-detectado: 1536  (de features_uni_v2)

============================================================
ABMIL-FGE Test (predicciones sobre train): uni_v2
  Dataset: cptac_brca/TP53_mutation
  Latent dim: 1536, Num classes: 2, Folds: 50
  Variante FGE: se_trio
============================================================

Cargando features de /home/JKP6679/Patho-Ensemble/PARADIS/datos/features/cptac_brca/features_uni_v2...

✅ Predicciones FGE de train generadas para 50/50 folds (0 omitidos por falta de snapshots/datos).

--- [se_trio] entrenando ciclos: conch_v1_5 --- Sun Aug 23 00:55:13 CEST 2026
  latent_dim auto-detectado: 768  (de features_conch_v1_5_monai)

============================================================
ABMIL-FGE Training: conch_v1_5
  Dataset: cptac_brca/TP53_mutation
  Latent dim: 768, Num classes: 2
  Epochs (convergencia): 100, Fold: all
  Schedule: se  (coseno con reinicios, Huang et al.)
  Ciclos: n_cycles=6, cycle_length=15, lr_1=0.001, lr_2=1e-06, cycle_patience=2
  Variante: se_trio  (include_base=False)
============================================================

Cargando features de /home/JKP6679/Patho-Ensemble/PARADIS/datos/features/cptac_brca/features_conch_v1_5_monai...

Fold 0 (FGE): train=75, val=15, test=22
Fold 0: base convergido (val_auc=0.9815), iniciando ciclos FGE...
Fold 0: 5 snapshots FGE (val_auc por snapshot: 0.8704, 0.7778, 0.8889, 0.9074, 0.8519)
Cargando features de /home/JKP6679/Patho-Ensemble/PARADIS/datos/features/cptac_brca/features_conch_v1_5_monai...

Fold 1 (FGE): train=76, val=13, test=23
Fold 1: base convergido (val_auc=0.9167), iniciando ciclos FGE...
Fold 1: 2 snapshots FGE (val_auc por snapshot: 0.7083, 0.5833)
Cargando features de /home/JKP6679/Patho-Ensemble/PARADIS/datos/features/cptac_brca/features_conch_v1_5_monai...

Fold 2 (FGE): train=76, val=16, test=20
Fold 2: base convergido (val_auc=1.0000), iniciando ciclos FGE...
Fold 2: 2 snapshots FGE (val_auc por snapshot: 0.8214, 0.8214)
Cargando features de /home/JKP6679/Patho-Ensemble/PARADIS/datos/features/cptac_brca/features_conch_v1_5_monai...

Fold 3 (FGE): train=76, val=16, test=20
Fold 3: base convergido (val_auc=0.8889), iniciando ciclos FGE...
Fold 3: 4 snapshots FGE (val_auc por snapshot: 0.7460, 0.7778, 0.7778, 0.7302)
Cargando features de /home/JKP6679/Patho-Ensemble/PARADIS/datos/features/cptac_brca/features_conch_v1_5_monai...

Fold 4 (FGE): train=77, val=15, test=20
Fold 4: base convergido (val_auc=0.9365), iniciando ciclos FGE...
Fold 4: 4 snapshots FGE (val_auc por snapshot: 0.9048, 0.8730, 0.9048, 0.8730)
Cargando features de /home/JKP6679/Patho-Ensemble/PARADIS/datos/features/cptac_brca/features_conch_v1_5_monai...

Fold 5 (FGE): train=76, val=15, test=21
Fold 5: base convergido (val_auc=0.7937), iniciando ciclos FGE...
Fold 5: 4 snapshots FGE (val_auc por snapshot: 0.6032, 0.5714, 0.6190, 0.6032)
Cargando features de /home/JKP6679/Patho-Ensemble/PARADIS/datos/features/cptac_brca/features_conch_v1_5_monai...

Fold 6 (FGE): train=74, val=16, test=22
Fold 6: base convergido (val_auc=0.8800), iniciando ciclos FGE...
Fold 6: 2 snapshots FGE (val_auc por snapshot: 0.7400, 0.7200)
Cargando features de /home/JKP6679/Patho-Ensemble/PARADIS/datos/features/cptac_brca/features_conch_v1_5_monai...

Fold 7 (FGE): train=78, val=13, test=21
Fold 7: base convergido (val_auc=1.0000), iniciando ciclos FGE...
Fold 7: 2 snapshots FGE (val_auc por snapshot: 1.0000, 0.9688)
Cargando features de /home/JKP6679/Patho-Ensemble/PARADIS/datos/features/cptac_brca/features_conch_v1_5_monai...

Fold 8 (FGE): train=77, val=14, test=21
Fold 8: base convergido (val_auc=0.9636), iniciando ciclos FGE...
Fold 8: 2 snapshots FGE (val_auc por snapshot: 0.8909, 0.8364)
Cargando features de /home/JKP6679/Patho-Ensemble/PARADIS/datos/features/cptac_brca/features_conch_v1_5_monai...

Fold 9 (FGE): train=77, val=14, test=21
Fold 9: base convergido (val_auc=0.9365), iniciando ciclos FGE...
Fold 9: 4 snapshots FGE (val_auc por snapshot: 0.7619, 0.7619, 0.8095, 0.7460)
Cargando features de /home/JKP6679/Patho-Ensemble/PARADIS/datos/features/cptac_brca/features_conch_v1_5_monai...

Fold 10 (FGE): train=75, val=16, test=21
Fold 10: base convergido (val_auc=0.8704), iniciando ciclos FGE...
Fold 10: 4 snapshots FGE (val_auc por snapshot: 0.8333, 0.7593, 0.8519, 0.8333)
Cargando features de /home/JKP6679/Patho-Ensemble/PARADIS/datos/features/cptac_brca/features_conch_v1_5_monai...

Fold 11 (FGE): train=74, val=15, test=23
Fold 11: base convergido (val_auc=0.8056), iniciando ciclos FGE...
Fold 11: 2 snapshots FGE (val_auc por snapshot: 0.6389, 0.5000)
Cargando features de /home/JKP6679/Patho-Ensemble/PARADIS/datos/features/cptac_brca/features_conch_v1_5_monai...

Fold 12 (FGE): train=76, val=16, test=20
Fold 12: base convergido (val_auc=0.7460), iniciando ciclos FGE...
Fold 12: 3 snapshots FGE (val_auc por snapshot: 0.7143, 0.7460, 0.7302)
Cargando features de /home/JKP6679/Patho-Ensemble/PARADIS/datos/features/cptac_brca/features_conch_v1_5_monai...

Fold 13 (FGE): train=75, val=17, test=20
Fold 13: base convergido (val_auc=0.9464), iniciando ciclos FGE...
Fold 13: 5 snapshots FGE (val_auc por snapshot: 0.9107, 0.9286, 0.9643, 1.0000, 0.8929)
Cargando features de /home/JKP6679/Patho-Ensemble/PARADIS/datos/features/cptac_brca/features_conch_v1_5_monai...

Fold 14 (FGE): train=77, val=14, test=21
Fold 14: base convergido (val_auc=0.7143), iniciando ciclos FGE...
Fold 14: 2 snapshots FGE (val_auc por snapshot: 0.7302, 0.7143)
Cargando features de /home/JKP6679/Patho-Ensemble/PARADIS/datos/features/cptac_brca/features_conch_v1_5_monai...

Fold 15 (FGE): train=76, val=14, test=22
Fold 15: base convergido (val_auc=0.8571), iniciando ciclos FGE...
Fold 15: 2 snapshots FGE (val_auc por snapshot: 0.5714, 0.5000)
Cargando features de /home/JKP6679/Patho-Ensemble/PARADIS/datos/features/cptac_brca/features_conch_v1_5_monai...

Fold 16 (FGE): train=77, val=13, test=22
Fold 16: base convergido (val_auc=0.8000), iniciando ciclos FGE...
Fold 16: 2 snapshots FGE (val_auc por snapshot: 0.7636, 0.7636)
Cargando features de /home/JKP6679/Patho-Ensemble/PARADIS/datos/features/cptac_brca/features_conch_v1_5_monai...

Fold 17 (FGE): train=75, val=16, test=21
Fold 17: base convergido (val_auc=0.9000), iniciando ciclos FGE...
Fold 17: 2 snapshots FGE (val_auc por snapshot: 0.6800, 0.6000)
Cargando features de /home/JKP6679/Patho-Ensemble/PARADIS/datos/features/cptac_brca/features_conch_v1_5_monai...

Fold 18 (FGE): train=75, val=16, test=21
Fold 18: base convergido (val_auc=0.6250), iniciando ciclos FGE...
Fold 18: 2 snapshots FGE (val_auc por snapshot: 0.5536, 0.5179)
Cargando features de /home/JKP6679/Patho-Ensemble/PARADIS/datos/features/cptac_brca/features_conch_v1_5_monai...

Fold 19 (FGE): train=73, val=16, test=23
Fold 19: base convergido (val_auc=0.9259), iniciando ciclos FGE...
Fold 19: 4 snapshots FGE (val_auc por snapshot: 0.7593, 0.7222, 0.8704, 0.7407)
Cargando features de /home/JKP6679/Patho-Ensemble/PARADIS/datos/features/cptac_brca/features_conch_v1_5_monai...

Fold 20 (FGE): train=76, val=15, test=21
Fold 20: base convergido (val_auc=0.8750), iniciando ciclos FGE...
Fold 20: 2 snapshots FGE (val_auc por snapshot: 0.8906, 0.8750)
Cargando features de /home/JKP6679/Patho-Ensemble/PARADIS/datos/features/cptac_brca/features_conch_v1_5_monai...

Fold 21 (FGE): train=75, val=13, test=24
Fold 21: base convergido (val_auc=0.7963), iniciando ciclos FGE...
Fold 21: 2 snapshots FGE (val_auc por snapshot: 0.7407, 0.5741)
Cargando features de /home/JKP6679/Patho-Ensemble/PARADIS/datos/features/cptac_brca/features_conch_v1_5_monai...

Fold 22 (FGE): train=74, val=15, test=23
Fold 22: base convergido (val_auc=0.9200), iniciando ciclos FGE...
Fold 22: 2 snapshots FGE (val_auc por snapshot: 0.9400, 0.9000)
Cargando features de /home/JKP6679/Patho-Ensemble/PARADIS/datos/features/cptac_brca/features_conch_v1_5_monai...

Fold 23 (FGE): train=75, val=15, test=22
Fold 23: base convergido (val_auc=1.0000), iniciando ciclos FGE...
Fold 23: 2 snapshots FGE (val_auc por snapshot: 0.8800, 0.8200)
Cargando features de /home/JKP6679/Patho-Ensemble/PARADIS/datos/features/cptac_brca/features_conch_v1_5_monai...

Fold 24 (FGE): train=76, val=14, test=22
Fold 24: base convergido (val_auc=0.7833), iniciando ciclos FGE...
Fold 24: 2 snapshots FGE (val_auc por snapshot: 0.7667, 0.6667)
Cargando features de /home/JKP6679/Patho-Ensemble/PARADIS/datos/features/cptac_brca/features_conch_v1_5_monai...

Fold 25 (FGE): train=77, val=14, test=21
Fold 25: base convergido (val_auc=0.6727), iniciando ciclos FGE...
Fold 25: 2 snapshots FGE (val_auc por snapshot: 0.6545, 0.5818)
Cargando features de /home/JKP6679/Patho-Ensemble/PARADIS/datos/features/cptac_brca/features_conch_v1_5_monai...

Fold 26 (FGE): train=77, val=13, test=22
Fold 26: base convergido (val_auc=0.9091), iniciando ciclos FGE...
Fold 26: 2 snapshots FGE (val_auc por snapshot: 0.7818, 0.7818)
Cargando features de /home/JKP6679/Patho-Ensemble/PARADIS/datos/features/cptac_brca/features_conch_v1_5_monai...

Fold 27 (FGE): train=77, val=14, test=21
Fold 27: base convergido (val_auc=0.7083), iniciando ciclos FGE...
Fold 27: 3 snapshots FGE (val_auc por snapshot: 0.5833, 0.6042, 0.5625)
Cargando features de /home/JKP6679/Patho-Ensemble/PARADIS/datos/features/cptac_brca/features_conch_v1_5_monai...

Fold 28 (FGE): train=79, val=13, test=20
Fold 28: base convergido (val_auc=0.8281), iniciando ciclos FGE...
Fold 28: 3 snapshots FGE (val_auc por snapshot: 0.7969, 0.8125, 0.8125)
Cargando features de /home/JKP6679/Patho-Ensemble/PARADIS/datos/features/cptac_brca/features_conch_v1_5_monai...

Fold 29 (FGE): train=77, val=13, test=22
Fold 29: base convergido (val_auc=0.9833), iniciando ciclos FGE...
Fold 29: 3 snapshots FGE (val_auc por snapshot: 0.9000, 0.9333, 0.8833)
Cargando features de /home/JKP6679/Patho-Ensemble/PARADIS/datos/features/cptac_brca/features_conch_v1_5_monai...

Fold 30 (FGE): train=75, val=16, test=21
Fold 30: base convergido (val_auc=0.8704), iniciando ciclos FGE...
Fold 30: 5 snapshots FGE (val_auc por snapshot: 0.5741, 0.6481, 0.7407, 0.7778, 0.7037)
Cargando features de /home/JKP6679/Patho-Ensemble/PARADIS/datos/features/cptac_brca/features_conch_v1_5_monai...

Fold 31 (FGE): train=77, val=14, test=21
Fold 31: base convergido (val_auc=0.7636), iniciando ciclos FGE...
Fold 31: 2 snapshots FGE (val_auc por snapshot: 0.6727, 0.4364)
Cargando features de /home/JKP6679/Patho-Ensemble/PARADIS/datos/features/cptac_brca/features_conch_v1_5_monai...

Fold 32 (FGE): train=77, val=14, test=21
Fold 32: base convergido (val_auc=0.9091), iniciando ciclos FGE...
Fold 32: 2 snapshots FGE (val_auc por snapshot: 0.9273, 0.8909)
Cargando features de /home/JKP6679/Patho-Ensemble/PARADIS/datos/features/cptac_brca/features_conch_v1_5_monai...

Fold 33 (FGE): train=74, val=15, test=23
Fold 33: base convergido (val_auc=1.0000), iniciando ciclos FGE...
Fold 33: 2 snapshots FGE (val_auc por snapshot: 0.9259, 0.7963)
Cargando features de /home/JKP6679/Patho-Ensemble/PARADIS/datos/features/cptac_brca/features_conch_v1_5_monai...

Fold 34 (FGE): train=75, val=14, test=23
Fold 34: base convergido (val_auc=0.9464), iniciando ciclos FGE...
Fold 34: 2 snapshots FGE (val_auc por snapshot: 1.0000, 0.9821)
Cargando features de /home/JKP6679/Patho-Ensemble/PARADIS/datos/features/cptac_brca/features_conch_v1_5_monai...

Fold 35 (FGE): train=75, val=15, test=22
Fold 35: base convergido (val_auc=1.0000), iniciando ciclos FGE...
Fold 35: 3 snapshots FGE (val_auc por snapshot: 0.9815, 1.0000, 0.9630)
Cargando features de /home/JKP6679/Patho-Ensemble/PARADIS/datos/features/cptac_brca/features_conch_v1_5_monai...

Fold 36 (FGE): train=78, val=14, test=20
Fold 36: base convergido (val_auc=1.0000), iniciando ciclos FGE...
Fold 36: 4 snapshots FGE (val_auc por snapshot: 0.8571, 0.8413, 0.8730, 0.8730)
Cargando features de /home/JKP6679/Patho-Ensemble/PARADIS/datos/features/cptac_brca/features_conch_v1_5_monai...

Fold 37 (FGE): train=75, val=15, test=22
Fold 37: base convergido (val_auc=0.9107), iniciando ciclos FGE...
Fold 37: 4 snapshots FGE (val_auc por snapshot: 0.8571, 0.8036, 0.9286, 0.8393)
Cargando features de /home/JKP6679/Patho-Ensemble/PARADIS/datos/features/cptac_brca/features_conch_v1_5_monai...

Fold 38 (FGE): train=76, val=14, test=22
Fold 38: base convergido (val_auc=0.8667), iniciando ciclos FGE...
Fold 38: 3 snapshots FGE (val_auc por snapshot: 0.7333, 0.7667, 0.7000)
Cargando features de /home/JKP6679/Patho-Ensemble/PARADIS/datos/features/cptac_brca/features_conch_v1_5_monai...

Fold 39 (FGE): train=75, val=15, test=22
Fold 39: base convergido (val_auc=0.8148), iniciando ciclos FGE...
Fold 39: 3 snapshots FGE (val_auc por snapshot: 0.7963, 0.8333, 0.7037)
Cargando features de /home/JKP6679/Patho-Ensemble/PARADIS/datos/features/cptac_brca/features_conch_v1_5_monai...

Fold 40 (FGE): train=77, val=15, test=20
Fold 40: base convergido (val_auc=0.8125), iniciando ciclos FGE...
Fold 40: 2 snapshots FGE (val_auc por snapshot: 0.7917, 0.6667)
Cargando features de /home/JKP6679/Patho-Ensemble/PARADIS/datos/features/cptac_brca/features_conch_v1_5_monai...

Fold 41 (FGE): train=74, val=16, test=22
Fold 41: base convergido (val_auc=1.0000), iniciando ciclos FGE...
Fold 41: 2 snapshots FGE (val_auc por snapshot: 1.0000, 1.0000)
Cargando features de /home/JKP6679/Patho-Ensemble/PARADIS/datos/features/cptac_brca/features_conch_v1_5_monai...

Fold 42 (FGE): train=76, val=16, test=20
Fold 42: base convergido (val_auc=0.8542), iniciando ciclos FGE...
Fold 42: 4 snapshots FGE (val_auc por snapshot: 0.6042, 0.7083, 0.7500, 0.7083)
Cargando features de /home/JKP6679/Patho-Ensemble/PARADIS/datos/features/cptac_brca/features_conch_v1_5_monai...

Fold 43 (FGE): train=77, val=14, test=21
Fold 43: base convergido (val_auc=0.8333), iniciando ciclos FGE...
Fold 43: 5 snapshots FGE (val_auc por snapshot: 0.7083, 0.7917, 0.8125, 0.8333, 0.8125)
Cargando features de /home/JKP6679/Patho-Ensemble/PARADIS/datos/features/cptac_brca/features_conch_v1_5_monai...

Fold 44 (FGE): train=78, val=14, test=20
Fold 44: base convergido (val_auc=0.9375), iniciando ciclos FGE...
Fold 44: 2 snapshots FGE (val_auc por snapshot: 0.9792, 0.9167)
Cargando features de /home/JKP6679/Patho-Ensemble/PARADIS/datos/features/cptac_brca/features_conch_v1_5_monai...

Fold 45 (FGE): train=75, val=15, test=22
Fold 45: base convergido (val_auc=0.8519), iniciando ciclos FGE...
Fold 45: 3 snapshots FGE (val_auc por snapshot: 0.8519, 0.8889, 0.8148)
Cargando features de /home/JKP6679/Patho-Ensemble/PARADIS/datos/features/cptac_brca/features_conch_v1_5_monai...

Fold 46 (FGE): train=77, val=14, test=21
Fold 46: base convergido (val_auc=0.9744), iniciando ciclos FGE...
Fold 46: 3 snapshots FGE (val_auc por snapshot: 0.9487, 1.0000, 1.0000)
Cargando features de /home/JKP6679/Patho-Ensemble/PARADIS/datos/features/cptac_brca/features_conch_v1_5_monai...

Fold 47 (FGE): train=75, val=13, test=24
Fold 47: base convergido (val_auc=0.9643), iniciando ciclos FGE...
Fold 47: 4 snapshots FGE (val_auc por snapshot: 0.7500, 0.6964, 0.7500, 0.6786)
Cargando features de /home/JKP6679/Patho-Ensemble/PARADIS/datos/features/cptac_brca/features_conch_v1_5_monai...

Fold 48 (FGE): train=76, val=14, test=22
Fold 48: base convergido (val_auc=0.7273), iniciando ciclos FGE...
Fold 48: 5 snapshots FGE (val_auc por snapshot: 0.6364, 0.6727, 0.6545, 0.7273, 0.7091)
Cargando features de /home/JKP6679/Patho-Ensemble/PARADIS/datos/features/cptac_brca/features_conch_v1_5_monai...

Fold 49 (FGE): train=77, val=13, test=22
Fold 49: base convergido (val_auc=0.9000), iniciando ciclos FGE...
Fold 49: 5 snapshots FGE (val_auc por snapshot: 0.8667, 0.8667, 0.8833, 0.9167, 0.9167)

Calculando métricas de validación (FGE, promedio de snapshots)...

Calculando métricas de test (FGE, promedio de snapshots)...
✅ Métricas FGE de test completadas (50 folds con datos)

✅ FGE training completed
--- [se_trio] meta-features: conch_v1_5 --- Sun Aug 23 01:15:13 CEST 2026
  latent_dim auto-detectado: 768  (de features_conch_v1_5_monai)

============================================================
ABMIL-FGE Test (predicciones sobre train): conch_v1_5
  Dataset: cptac_brca/TP53_mutation
  Latent dim: 768, Num classes: 2, Folds: 50
  Variante FGE: se_trio
============================================================

Cargando features de /home/JKP6679/Patho-Ensemble/PARADIS/datos/features/cptac_brca/features_conch_v1_5_monai...

✅ Predicciones FGE de train generadas para 50/50 folds (0 omitidos por falta de snapshots/datos).

### Comparación pareada — snapshots base vs. ABMIL base
========================================================================================================
SUITE DE METACLASIFICADORES — trío ganador
========================================================================================================
Modelos base : ctranspath + uni_v2 + conch_v1_5
Dataset/tarea: cptac_brca / TP53_mutation
Folds        : 50
Espacios     : ['fge_trio', 'prob', 'se_trio']
Dispositivo  : cuda

Cargando espacio 'fge_trio' ...
  ✓ alineado. Columnas por modelo: {'ctranspath': 2, 'uni_v2': 2, 'conch_v1_5': 2}
  ✓ filas fold_0: train=75 val=15 test=22

Cargando espacio 'prob' ...
  ✓ alineado. Columnas por modelo: {'ctranspath': 2, 'uni_v2': 2, 'conch_v1_5': 2}
  ✓ filas fold_0: train=75 val=15 test=22

Cargando espacio 'se_trio' ...
  ✓ alineado. Columnas por modelo: {'ctranspath': 2, 'uni_v2': 2, 'conch_v1_5': 2}
  ✓ filas fold_0: train=75 val=15 test=22

✓ Todos los brazos comparten exactamente los mismos folds y filas de train/val/test.

>>> prob:logreg
    fold 10/50
    fold 20/50
    fold 30/50
    fold 40/50
    fold 50/50
    AUC=0.7986  bacc=0.7302  macro-F1=0.7294

>>> prob:mlp_snapshot
    fold 10/50
    fold 20/50
    fold 30/50
    fold 40/50
    fold 50/50
    AUC=0.8011  bacc=0.6229  macro-F1=0.5809

>>> fge_trio:logreg
    fold 10/50
    fold 20/50
    fold 30/50
    fold 40/50
    fold 50/50
    AUC=0.8006  bacc=0.7422  macro-F1=0.7403

>>> fge_trio:mlp_snapshot
    fold 10/50
    fold 20/50
    fold 30/50
    fold 40/50
    fold 50/50
    AUC=0.8007  bacc=0.6970  macro-F1=0.6865

>>> se_trio:logreg
    fold 10/50
    fold 20/50
    fold 30/50
    fold 40/50
    fold 50/50
    AUC=0.8000  bacc=0.7262  macro-F1=0.7250

>>> se_trio:mlp_snapshot
    fold 10/50
    fold 20/50
    fold 30/50
    fold 40/50
    fold 50/50
    AUC=0.7986  bacc=0.7024  macro-F1=0.6950

======================================================
RESUMEN A — capacidad de ORDENACIÓN (independiente del umbral)
======================================================
Configuración                          auc          ap
------------------------------------------------------
prob:logreg                         0.7986      0.7494
prob:mlp_snapshot                   0.8011      0.7554
fge_trio:logreg                     0.8006      0.7575
fge_trio:mlp_snapshot               0.8007      0.7561
se_trio:logreg                      0.8000      0.7511
se_trio:mlp_snapshot                0.7986      0.7550
------------------------------------------------------
auc=macro-OvR AUC · ap=average precision (PR-AUC, la métrica de ordenación
que más pesa bajo desbalance porque ignora los verdaderos negativos)

==========================================================================================
RESUMEN B — DECISIÓN con umbral 0.5 (argmax; el criterio de ensemble4.py)
==========================================================================================
Configuración                          acc        bacc    macro_f1      f1_pos       kappa
------------------------------------------------------------------------------------------
prob:logreg                         0.7446      0.7302      0.7294      0.6721      0.4629
prob:mlp_snapshot                   0.6821      0.6229      0.5809      0.3900      0.2551
fge_trio:logreg                     0.7542      0.7422      0.7403      0.6872      0.4845
fge_trio:mlp_snapshot               0.7222      0.6970      0.6865      0.6019      0.4037
se_trio:logreg                      0.7396      0.7262      0.7250      0.6673      0.4528
se_trio:mlp_snapshot                0.7236      0.7024      0.6950      0.6206      0.4120
------------------------------------------------------------------------------------------
acc=accuracy · bacc=balanced accuracy · macro_f1=F1 macro · f1_pos=F1 de la clase mutada
kappa=Cohen. Con 40.2 % de positivos, predecir siempre la clase mayoritaria da acc=0.598,
bacc=0.500, macro_f1=0.374 y kappa=0.000: ésa es la referencia degenerada.

==========================================================================================
RESUMEN C — DECISIÓN con umbral ajustado en VALIDACIÓN (máx. bacc)
==========================================================================================
Configuración                        acc_t      bacc_t  macro_f1_t    f1_pos_t     kappa_t
------------------------------------------------------------------------------------------
prob:logreg                         0.7261      0.7198      0.7105      0.6627      0.4344
prob:mlp_snapshot                   0.7232      0.7098      0.7028      0.6403      0.4199
fge_trio:logreg                     0.7255      0.7230      0.7125      0.6739      0.4390
fge_trio:mlp_snapshot               0.7267      0.7208      0.7116      0.6648      0.4362
se_trio:logreg                      0.7315      0.7339      0.7203      0.6885      0.4566
se_trio:mlp_snapshot                0.7208      0.7210      0.7088      0.6702      0.4315
------------------------------------------------------------------------------------------
Mismas métricas, con el umbral elegido en val en vez de fijado a 0.5.
La diferencia B→C separa un fallo de ORDENACIÓN de un fallo de CORTE.

Umbral medio elegido en validación:
  prob:logreg                    0.442  (mediana 0.453)
  prob:mlp_snapshot              0.440  (mediana 0.433)
  fge_trio:logreg                0.410  (mediana 0.426)
  fge_trio:mlp_snapshot          0.436  (mediana 0.458)
  se_trio:logreg                 0.364  (mediana 0.364)
  se_trio:mlp_snapshot           0.412  (mediana 0.411)

========================================================================================================
PAREADO: prob:mlp_snapshot  vs  prob:logreg  (baseline recalculado en esta misma pasada)
========================================================================================================
Métrica        Δ medio                  IC 95%       G/E/P        p   p Holm      MDE
--------------------------------------------------------------------------------------------------------
auc            +0.0024      [-0.0025, +0.0074]     21/7/22   0.2717   1.0000   0.0071
ap             +0.0059      [-0.0029, +0.0148]     27/3/20   0.2079   1.0000   0.0131
acc            -0.0625      [-0.0925, -0.0345]    11/12/27   0.0004   0.0029   0.0425 *
bacc           -0.1073      [-0.1460, -0.0704]     10/5/35   0.0000   0.0000   0.0546 *
macro_f1       -0.1485      [-0.2004, -0.0987]     10/5/35   0.0000   0.0000   0.0741 *
f1_pos         -0.2821      [-0.3720, -0.1959]     10/5/35   0.0000   0.0000   0.1278 *
kappa          -0.2079      [-0.2874, -0.1331]     10/5/35   0.0000   0.0001   0.1116 *
acc_t          -0.0029      [-0.0183, +0.0123]    16/18/16   0.8588   1.0000   0.0220
bacc_t         -0.0100      [-0.0273, +0.0060]    13/18/19   0.4211   1.0000   0.0239
macro_f1_t     -0.0077      [-0.0268, +0.0097]    16/17/17   0.4803   1.0000   0.0262
f1_pos_t       -0.0224      [-0.0503, +0.0012]    12/18/20   0.1553   1.0000   0.0370
kappa_t        -0.0145      [-0.0477, +0.0165]    15/17/18   0.4584   1.0000   0.0463
--------------------------------------------------------------------------------------------------------

========================================================================================================
PAREADO: fge_trio:logreg  vs  prob:logreg  (baseline recalculado en esta misma pasada)
========================================================================================================
Métrica        Δ medio                  IC 95%       G/E/P        p   p Holm      MDE
--------------------------------------------------------------------------------------------------------
auc            +0.0020      [-0.0161, +0.0196]     22/2/26   0.6666   1.0000   0.0261
ap             +0.0081      [-0.0147, +0.0307]     25/0/25   0.5918   1.0000   0.0329
acc            +0.0096      [-0.0127, +0.0318]     23/8/19   0.3778   1.0000   0.0321
bacc           +0.0119      [-0.0124, +0.0363]     24/6/20   0.2453   1.0000   0.0343
macro_f1       +0.0109      [-0.0132, +0.0347]     24/6/20   0.2936   1.0000   0.0350
f1_pos         +0.0150      [-0.0166, +0.0461]     23/6/21   0.2830   1.0000   0.0454
kappa          +0.0215      [-0.0259, +0.0690]     24/6/20   0.2990   1.0000   0.0687
acc_t          -0.0006      [-0.0319, +0.0320]     18/9/23   0.9020   1.0000   0.0457
bacc_t         +0.0032      [-0.0267, +0.0344]     18/6/26   0.8840   1.0000   0.0441
macro_f1_t     +0.0020      [-0.0313, +0.0358]     18/6/26   0.9674   1.0000   0.0484
f1_pos_t       +0.0113      [-0.0262, +0.0529]     16/6/28   0.7483   1.0000   0.0582
kappa_t        +0.0047      [-0.0575, +0.0664]     18/6/26   0.8656   1.0000   0.0901
--------------------------------------------------------------------------------------------------------

========================================================================================================
PAREADO: fge_trio:mlp_snapshot  vs  prob:logreg  (baseline recalculado en esta misma pasada)
========================================================================================================
Métrica        Δ medio                  IC 95%       G/E/P        p   p Holm      MDE
--------------------------------------------------------------------------------------------------------
auc            +0.0021      [-0.0163, +0.0207]     24/2/24   0.7119   1.0000   0.0266
ap             +0.0067      [-0.0162, +0.0303]     24/0/26   0.6806   1.0000   0.0329
acc            -0.0224      [-0.0488, +0.0027]     15/9/26   0.1050   0.8397   0.0369
bacc           -0.0333      [-0.0593, -0.0067]     14/2/34   0.0228   0.2276   0.0377
macro_f1       -0.0429      [-0.0749, -0.0126]     14/2/34   0.0178   0.1961   0.0450
f1_pos         -0.0703      [-0.1138, -0.0277]     13/3/34   0.0060   0.0724   0.0623
kappa          -0.0592      [-0.1102, -0.0070]     14/2/34   0.0383   0.3445   0.0739
acc_t          +0.0006      [-0.0283, +0.0304]     20/8/22   0.8121   1.0000   0.0423
bacc_t         +0.0009      [-0.0282, +0.0310]     20/3/27   0.7429   1.0000   0.0432
macro_f1_t     +0.0011      [-0.0304, +0.0328]     20/3/27   0.9283   1.0000   0.0458
f1_pos_t       +0.0021      [-0.0362, +0.0455]     17/3/30   0.4620   1.0000   0.0585
kappa_t        +0.0019      [-0.0551, +0.0628]     20/3/27   0.7914   1.0000   0.0855
--------------------------------------------------------------------------------------------------------

========================================================================================================
PAREADO: se_trio:logreg  vs  prob:logreg  (baseline recalculado en esta misma pasada)
========================================================================================================
Métrica        Δ medio                  IC 95%       G/E/P        p   p Holm      MDE
--------------------------------------------------------------------------------------------------------
auc            +0.0013      [-0.0166, +0.0194]     24/4/22   0.8270   1.0000   0.0259
ap             +0.0017      [-0.0218, +0.0252]     27/2/21   0.8616   1.0000   0.0340
acc            -0.0050      [-0.0270, +0.0176]    17/14/19   0.5449   1.0000   0.0319
bacc           -0.0041      [-0.0277, +0.0183]    18/11/21   0.6499   1.0000   0.0335
macro_f1       -0.0044      [-0.0281, +0.0198]    18/11/21   0.6302   1.0000   0.0340
f1_pos         -0.0048      [-0.0346, +0.0255]    19/11/20   0.6856   1.0000   0.0436
kappa          -0.0102      [-0.0561, +0.0354]    18/11/21   0.5911   1.0000   0.0673
acc_t          +0.0054      [-0.0211, +0.0336]    20/12/18   0.8674   1.0000   0.0392
bacc_t         +0.0141      [-0.0123, +0.0409]     25/4/21   0.4219   1.0000   0.0381
macro_f1_t     +0.0098      [-0.0196, +0.0391]     25/4/21   0.6581   1.0000   0.0425
f1_pos_t       +0.0258      [-0.0091, +0.0639]     24/4/22   0.3531   1.0000   0.0527
kappa_t        +0.0222      [-0.0311, +0.0770]     25/4/21   0.5663   1.0000   0.0770
--------------------------------------------------------------------------------------------------------

========================================================================================================
PAREADO: se_trio:mlp_snapshot  vs  prob:logreg  (baseline recalculado en esta misma pasada)
========================================================================================================
Métrica        Δ medio                  IC 95%       G/E/P        p   p Holm      MDE
--------------------------------------------------------------------------------------------------------
auc            -0.0001      [-0.0200, +0.0192]     24/4/22   0.9130   1.0000   0.0283
ap             +0.0055      [-0.0169, +0.0285]     26/2/22   0.7273   1.0000   0.0329
acc            -0.0210      [-0.0471, +0.0038]    18/10/22   0.0862   0.6898   0.0372
bacc           -0.0278      [-0.0540, -0.0012]     18/4/28   0.0359   0.3591   0.0382
macro_f1       -0.0344      [-0.0648, -0.0051]     18/4/28   0.0289   0.3177   0.0440
f1_pos         -0.0515      [-0.0931, -0.0106]     18/4/28   0.0177   0.2129   0.0590
kappa          -0.0510      [-0.1016, +0.0003]     18/4/28   0.0456   0.4101   0.0740
acc_t          -0.0053      [-0.0321, +0.0221]     19/9/22   0.4879   1.0000   0.0399
bacc_t         +0.0012      [-0.0274, +0.0305]     21/5/24   0.8744   1.0000   0.0424
macro_f1_t     -0.0017      [-0.0319, +0.0288]     21/5/24   0.7306   1.0000   0.0442
f1_pos_t       +0.0075      [-0.0314, +0.0490]     20/5/25   0.7605   1.0000   0.0581
kappa_t        -0.0029      [-0.0597, +0.0546]     21/5/24   0.7477   1.0000   0.0819
--------------------------------------------------------------------------------------------------------

✅ Resultados escritos en /home/JKP6679/Patho-Ensemble/results_snapshot_base_cptac_brca_TP53_mutation.json

================================================================================
✅ COMPLETADO — Sun Aug 23 01:17:39 CEST 2026
================================================================================
